Filename;Genotype;Replicate;DPI;Total_Pixels;Healthy_Perc;Chlorosis_Perc;Necrosis_Perc;Morph_Area;Morph_Perimeter;Major_Axis;Minor_Axis;Aspect_Ratio;Circularity;Solidity
1_R1_1dpi.jpg;1;1;1;170150;97.4805;1.6585;0.6917;169572.5;1678.52;509.33;428.03;1.1899;0.7563;0.995
1_R1_3dpi.jpg;1;1;3;185031;97.0248;1.984;0.8269;184961.5;1779.52;514.9;471.11;1.0929;0.734;0.9941
1_R1_5dpi.jpg;1;1;5;173111;99.7395;0.1808;0.0618;172418.5;1592.66;501.55;448.17;1.1191;0.8542;0.9949
1_R1_8dpi.jpg;1;1;8;185529;99.3974;0.5045;0.0609;184729;2101.03;516;457.82;1.1271;0.5259;0.9832
1_R2_1dpi.jpg;1;2;1;96965;98.8419;0.7704;0.0918;96658;1504.99;489.78;264.83;1.8494;0.5363;0.9844
1_R2_3dpi.jpg;1;2;3;92780;99.765;0.0992;0.0129;92224;1422.1;487.57;253.52;1.9232;0.573;0.9674
1_R2_5dpi.jpg;1;2;5;97482;99.92;0.078;0;96930;1347.96;471.25;274.49;1.7168;0.6704;0.9704
1_R2_8dpi.jpg;1;2;8;92924;41.1455;51.3473;7.4964;92352;1412.04;456.31;270.29;1.6883;0.5821;0.9679
1_R3_1dpi.jpg;1;3;1;162156;99.3352;0.2763;0.3515;161497.5;1592.52;541.03;385.04;1.4051;0.8002;0.9958
1_R3_3dpi.jpg;1;3;3;167573;99.6061;0.2864;0.0734;166873.5;1625.29;544.15;393.46;1.383;0.7938;0.9945
1_R3_5dpi.jpg;1;3;5;162469;99.395;0.4856;0.1163;161707.5;1692.29;541.64;383.59;1.412;0.7096;0.9909
1_R3_8dpi.jpg;1;3;8;167112;96.2845;1.6031;2.092;166463.5;1589.35;538.18;398.47;1.3506;0.8281;0.9965
2_R2_1dpi.JPG;2;2;1;126127;99.9865;0.0032;0.0024;127817.5;1767.16;581.24;280.93;2.069;0.5143;0.9602
2_R2_3dpi.jpg;2;2;3;131186;99.5457;0.2637;0.0427;131256;2019.05;612.35;281.88;2.1724;0.4046;0.9626
2_R2_5dpi.jpg;2;2;5;130470;99.5846;0.1518;0.2238;132652.5;2263.69;592.46;285.85;2.0726;0.3253;0.9587
2_R2_8dpi.jpg;2;2;8;124868;95.7235;2.7317;1.54;125082.5;1871.3;593.58;288.78;2.0555;0.4489;0.9424
2_R3_1dpi.jpg;2;3;1;166191;99.5632;0.3135;0.0909;165481.5;1722.94;491.1;433.49;1.1329;0.7005;0.9898
2_R3_3dpi.jpg;2;3;3;177608;99.3812;0.1841;0.3907;176976;1735.58;518.97;434.53;1.1943;0.7383;0.9708
2_R3_5dpi.jpg;2;3;5;182190;98.5718;0.4814;0.9369;181709.5;1810.65;531.57;440.76;1.206;0.6965;0.9732
2_R3_8dpi.jpg;2;3;8;179189;74.7607;12.4784;12.114;179613;2008.17;536.69;429.32;1.2501;0.5597;0.9737
3_R1_1dpi.jpg;3;1;1;113684;98.2733;1.2737;0.3976;113219;1345.97;399.72;363.32;1.1002;0.7853;0.992
3_R1_3dpi.jpg;3;1;3;128844;96.6362;2.0358;1.2302;128504;1715.96;422.85;394.86;1.0709;0.5484;0.9864
3_R1_5dpi.jpg;3;1;5;123064;94.4728;2.6385;2.8709;122477;1389.31;416.83;375.69;1.1095;0.7974;0.974
3_R1_8dpi.jpg;3;1;8;120911;35.3855;38.8162;25.6164;120985;1587.82;420.96;376.78;1.1173;0.603;0.9811
3_R2_1dpi.jpg;3;2;1;113489;99.5163;0.3481;0.0326;112840.5;1582.95;407.84;360.45;1.1315;0.5659;0.9728
3_R2_3dpi.jpg;3;2;3;111278;98.9396;0.0845;0.1797;111595;1500.54;414.32;354.51;1.1687;0.6228;0.9785
3_R2_5dpi.jpg;3;2;5;120984;80.085;6.0834;13.7291;120457;1409.37;424.92;369.31;1.1506;0.7621;0.9762
3_R2_8dpi.jpg;3;2;8;108605;22.2494;28.0696;49.6754;112336;1340.6;419.7;342.65;1.2249;0.7855;0.9889
3_R3_1dpi.jpg;3;3;1;114647;99.0807;0.6219;0.2564;114000.5;1809.34;418.61;334.38;1.2519;0.4376;0.9597
3_R3_3dpi.jpg;3;3;3;128390;93.6101;5.0183;1.2454;128186.5;1462.3;466.73;361.4;1.2914;0.7533;0.9703
3_R3_5dpi.jpg;3;3;5;118872;50.2843;41.7735;7.9346;122893.5;1558.95;462.51;350.3;1.3203;0.6354;0.9624
3_R3_8dpi.jpg;3;3;8;119540;0.0218;0.7504;98.6122;119639;2084.72;461.96;349.57;1.3215;0.3459;0.9515
4_R1_1dpi.jpg;4;1;1;142816;99.1717;0.4978;0.2647;142177.5;1603.11;452.27;404.17;1.119;0.6952;0.9888
4_R1_3dpi.jpg;4;1;3;147590;98.1361;1.2704;0.4682;147077;1767.01;441.92;416.57;1.0609;0.5919;0.9892
4_R1_5dpi.jpg;4;1;5;137575;99.771;0.1817;0.0138;136956;1455.27;438.33;399.16;1.0981;0.8126;0.9908
4_R1_8dpi.jpg;4;1;8;141799;99.1319;0.7722;0.0663;141339;1538.33;439.69;407.99;1.0777;0.7505;0.9944
4_R2_1dpi.jpg;4;2;1;187627;99.0769;0.1695;0.5383;187028;2057.69;539.79;444.34;1.2148;0.5551;0.9895
4_R2_3dpi.jpg;4;2;3;185304;99.6525;0.0615;0.1203;184689.5;1842.05;518.13;456.79;1.1343;0.684;0.99
4_R2_5dpi.jpg;4;2;5;199633;99.9038;0.0636;0.0245;198974;1855.12;539.53;472.51;1.1418;0.7265;0.9947
4_R2_8dpi.jpg;4;2;8;187118;99.3908;0.5318;0.0705;186524.5;1799.36;528.19;456.96;1.1559;0.7239;0.994
4_R3_1dpi.jpg;4;3;1;251938;99.8365;0.1099;0.0472;250999;1974.44;620.21;522.28;1.1875;0.8091;0.9932
4_R3_3dpi.jpg;4;3;3;266886;99.9524;0.0393;0.0056;265941;2148.75;621.37;552.01;1.1257;0.7238;0.991
4_R3_5dpi.jpg;4;3;5;263580;99.9655;0.0315;0.0019;262886;2064.61;636.15;542.05;1.1736;0.775;0.9849
4_R3_8dpi.jpg;4;3;8;261485;96.6633;2.5118;0.7129;260627;2134.35;629.48;540.58;1.1645;0.7189;0.9907
5_R1_1dpi.JPG;5;1;1;138029;99.7827;0.1978;0.0174;137392.5;1434.18;479.47;364.41;1.3157;0.8394;0.9889
5_R1_3dpi.jpg;5;1;3;139346;99.7;0.2009;0.0675;138684.5;1486.4;477.5;372.22;1.2828;0.7888;0.99
5_R1_5dpi.jpg;5;1;5;133364;99.6393;0.2789;0.0532;132737;1451.33;463.53;362.91;1.2773;0.7919;0.9941
5_R1_8dpi.jpg;5;1;8;136259;95.4763;3.657;0.4205;136232.5;1597.09;476.92;367.33;1.2983;0.6712;0.9934
5_R2_1dpi.jpg;5;2;1;98529;98.1934;0.2801;1.022;98008.5;1694.85;419.09;303.38;1.3814;0.4288;0.9819
5_R2_3dpi.jpg;5;2;3;123843;97.8344;0.1235;0.688;123281.5;2143.53;450.67;350.85;1.2845;0.3372;0.9761
5_R2_5dpi.jpg;5;2;5;138039;99.808;0.1536;0.0188;137436;1521.05;472.95;375.01;1.2612;0.7465;0.9945
5_R2_8dpi.jpg;5;2;8;131049;93.1552;6.5594;0.2617;130460;1637.16;468.85;361.47;1.297;0.6117;0.9923
5_R3_1dpi.jpg;5;3;1;60611;99.8185;0.1584;0.0165;60197;959.44;310.14;249.71;1.242;0.8218;0.9931
5_R3_3dpi.jpg;5;3;3;63558;99.7152;0.2706;0.0047;63136;986.06;315.67;256.96;1.2285;0.816;0.9924
5_R3_5dpi.jpg;5;3;5;63914;99.6339;0.3646;0;63497;982.21;317.81;257.13;1.236;0.8271;0.9895
5_R3_8dpi.jpg;5;3;8;63018;93.0337;2.0819;4.8478;62577.5;1050.73;315.52;255.44;1.2352;0.7123;0.9909
6_R1_1dpi.jpg;6;1;1;126067;99.716;0.1912;0.0825;125475;1385.77;430.26;383;1.1234;0.8211;0.9959
6_R1_3dpi.jpg;6;1;3;132961;95.3407;2.9385;1.6832;132384;1386.74;433.92;397.92;1.0905;0.8651;0.9916
6_R1_5dpi.jpg;6;1;5;128345;52.5186;16.6473;30.6993;127828;1387.94;432.69;383.18;1.1292;0.8339;0.9909
6_R1_8dpi.jpg;6;1;8;134203;17.1911;24.0248;58.4898;133523.5;1880.84;432.69;397.25;1.0892;0.4743;0.9809
6_R2_1dpi.jpg;6;2;1;105593;99.4943;0.321;0.0417;104965.5;1601.26;430.92;315.89;1.3642;0.5144;0.9839
6_R2_3dpi.jpg;6;2;3;112753;99.7082;0.0922;0.0532;112075;1486.91;442.54;335.37;1.3196;0.637;0.9819
6_R2_5dpi.jpg;6;2;5;119298;99.8022;0.1819;0;118774;1400.76;453.84;343.74;1.3203;0.7607;0.9813
6_R2_8dpi.jpg;6;2;8;122749;77.2797;12.0457;10.5915;122127.5;1452.38;449.94;347.12;1.2962;0.7276;0.9895
6_R3_1dpi.jpg;6;3;1;206558;99.6597;0.2614;0.0562;205866.5;1935.62;599.89;444.1;1.3508;0.6905;0.9933
6_R3_3dpi.jpg;6;3;3;227788;99.9451;0.0492;0.0013;226979.5;1856.46;614.75;478.2;1.2855;0.8276;0.9918
6_R3_5dpi.jpg;6;3;5;222664;98.6729;1.1964;0.1226;221848;1992.27;606.55;476.78;1.2722;0.7024;0.9854
6_R3_8dpi.jpg;6;3;8;223971;53.2689;15.3823;31.0714;223389;2017.44;607.95;476.68;1.2754;0.6897;0.9932
7_R1_1dpi.jpg;7;1;1;175796;99.9471;0.0444;0.004;175197;1660.9;494.99;454.88;1.0882;0.7981;0.9852
7_R1_3dpi.jpg;7;1;3;187880;99.9675;0.0213;0.0048;187157.5;1785.56;516.29;460.61;1.1209;0.7377;0.9893
7_R1_5dpi.jpg;7;1;5;185540;99.9968;0.0027;0;184838;1687.52;517.22;459.47;1.1257;0.8156;0.9903
7_R1_8dpi.jpg;7;1;8;192010;99.7677;0.1818;0.026;191220;2154.02;530.74;457.35;1.1605;0.5179;0.9832
7_R2_1dpi.jpg;7;2;1;173849;99.5738;0.2675;0.0725;173244;1966.8;589.06;389.52;1.5123;0.5628;0.9902
7_R2_3dpi.jpg;7;2;3;175308;99.8021;0.0924;0.0046;174580;1850.12;584.93;394.07;1.4843;0.6409;0.9843
7_R2_5dpi.jpg;7;2;5;178462;99.9613;0.0252;0;177759;1701.46;573.7;395.8;1.4495;0.7716;0.9828
7_R2_8dpi.jpg;7;2;8;172171;69.2683;28.718;1.9916;173034;1687.72;578.97;395.25;1.4648;0.7634;0.9918
7_R3_1dpi.jpg;7;3;1;228067;98.9372;0.4985;0.5134;227430.5;1961.88;643.62;466.55;1.3795;0.7425;0.9938
7_R3_3dpi.jpg;7;3;3;221016;98.8625;0.4004;0.7303;220255;1896.58;638;440.72;1.4476;0.7695;0.9911
7_R3_5dpi.jpg;7;3;5;217288;93.2721;3.6366;3.0904;216466;1909.04;648.19;432.85;1.4975;0.7464;0.9937
7_R3_8dpi.jpg;7;3;8;218485;49.8423;19.5702;30.1824;217962.5;1998.31;646.31;440.8;1.4662;0.6859;0.9954
8_R1_1dpi.jpg;8;1;1;66513;99.3655;0.5473;0.0722;66096;1051.34;334.13;257.17;1.2993;0.7514;0.9728
8_R1_3dpi.jpg;8;1;3;66970;99.8133;0.1344;0.0388;66536;1034.17;332.03;254.37;1.3053;0.7818;0.9839
8_R1_5dpi.jpg;8;1;5;67077;99.9612;0.0373;0;66647;1041;335.63;253.8;1.3224;0.7728;0.9791
8_R1_8dpi.jpg;8;1;8;68411;99.3773;0.5599;0.019;67978;1156.96;337.74;259.64;1.3008;0.6382;0.9759
8_R2_1dpi.jpg;8;2;1;41338;99.5549;0.2347;0.0121;40931.5;981.76;355.51;151.35;2.3489;0.5336;0.9569
8_R2_3dpi.jpg;8;2;3;42420;99.5073;0.2829;0.0354;41997.5;1004.16;351.72;156.25;2.251;0.5234;0.9453
8_R2_5dpi.jpg;8;2;5;44249;99.5164;0.2396;0.1672;43856.5;946.85;350.05;160.09;2.1866;0.6147;0.9642
8_R2_8dpi.jpg;8;2;8;44110;98.268;1.7071;0.0204;43704;931.29;357.15;159.03;2.2458;0.6332;0.965
9_R1_1dpi.jpg;9;1;1;182903;99.532;0.3745;0.0672;182271;1697.33;503.64;464.69;1.0838;0.795;0.9907
9_R1_3dpi.jpg;9;1;3;199691;99.5959;0.3245;0.03;199005.5;1741.77;510.25;496.57;1.0275;0.8243;0.9931
9_R1_5dpi.jpg;9;1;5;185027;99.8373;0.1157;0.0384;184334;1632.18;487.41;480.31;1.0148;0.8695;0.9925
9_R1_8dpi.jpg;9;1;8;190555;95.6107;2.996;1.0947;190218.5;2251.93;505.89;485.14;1.0428;0.4714;0.9811
9_R2_1dpi.jpg;9;2;1;120516;98.0152;0.6016;1.17;119754;2166.74;443.51;351.41;1.2621;0.3205;0.97
9_R2_3dpi.jpg;9;2;3;141902;99.6758;0.1036;0.1149;141203;1710.87;516.26;358.1;1.4417;0.6062;0.9882
9_R2_5dpi.jpg;9;2;5;148651;99.7175;0.1924;0.0525;148340;1785.7;517.41;366.04;1.4135;0.5846;0.9894
9_R2_8dpi.jpg;9;2;8;154005;99.1013;0.7935;0.098;153433.5;1648.8;510.34;390.14;1.3081;0.7092;0.9713
9_R3_1dpi.jpg;9;3;1;90727;99.8931;0.0838;0.0165;90190;1210.66;387.63;305.72;1.2679;0.7733;0.9852
9_R3_3dpi.jpg;9;3;3;94780;99.7215;0.2458;0.0211;94258;1231.06;390.31;323.77;1.2055;0.7816;0.9837
9_R3_5dpi.jpg;9;3;5;92508;99.9243;0.0735;0;91968.5;1246.82;390.53;306.45;1.2744;0.7434;0.9853
9_R3_8dpi.jpg;9;3;8;91899;93.5505;3.925;2.494;91417;1200.83;373.01;341.87;1.0911;0.7967;0.9914
10_R1_1dpi.jpg;10;1;1;86086;98.9627;0.6563;0.3648;85635;1170.74;395.26;278.93;1.4171;0.7851;0.9901
10_R1_3dpi.jpg;10;1;3;98746;93.6078;3.67;2.5307;98393.5;1407.38;429.89;309.66;1.3883;0.6242;0.9869
10_R1_5dpi.jpg;10;1;5;86815;90.4936;4.505;4.9415;86273.5;1221.7;408.31;279.03;1.4634;0.7264;0.9888
10_R1_8dpi.jpg;10;1;8;95439;47.3433;26.2628;26.0135;95649.5;1667.09;432.94;309.13;1.4005;0.4325;0.9871
10_R2_1dpi.jpg;10;2;1;174110;97.7824;0.7782;1.3003;173904.5;2013.93;489.49;458.56;1.0674;0.5388;0.987
10_R2_3dpi.jpg;10;2;3;173543;99.8202;0.0691;0.0133;172793.5;1764.65;515.08;429.6;1.199;0.6973;0.9884
10_R2_5dpi.jpg;10;2;5;179727;99.9388;0.0584;0;179072;1708.61;527.32;437.01;1.2066;0.7708;0.9883
10_R2_8dpi.jpg;10;2;8;177220;98.9098;1.0597;0.0248;176492.5;1723.88;518.8;435.59;1.191;0.7463;0.9848
10_R3_1dpi.jpg;10;3;1;161478;99.1664;0.5728;0.249;160801.5;1672.91;491.89;431.06;1.1411;0.722;0.9464
10_R3_3dpi.jpg;10;3;3;170975;99.8859;0.1117;0.0018;170290.5;1673.54;491.22;450.37;1.0907;0.7641;0.9618
10_R3_5dpi.jpg;10;3;5;164118;99.9653;0.0335;0;163395;2438.19;495.55;427.15;1.1602;0.3454;0.9466
10_R3_8dpi.jpg;10;3;8;163360;98.9845;0.6587;0.3226;163228;1936.8;497.56;432.14;1.1514;0.5468;0.9509
11_R1_1dpi.jpg;11;1;1;199509;99.4727;0.418;0.0967;198795.5;1713.66;526.17;484.78;1.0854;0.8507;0.9932
11_R1_3dpi.jpg;11;1;3;207444;99.7628;0.1861;0.0313;206713.5;1768.71;532.75;493.88;1.0787;0.8304;0.9915
11_R1_5dpi.jpg;11;1;5;203083;99.8606;0.1093;0.0182;202327;1749.01;533.45;486.31;1.0969;0.8311;0.9923
11_R1_8dpi.jpg;11;1;8;211875;98.24;1.0143;0.4271;212267;2646.93;544.12;504.29;1.079;0.3807;0.9847
11_R2_1dpi.jpg;11;2;1;116678;99.2604;0.3163;0.21;116017;1906.12;448.69;330.81;1.3563;0.4013;0.9851
11_R2_3dpi.jpg;11;2;3;121368;99.4282;0.1351;0.1763;120568;1617.72;454.29;343.23;1.3236;0.5789;0.9838
11_R2_5dpi.jpg;11;2;5;128692;99.906;0.0824;0;128125;1402.04;461.6;356.49;1.2948;0.8191;0.995
11_R2_8dpi.jpg;11;2;8;127210;87.0576;10.8089;2.1264;126691.5;1409.86;461.41;352.87;1.3076;0.801;0.9937
11_R3_1dpi.jpg;11;3;1;179022;99.1185;0.4273;0.3128;178320;1762.08;556.81;417.68;1.3331;0.7217;0.989
11_R3_3dpi.jpg;11;3;3;188559;99.9491;0.0435;0.0011;187838;1706.99;554.42;434.52;1.2759;0.8101;0.9942
11_R3_5dpi.jpg;11;3;5;191031;99.6618;0.3109;0.0241;190321.5;1744.77;556.79;438.9;1.2686;0.7856;0.9908
11_R3_8dpi.jpg;11;3;8;189117;83.7143;8.0178;8.1838;188699.5;1789.11;546.77;439.46;1.2442;0.7408;0.9941
12_R1_1dpi.jpg;12;1;1;97405;99.7936;0.153;0.04;96892;1332.42;406.95;306;1.3299;0.6858;0.9543
12_R1_3dpi.jpg;12;1;3;130244;99.9178;0.066;0.0077;129641;1465.39;428.92;391.35;1.096;0.7587;0.9727
12_R1_5dpi.jpg;12;1;5;131923;99.9682;0.0136;0;131316;1419.17;433.77;390.08;1.112;0.8193;0.9822
12_R1_8dpi.jpg;12;1;8;133649;99.8391;0.1235;0.0105;132980;2094.71;447.72;384.53;1.1643;0.3808;0.9711
12_R2_1dpi.jpg;12;2;1;243592;98.9704;0.5308;0.3567;242383;2549.82;604.74;520.88;1.161;0.4685;0.9806
12_R2_3dpi.jpg;12;2;3;243187;99.56;0.2344;0.1271;242370;2262.89;604.8;525.62;1.1506;0.5948;0.9692
12_R2_5dpi.jpg;12;2;5;257720;99.8359;0.1443;0.0008;256977.5;2103.19;631;522.77;1.207;0.73;0.976
12_R2_8dpi.jpg;12;2;8;249114;96.2583;3.4667;0.2661;248340.5;2356.92;626.14;514.86;1.2161;0.5618;0.9829
12_R3_1dpi.jpg;12;3;1;151728;99.7482;0.147;0.0685;150998.5;1708.14;477;414.5;1.1508;0.6503;0.9567
12_R3_3dpi.jpg;12;3;3;156429;99.7865;0.156;0.0531;155757.5;1604.57;504.85;407.09;1.2401;0.7602;0.9693
12_R3_5dpi.jpg;12;3;5;166318;92.6887;5.7047;1.603;165607.5;1733.68;503.8;428.48;1.1758;0.6924;0.962
12_R3_8dpi.jpg;12;3;8;163144;69.1273;16.9519;12.5202;163584;1630.53;501.12;416.22;1.204;0.7732;0.9804
13_R1_1dpi.jpg;13;1;1;124068;98.6886;1.2122;0.0782;123544.5;1390.29;451.24;351.67;1.2831;0.8032;0.9953
13_R1_3dpi.jpg;13;1;3;131314;99.4448;0.3625;0.1607;130781;1477.1;451.22;370.23;1.2187;0.7532;0.9927
13_R1_5dpi.jpg;13;1;5;135021;99.686;0.2414;0.0341;134448.5;1473.28;450.14;385.28;1.1684;0.7784;0.9881
13_R1_8dpi.jpg;13;1;8;142724;98.7676;0.6986;0.3952;141651.5;2432.56;459.12;401.66;1.1431;0.3008;0.9628
13_R2_1dpi.jpg;13;2;1;190919;99.8083;0.1048;0.0272;189948.5;1916.19;538.3;453.14;1.188;0.6501;0.9892
13_R2_3dpi.jpg;13;2;3;192642;99.8334;0.0836;0.0254;191702.5;1946.82;549.2;447.03;1.2286;0.6356;0.9887
13_R2_5dpi.jpg;13;2;5;198660;99.8903;0.0846;0.0171;197922.5;1744.23;554.39;462.31;1.1992;0.8175;0.9859
13_R2_8dpi.jpg;13;2;8;197531;97.531;1.6792;0.7811;196799.5;1761.4;548.5;459.76;1.193;0.7971;0.9924
13_R3_1dpi.jpg;13;3;1;232772;99.6396;0.1869;0.1628;232014.5;1909.48;607.39;494.37;1.2286;0.7996;0.9955
13_R3_3dpi.jpg;13;3;3;240212;99.8938;0.0724;0.0308;239427;1949.67;615.29;504.29;1.2201;0.7915;0.9952
13_R3_5dpi.jpg;13;3;5;233501;99.3238;0.5546;0.1161;232589;1978.35;617.64;494.58;1.2488;0.7468;0.9935
13_R3_8dpi.jpg;13;3;8;231605;39.9223;48.3975;10.071;231880.5;2485.29;609.36;496.19;1.2281;0.4718;0.9869
14_R1_1dpi.jpg;14;1;1;300879;99.8684;0.1057;0.0239;299781;2233.43;676.73;582.28;1.1622;0.7552;0.9962
14_R1_3dpi.jpg;14;1;3;302165;99.8312;0.0999;0.05;301082;2334.46;688.58;565.3;1.2181;0.6943;0.9899
14_R1_5dpi.jpg;14;1;5;302727;99.7896;0.1437;0.0624;301853;2147;694.95;572.61;1.2136;0.8229;0.9955
14_R1_8dpi.jpg;14;1;8;324575;97.1067;2.152;0.5878;324075.5;2987.94;722.6;576.6;1.2532;0.4562;0.9859
14_R2_1dpi.jpg;14;2;1;169677;98.892;0.1839;0.7585;169090;2230.68;503.6;430.34;1.1702;0.427;0.9868
14_R2_3dpi.jpg;14;2;3;179996;99.4844;0.1089;0.1939;179195;1978.92;509.59;454.08;1.1222;0.575;0.9798
14_R2_5dpi.jpg;14;2;5;191017;99.9508;0.0361;0.0047;190318;1762.35;532.56;458.2;1.1623;0.77;0.9902
14_R2_8dpi.jpg;14;2;8;186132;99.0249;0.9574;0.0102;185423.5;1915.51;525.97;453.75;1.1592;0.635;0.9851
14_R3_1dpi.jpg;14;3;1;156520;98.9573;0.6153;0.3169;155960.5;1564.12;490.64;409.11;1.1993;0.8011;0.9953
14_R3_3dpi.jpg;14;3;3;194076;99.8233;0.1468;0.0119;193322.5;1764.18;580.47;447.51;1.2971;0.7806;0.9636
14_R3_5dpi.jpg;14;3;5;195934;99.8117;0.1567;0.0087;195118;1932.67;577.19;454.97;1.2686;0.6564;0.9669
14_R3_8dpi.jpg;14;3;8;198935;99.0977;0.4157;0.4429;198314.5;1868.12;592.01;459.49;1.2884;0.7141;0.9785
15_R2_1dpi.jpg;15;2;1;140124;99.9215;0.0378;0;139156;1615.56;480.29;375.05;1.2806;0.67;0.9845
15_R2_3dpi.jpg;15;2;3;157353;99.9542;0.014;0;156631.5;1639.86;495.67;411.65;1.2041;0.7319;0.9857
15_R2_5dpi.jpg;15;2;5;148239;99.8401;0.1315;0.0061;147670.5;1734.71;482.34;392.47;1.229;0.6167;0.9814
15_R2_8dpi.jpg;15;2;8;153112;3.8181;30.509;65.667;152404.5;1679.68;489.25;403;1.214;0.6788;0.9882
16_R1_1dpi.jpg;16;1;1;131897;99.9128;0.0728;0.0015;131282.5;1736.43;413.58;410.13;1.0084;0.5471;0.9805
16_R1_3dpi.jpg;16;1;3;129758;99.8405;0.0902;0;129022;1519.19;418.05;392.66;1.0646;0.7025;0.984
16_R1_5dpi.jpg;16;1;5;133120;99.8828;0.0669;0.03;132484.5;1493.67;425.94;414.03;1.0288;0.7462;0.986
16_R1_8dpi.jpg;16;1;8;138550;99.7135;0.2324;0.0217;137846.5;1885.62;454.37;402.51;1.1288;0.4872;0.9804
16_R2_1dpi.jpg;16;2;1;209192;99.0224;0.1817;0.6014;208842.5;2015.65;552.65;491.97;1.1233;0.646;0.9881
16_R2_3dpi.jpg;16;2;3;206897;99.5524;0.1237;0.1735;206257.5;1946.11;555.96;475.12;1.1701;0.6844;0.9784
16_R2_5dpi.jpg;16;2;5;224054;99.9549;0.0446;0;223305.5;1915.97;577.94;500.22;1.1554;0.7644;0.9701
16_R2_8dpi.jpg;16;2;8;217579;91.5143;8.3965;0.0813;216803;2187.88;571.11;495.48;1.1526;0.5692;0.9701
16_R3_1dpi.jpg;16;3;1;112695;99.8713;0.1091;0.0169;112066.5;1457.15;435.78;333.66;1.3061;0.6633;0.9534
16_R3_3dpi.jpg;16;3;3;118044;99.091;0.2279;0.676;117441.5;1429.63;471.18;330.79;1.4244;0.7221;0.9574
16_R3_5dpi.jpg;16;3;5;123012;97.8994;1.0731;1.0235;122387;1498.16;484.55;333.75;1.4518;0.6852;0.9606
16_R3_8dpi.jpg;16;3;8;117224;77.0021;8.0146;14.8929;116748;1501.13;486.56;317.92;1.5305;0.6511;0.9393
17_R1_1dpi.jpg;17;1;1;165315;97.4902;1.0295;1.4367;164654;1602.91;494.64;422.85;1.1698;0.8053;0.9948
17_R1_3dpi.jpg;17;1;3;159618;99.9305;0.0564;0.01;158964;1587.19;489.23;418.18;1.1699;0.793;0.9783
17_R1_5dpi.jpg;17;1;5;154627;99.8131;0.1727;0.0136;153970.5;1545.01;482.37;411.34;1.1727;0.8106;0.9736
17_R1_8dpi.jpg;17;1;8;143662;99.3631;0.4037;0.1991;143864.5;2234.93;464.98;404.19;1.1504;0.3619;0.9763
17_R2_1dpi.jpg;17;2;1;232244;99.2288;0.1386;0.431;231629.5;2514.92;613.69;485.94;1.2629;0.4602;0.9889
17_R2_3dpi.jpg;17;2;3;227628;99.515;0.0628;0.1054;227107;2161.09;603.33;480.64;1.2553;0.6111;0.9908
17_R2_5dpi.jpg;17;2;5;244461;99.1491;0.4933;0.3538;243666;2010.8;627.7;495.82;1.266;0.7573;0.9918
17_R2_8dpi.jpg;17;2;8;225982;37.6291;30.6179;31.7424;225223;2436.58;612.44;470.47;1.3018;0.4767;0.9905
17_R3_1dpi.jpg;17;3;1;152061;99.0754;0.6228;0.2716;151420.5;1526.64;492.81;399.15;1.2347;0.8164;0.9918
17_R3_3dpi.jpg;17;3;3;158024;99.9677;0.0291;0.0013;157356.5;1551.83;505.79;401.81;1.2588;0.8211;0.9847
17_R3_5dpi.jpg;17;3;5;155091;99.7498;0.1715;0.0742;154500.5;1571.15;508.03;392.53;1.2943;0.7865;0.9839
17_R3_8dpi.jpg;17;3;8;157562;92.3294;3.1048;4.5201;156920;1716.04;504.23;400.86;1.2579;0.6696;0.9849
19_R2_1dpi.jpg;19;2;1;137053;98.6881;0.1146;0.8566;136649.5;1738.43;466.32;385.09;1.2109;0.5682;0.9875
19_R2_3dpi.jpg;19;2;3;137523;98.9856;0.1273;0.2872;136815;1964.69;462.04;385.79;1.1976;0.4454;0.9797
19_R2_5dpi.jpg;19;2;5;145864;99.6908;0.2681;0.0096;145255.5;1519.23;485.5;382.33;1.2698;0.7909;0.9887
19_R2_8dpi.jpg;19;2;8;142134;57.5605;40.6792;1.7596;141550.5;1485.78;467.26;380.07;1.2294;0.8058;0.9912
19_R3_1dpi.jpg;19;3;1;179726;99.9633;0.0262;0;178841.5;1785.73;559.62;408.61;1.3696;0.7048;0.9934
19_R3_3dpi.jpg;19;3;3;169238;99.457;0.3297;0.2109;168549;1696.21;581.1;370.65;1.5678;0.7362;0.9938
19_R3_5dpi.jpg;19;3;5;162345;85.8;12.5584;1.6409;161654.5;1620.91;578.48;356.13;1.6244;0.7732;0.9943
19_R3_8dpi.jpg;19;3;8;132234;35.2383;21.859;41.9431;131849;1947.29;551.99;310.02;1.7805;0.4369;0.9715
20_R1_1dpi.jpg;20;1;1;172291;99.8236;0.1573;0.0157;171656;1654.33;525;417.49;1.2575;0.7882;0.9944
20_R1_3dpi.jpg;20;1;3;169766;99.5476;0.2456;0.195;169101;1634.95;514.55;427.73;1.203;0.795;0.9804
20_R1_5dpi.jpg;20;1;5;167458;96.1399;1.5377;2.3068;166797;1615.16;506.14;425.14;1.1905;0.8035;0.9857
20_R1_8dpi.jpg;20;1;8;166523;84.8652;8.7105;6.2051;166007.5;2240.69;507.03;429.08;1.1817;0.4155;0.9736
20_R2_1dpi.jpg;20;2;1;153662;99.4846;0.3716;0.041;153109.5;1800.74;486.21;406.38;1.1964;0.5934;0.9805
20_R2_3dpi.jpg;20;2;3;152615;99.9758;0.0033;0;151924;1620.95;485.46;403.71;1.2025;0.7266;0.9709
20_R2_5dpi.jpg;20;2;5;154685;99.9877;0.0116;0;154098;1651.72;479.66;418.84;1.1452;0.7098;0.9807
20_R2_8dpi.jpg;20;2;8;152632;97.7554;1.5292;0.705;151926.5;1799.77;469.39;420.1;1.1173;0.5894;0.9702
20_R3_1dpi.jpg;20;3;1;44629;99.7266;0.2286;0.0359;44165.5;1074;477.4;135.67;3.5189;0.4812;0.9351
20_R3_3dpi.jpg;20;3;3;48555;99.9918;0.0062;0;48077.5;1082.16;465.22;145.51;3.1972;0.5159;0.9226
20_R3_5dpi.jpg;20;3;5;50850;99.7483;0.2281;0.0236;50347.5;1134.02;489.86;148.81;3.2919;0.492;0.8985
20_R3_8dpi.jpg;20;3;8;49332;99.6392;0.1987;0.1318;48845;1173.4;446.66;151.92;2.9402;0.4458;0.9009
21_R1_1dpi.jpg;21;1;1;136531;99.6001;0.2886;0.0608;135656;1602.59;433.23;402.48;1.0764;0.6638;0.9895
21_R1_3dpi.jpg;21;1;3;98107;68.9737;12.2295;18.487;98049.5;1403.01;401.35;313.92;1.2785;0.6259;0.987
21_R1_5dpi.jpg;21;1;5;77969;4.8083;16.0128;79.0058;77599;1153.12;410.95;257.82;1.594;0.7334;0.9787
21_R1_8dpi.jpg;21;1;8;83591;0.4773;6.3703;92.8019;83476.5;1398.83;409.6;262.59;1.5598;0.5361;0.9709
21_R2_1dpi.jpg;21;2;1;81978;90.9061;0.1915;1.3662;81915.5;1711.48;378.35;277.98;1.3611;0.3514;0.9782
21_R2_3dpi.jpg;21;2;3;65849;77.09;0.0714;1.1177;81973;3037.9;383.5;286.3;1.3395;0.1116;0.8906
21_R2_5dpi.jpg;21;2;5;99636;95.5659;4.1451;0.0181;99148;1331.53;396.27;332.1;1.1933;0.7027;0.9791
21_R2_8dpi.jpg;21;2;8;95582;1.6122;62.0452;36.3416;95096.5;1244.86;407.62;305.24;1.3354;0.7711;0.9717
21_R3_1dpi.jpg;21;3;1;161294;99.318;0.3962;0.2672;160691.5;1584.72;503.77;411.38;1.2246;0.8041;0.9954
21_R3_3dpi.jpg;21;3;3;163763;99.8779;0.0928;0.0171;163095;1585.73;501.17;417.96;1.1991;0.8151;0.9919
21_R3_5dpi.jpg;21;3;5;161550;99.7889;0.1838;0.0229;160851.5;1583.83;505.61;413.86;1.2217;0.8058;0.992
21_R3_8dpi.jpg;21;3;8;155226;80.1451;8.7911;10.5865;155341.5;1755.86;496.45;409.7;1.2117;0.6332;0.988
22_R2_1dpi.jpg;22;2;1;36655;99.1925;0.4147;0.2646;36731.5;889.28;233.45;203.78;1.1456;0.5837;0.9739
22_R2_3dpi.jpg;22;2;3;34535;99.5917;0.1911;0.1158;34169.5;890.93;237.07;190.26;1.246;0.541;0.9684
22_R2_5dpi.jpg;22;2;5;38197;99.5916;0.3246;0.0838;37874;774.75;241.93;202.79;1.193;0.7929;0.9779
22_R2_8dpi.jpg;22;2;8;36399;99.761;0.2308;0.0027;36090.5;748.08;228.74;200.17;1.1427;0.8104;0.9827
22_R3_1dpi.jpg;22;3;1;27087;99.5164;0.2584;0.1587;26884.5;767.03;228.02;158.35;1.44;0.5742;0.9233
22_R3_3dpi.jpg;22;3;3;28756;99.9826;0.0104;0;28457;691.96;234.51;162.62;1.4421;0.7469;0.9593
22_R3_5dpi.jpg;22;3;5;22784;99.9166;0.079;0;25560;937.72;220.76;160.31;1.3771;0.3653;0.9227
22_R3_8dpi.jpg;22;3;8;30542;98.9293;0.8971;0.0033;30249;804.87;250.58;162.2;1.5449;0.5868;0.9472
23_R1_1dpi.jpg;23;1;1;6676;99.1013;0.8688;0;6539.5;321.12;108.92;77.82;1.3996;0.7969;0.9857
23_R1_3dpi.jpg;23;1;3;6497;21.3175;41.65;32.0456;6693;548.36;107.86;80.99;1.3318;0.2797;0.9184
23_R1_5dpi.jpg;23;1;5;2301;2.0426;20.8605;62.06;1706.5;332.63;70.44;39.1;1.8014;0.1938;0.7454
23_R1_8dpi.jpg;23;1;8;5287;0.0189;8.7952;86.7978;7080;333.36;115.72;78.49;1.4744;0.8006;0.9862
23_R3_1dpi.jpg;23;3;1;12345;99.9271;0.0729;0;12161;434.27;144.75;108.27;1.3369;0.8103;0.9892
23_R3_3dpi.jpg;23;3;3;12872;99.8835;0.0932;0;12684;438.96;147.9;112.09;1.3194;0.8272;0.99
23_R3_5dpi.jpg;23;3;5;12896;99.2478;0.7444;0;12706.5;440.37;147.45;111.58;1.3215;0.8234;0.9857
23_R3_8dpi.jpg;23;3;8;13034;98.5116;1.312;0;12847;444.82;149.46;115.08;1.2988;0.8159;0.9887
24_R1_1dpi.jpg;24;1;1;176201;99.9614;0.0261;0;175612;1752.64;525.06;429.97;1.2212;0.7184;0.9946
24_R1_3dpi.jpg;24;1;3;178209;99.9708;0.0247;0;177492;1694.61;548.02;418.96;1.3081;0.7767;0.984
24_R1_5dpi.jpg;24;1;5;170806;99.9889;0.007;0;170098.5;1680.57;534.22;413.33;1.2925;0.7568;0.9787
24_R1_8dpi.jpg;24;1;8;175854;98.8428;1.0406;0.0404;175492;1926.83;540.72;427.93;1.2636;0.594;0.9844
24_R2_1dpi.jpg;24;2;1;218574;99.6894;0.1656;0.0467;217764.5;2226.44;571.66;496.07;1.1524;0.552;0.9906
24_R2_3dpi.jpg;24;2;3;206713;93.0604;0.0987;0.2757;211095.5;2358.18;558.44;488.62;1.1429;0.477;0.9863
24_R2_5dpi.jpg;24;2;5;225866;80.5783;8.6755;10.7342;225232;1885.35;568.23;504.51;1.1263;0.7963;0.9966
24_R2_8dpi.jpg;24;2;8;209483;1.6111;5.8845;92.4977;208742;2015.2;562.02;479.39;1.1724;0.6459;0.9905
24_R3_1dpi.jpg;24;3;1;80357;99.6466;0.2924;0.0386;79886;1132.37;346.05;299.88;1.154;0.7829;0.983
24_R3_3dpi.jpg;24;3;3;90085;90.2725;4.3226;5.3849;89606.5;1162.39;375.79;311.58;1.2061;0.8334;0.9891
24_R3_5dpi.jpg;24;3;5;92549;64.2557;12.8807;22.8538;92044.5;1184.33;375.07;317.52;1.1813;0.8246;0.9909
24_R3_8dpi.jpg;24;3;8;87939;42.9082;6.3806;50.5703;87641.5;1189.3;359.31;316.83;1.1341;0.7786;0.9937
25_R1_1dpi.jpg;25;1;1;68540;99.5229;0.372;0.0948;68083.5;1068.82;338.36;260.14;1.3007;0.7489;0.975
25_R1_3dpi.jpg;25;1;3;70264;99.5901;0.3416;0.0455;69811;1085.54;339.91;266.04;1.2777;0.7445;0.9865
25_R1_5dpi.jpg;25;1;5;68508;99.981;0.019;0;68071;1033.54;332.95;263.12;1.2654;0.8008;0.9799
25_R1_8dpi.jpg;25;1;8;71006;99.3789;0.5028;0.0014;70664.5;1266.38;339.92;274.16;1.2399;0.5537;0.982
25_R2_1dpi.jpg;25;2;1;80135;99.2625;0.3307;0.2084;79729.5;1314.06;368.54;284.86;1.2937;0.5802;0.9869
25_R2_3dpi.jpg;25;2;3;77951;99.3432;0.0924;0.0564;77880.5;1241.27;361.75;273.38;1.3232;0.6352;0.9845
25_R2_5dpi.jpg;25;2;5;83690;99.8244;0.1673;0;83215;1165.85;370.05;287.45;1.2874;0.7694;0.9911
25_R2_8dpi.jpg;25;2;8;82372;69.2869;27.3285;3.3774;81922.5;1173.47;375.87;277.66;1.3537;0.7476;0.9934
25_R3_1dpi.jpg;25;3;1;101197;98.8369;0.7144;0.4101;100678.5;1282.21;424.37;304.37;1.3942;0.7695;0.9936
25_R3_3dpi.jpg;25;3;3;108433;99.9834;0.012;0;107896;1329.91;437.74;314.89;1.3901;0.7666;0.9902
25_R3_5dpi.jpg;25;3;5;106545;99.8376;0.1624;0;105965.5;1345.95;435.63;313.29;1.3905;0.735;0.9829
25_R3_8dpi.jpg;25;3;8;107697;85.89;4.092;9.5713;107178.5;1540.83;436.4;314.71;1.3867;0.5673;0.9885
26_R1_1dpi.jpg;26;1;1;203709;98.1405;0.8895;0.9396;203248.5;1780.26;529.11;488.16;1.0839;0.8059;0.9954
26_R1_3dpi.jpg;26;1;3;203963;98.7689;0.7957;0.4143;203262;1790.3;527.03;497.07;1.0603;0.7969;0.9777
26_R1_5dpi.jpg;26;1;5;201861;88.5842;5.6574;5.6915;201135;1753.13;531.35;496.69;1.0698;0.8224;0.9839
26_R1_8dpi.jpg;26;1;8;178689;84.0471;11.5463;4.2224;181458.5;2537.14;512.93;459.62;1.116;0.3542;0.962
26_R2_1dpi.jpg;26;2;1;151124;98.6197;0.2031;0.9608;150594.5;1980.88;474.56;410.15;1.157;0.4823;0.9829
26_R2_3dpi.jpg;26;2;3;148953;99.6838;0.1168;0.0926;148333;1822.64;503.94;379.87;1.3266;0.5611;0.9691
26_R2_5dpi.jpg;26;2;5;162445;96.2098;1.8732;1.7557;161932.5;1689.23;524.59;395.53;1.3263;0.7131;0.9827
26_R2_8dpi.jpg;26;2;8;149546;87.557;5.4191;7.0065;148951.5;1599.66;500.33;379.93;1.3169;0.7315;0.9822
26_R3_1dpi.jpg;26;3;1;215938;99.3795;0.2533;0.3325;215301;1923.32;583.08;483.22;1.2067;0.7314;0.9896
26_R3_3dpi.jpg;26;3;3;204978;99.8566;0.1127;0.0112;204217;1888.12;601.71;445.96;1.3492;0.7199;0.9746
26_R3_5dpi.jpg;26;3;5;172134;99.8275;0.1319;0.0325;181354.5;4134.06;607.16;400.44;1.5162;0.1333;0.9245
26_R3_8dpi.jpg;26;3;8;180582;97.7462;1.5107;0.6263;180841.5;1921.53;575.93;405.47;1.4204;0.6155;0.9778
27_R1_1dpi.jpg;27;1;1;239028;98.2835;1.0442;0.5882;238928;2048.58;599.78;513.01;1.1691;0.7154;0.991
27_R1_3dpi.jpg;27;1;3;237877;99.0201;0.721;0.2001;237132.5;2010.25;599.27;510.04;1.1749;0.7374;0.9926
27_R1_5dpi.jpg;27;1;5;227042;96.2597;1.8014;1.9049;226246.5;1913.77;581.56;498.23;1.1672;0.7763;0.991
27_R1_8dpi.jpg;27;1;8;232729;18.9319;45.2952;35.4885;232302.5;2662.11;584.1;513.33;1.1379;0.4119;0.9894
27_R2_1dpi.jpg;27;2;1;211456;99.4216;0.2275;0.2152;210610.5;2338.74;572.25;485.12;1.1796;0.4839;0.987
27_R2_3dpi.jpg;27;2;3;203857;99.0925;0.1575;0.3051;203251.5;2537.28;581.45;454.57;1.2791;0.3967;0.9858
27_R2_5dpi.jpg;27;2;5;212843;99.6025;0.2396;0.1236;212185.5;1834.18;596.8;470.72;1.2678;0.7926;0.9889
27_R2_8dpi.jpg;27;2;8;207264;58.7304;37.8739;3.3841;206664.5;1849.55;596.93;470.38;1.269;0.7592;0.9925
27_R3_1dpi.jpg;27;3;1;128316;99.9267;0.0647;0;127718.5;1433.87;451.16;371.29;1.2151;0.7806;0.9938
27_R3_3dpi.jpg;27;3;3;133761;99.9873;0.0105;0;133143.5;1472.15;462.39;374.59;1.2344;0.772;0.9836
27_R3_5dpi.jpg;27;3;5;135047;99.8993;0.1007;0;134430.5;1482.04;462.87;373.77;1.2384;0.7691;0.9922
27_R3_8dpi.jpg;27;3;8;132374;92.5733;4.0129;3.3844;131747;1565.11;467.18;365.17;1.2794;0.6759;0.9927
28_R1_1dpi.jpg;28;1;1;76241;99.436;0.5128;0.0275;75736;1235.48;425.1;247.54;1.7173;0.6235;0.9302
28_R1_3dpi.jpg;28;1;3;79690;97.9006;1.1231;0.9261;79202.5;1250.9;433.03;248.7;1.7412;0.6361;0.9336
28_R1_5dpi.jpg;28;1;5;77471;90.8856;3.4955;5.4808;76997;1197;420.23;247.12;1.7005;0.6753;0.924
28_R1_8dpi.jpg;28;1;8;82796;28.7103;49.1002;21.5735;82697.5;1568.24;460.94;255.08;1.807;0.4226;0.9308
28_R2_1dpi.jpg;28;2;1;125213;99.7692;0.115;0.0216;124507;1539.51;495.11;328.93;1.5052;0.6601;0.9851
28_R2_3dpi.jpg;28;2;3;133136;99.7116;0.0894;0.03;132444;1592.8;485.7;366.64;1.3247;0.656;0.9899
28_R2_5dpi.jpg;28;2;5;143200;99.5314;0.3855;0.0663;142538.5;1530.07;501.57;382.18;1.3124;0.7651;0.9833
28_R2_8dpi.jpg;28;2;8;138514;97.7887;1.5825;0.6259;137940;1494.74;495.92;364.96;1.3588;0.7758;0.9955
28_R3_1dpi.jpg;28;3;1;163070;99.2402;0.5715;0.1588;162474;1595.78;500.32;417.28;1.199;0.8018;0.9928
28_R3_3dpi.jpg;28;3;3;158645;99.9111;0.0611;0.0271;157997;1541.7;490.83;409.1;1.1998;0.8353;0.9932
28_R3_5dpi.jpg;28;3;5;160844;99.7917;0.1822;0.0218;160183;1608.47;505.69;408.6;1.2376;0.778;0.9917
28_R3_8dpi.jpg;28;3;8;131507;47.0751;26.6275;24.8618;132759;1671.18;450.46;377.93;1.1919;0.5973;0.9836
29_R1_1dpi.jpg;29;1;1;155787;99.394;0.2702;0.267;155054.5;1679.89;504.08;399.93;1.2604;0.6904;0.989
29_R1_3dpi.jpg;29;1;3;159292;99.8782;0.091;0.0138;158607;1568.82;509.61;404.35;1.2603;0.8098;0.9915
29_R1_5dpi.jpg;29;1;5;151163;99.8194;0.1449;0.0258;150500.5;1507.18;487.49;399.52;1.2202;0.8326;0.996
29_R1_8dpi.jpg;29;1;8;157039;98.8092;0.8157;0.2738;156512.5;2015.91;508.69;407.49;1.2484;0.484;0.9866
29_R2_1dpi.jpg;29;2;1;146362;99.3168;0.3812;0.1865;145695;1956.64;534.4;365.01;1.4641;0.4782;0.9267
29_R2_3dpi.jpg;29;2;3;149755;99.6675;0.1035;0.1015;149124.5;1765.8;528.72;368.32;1.4355;0.601;0.9432
29_R2_5dpi.jpg;29;2;5;158332;99.7669;0.1743;0.0423;157905;1802.04;554.69;379.99;1.4598;0.611;0.9424
29_R2_8dpi.jpg;29;2;8;152007;99.6283;0.3552;0.0079;151517;1805.7;542.72;369.37;1.4693;0.584;0.9388
29_R3_1dpi.jpg;29;3;1;154749;99.9709;0.0265;0;154091;1632.69;509.62;389.92;1.307;0.7264;0.9909
29_R3_3dpi.jpg;29;3;3;155601;99.9826;0.0167;0;154971.5;1594.59;518.58;384.1;1.3501;0.7659;0.9917
29_R3_5dpi.jpg;29;3;5;154379;99.9845;0.0143;0;153720;1564.27;512.6;386.01;1.3279;0.7894;0.9923
29_R3_8dpi.jpg;29;3;8;155173;99.8563;0.1063;0.0116;154635.5;1783.33;515.79;394.43;1.3077;0.611;0.9925
30_R1_1dpi.jpg;30;1;1;51623;99.7908;0.1627;0.0252;51230.5;943.42;303.74;228.1;1.3316;0.7233;0.9911
30_R1_3dpi.jpg;30;1;3;47962;99.9583;0.0354;0;47543.5;960.25;292.93;210.68;1.3904;0.6479;0.9749
30_R1_5dpi.jpg;30;1;5;45900;99.9956;0.0022;0;45533.5;889.48;301.71;208.7;1.4457;0.7232;0.9582
30_R1_8dpi.jpg;30;1;8;50500;99.8059;0.1624;0.0099;50045;994.69;302.77;222.25;1.3623;0.6356;0.9684
31_R1_1dpi.jpg;31;1;1;148152;99.3837;0.4111;0.1633;147475.5;1567.89;452.65;427.74;1.0582;0.7539;0.9843
31_R1_3dpi.jpg;31;1;3;156245;97.9903;1.7319;0.185;155867.5;1850.4;463.77;450.08;1.0304;0.572;0.9769
31_R1_5dpi.jpg;31;1;5;151318;99.7575;0.1698;0.0245;150643.5;1604.69;461.06;423.67;1.0882;0.7352;0.9809
31_R1_8dpi.jpg;31;1;8;152943;98.1503;1.4195;0.3387;152591;1796.07;473.07;444.88;1.0634;0.5944;0.9849
31_R2_1dpi.jpg;31;2;1;128185;99.9384;0.0234;0;126847;2064.97;553.62;305.25;1.8137;0.3738;0.9682
31_R2_3dpi.jpg;31;2;3;128388;99.9167;0.0164;0.0016;127720.5;1714.8;584.87;316.77;1.8464;0.5458;0.9628
31_R2_5dpi.jpg;31;2;5;131943;99.9757;0.0243;0;131549.5;1725.14;593.65;315.95;1.8789;0.5555;0.9563
31_R2_8dpi.jpg;31;2;8;128216;99.1358;0.8447;0.0016;127718.5;1746.74;576.57;313.45;1.8394;0.526;0.9441
32_R1_1dpi.jpg;32;1;1;103912;98.5151;1.1365;0.3205;103375;1345.97;382.7;348.09;1.0994;0.7171;0.9904
32_R1_3dpi.jpg;32;1;3;120219;99.4402;0.3036;0.0141;119981;1700.5;406.9;378.74;1.0743;0.5214;0.9773
32_R1_5dpi.jpg;32;1;5;112115;99.9804;0.0196;0;111567;1314.94;403.51;360.76;1.1185;0.8108;0.9837
32_R1_8dpi.jpg;32;1;8;119281;97.3022;2.256;0.3655;119007;1435.17;412;371.41;1.1093;0.7261;0.9761
32_R2_1dpi.jpg;32;2;1;234960;99.7485;0.0672;0.0813;234024;2143.29;570.96;523.69;1.0903;0.6402;0.9827
32_R2_3dpi.jpg;32;2;3;237687;99.4741;0.1119;0.1599;237001;2219.31;565.98;534.39;1.0591;0.6047;0.9916
32_R2_5dpi.jpg;32;2;5;251256;99.9558;0.0378;0.0012;250530.5;2092.28;586.9;548.88;1.0693;0.7192;0.9909
32_R2_8dpi.jpg;32;2;8;236405;89.6288;10.1263;0.225;235871;2101.71;567.83;538.24;1.055;0.671;0.9948
33_R1_1dpi.jpg;33;1;1;108236;99.7607;0.2088;0.0194;107824;1301.31;394.1;359.05;1.0976;0.8001;0.995
33_R1_3dpi.jpg;33;1;3;111783;99.8264;0.1413;0.0072;111258.5;1372.04;392.34;365.36;1.0738;0.7427;0.9923
33_R1_5dpi.jpg;33;1;5;108064;99.9843;0.0139;0;107528.5;1251.38;379.21;364.8;1.0395;0.8629;0.9945
33_R1_8dpi.jpg;33;1;8;112677;97.6579;1.7404;0.4819;112204.5;1418.86;390.49;370.82;1.053;0.7004;0.993
33_R2_1dpi.jpg;33;2;1;66003;99.194;0.4121;0.1515;65641;1213.43;313.22;270.84;1.1565;0.5602;0.9844
33_R2_3dpi.jpg;33;2;3;74899;98.6702;0.2804;0.4126;74376.5;1499.23;334.01;287.12;1.1633;0.4158;0.9723
33_R2_5dpi.jpg;33;2;5;79744;99.3642;0.4163;0.1241;79582;1153.43;341.84;300.86;1.1362;0.7517;0.9867
33_R2_8dpi.jpg;33;2;8;75999;97.571;2.104;0.3211;75652.5;1112.9;335.08;292.16;1.1469;0.7676;0.9867
33_R3_1dpi.jpg;33;3;1;77450;99.6862;0.204;0.0762;77018.5;1085.16;322.41;304.74;1.058;0.8219;0.9927
33_R3_3dpi.jpg;33;3;3;84948;99.9835;0.0118;0;84474.5;1118.56;340.62;313.94;1.085;0.8484;0.9856
33_R3_5dpi.jpg;33;3;5;82203;99.8929;0.0912;0.0012;82507;1368.3;342.32;309.23;1.107;0.5538;0.9686
33_R3_8dpi.jpg;33;3;8;84240;99.6011;0.2742;0.0867;84092.5;1305.07;344.06;313.94;1.0959;0.6204;0.9757
34_R1_1dpi.jpg;34;1;1;136984;99.3277;0.5198;0.1197;136134;1667.79;440.44;401.85;1.096;0.615;0.9806
34_R1_3dpi.jpg;34;1;3;150846;99.587;0.3116;0.0689;150043.5;1681.21;465.06;415.05;1.1205;0.6671;0.9898
34_R1_5dpi.jpg;34;1;5;148541;99.9414;0.0498;0.0013;147897.5;1491.33;458.69;415.91;1.1028;0.8357;0.9894
34_R1_8dpi.jpg;34;1;8;164707;93.8983;5.4436;0.4329;164100;1964.75;473.28;444.66;1.0644;0.5342;0.986
34_R2_1dpi.jpg;34;2;1;200369;99.189;0.2061;0.4786;199550;2320.91;542.54;488.41;1.1108;0.4655;0.9789
34_R2_3dpi.jpg;34;2;3;240635;99.6833;0.0964;0.0898;239548;2242.68;571.8;540.21;1.0585;0.5985;0.9809
34_R2_5dpi.jpg;34;2;5;256264;99.8279;0.087;0.0578;255477.5;2030.07;595.39;543.71;1.0951;0.779;0.9825
34_R2_8dpi.jpg;34;2;8;253372;85.0611;13.6073;1.3277;252527;2003.06;594.03;545.69;1.0886;0.7909;0.9867
34_R3_1dpi.jpg;34;3;1;268147;98.6895;0.6933;0.3438;267665.5;2405.65;760.16;456.86;1.6639;0.5812;0.9549
34_R3_3dpi.jpg;34;3;3;272488;98.488;0.9123;0.4719;271750;2318.78;747.83;464.16;1.6111;0.6351;0.9637
34_R3_5dpi.jpg;34;3;5;268616;45.3986;51.1522;3.4384;267761;2329;759.34;460.82;1.6478;0.6203;0.9529
34_R3_8dpi.jpg;34;3;8;242927;0.0366;1.2983;98.551;242071.5;2169.08;683.72;465.32;1.4694;0.6466;0.9507
35_R1_1dpi.jpg;35;1;1;125938;99.4124;0.4391;0.0818;125347.5;1423.83;437.95;364.1;1.2028;0.777;0.9872
35_R1_3dpi.jpg;35;1;3;112625;97.2901;1.8681;0.8036;112102;1467.57;412.77;352.22;1.1719;0.6541;0.9876
35_R1_5dpi.jpg;35;1;5;104327;96.348;1.8385;1.7972;103788.5;1240.05;400.53;339.29;1.1805;0.8482;0.9937
35_R1_8dpi.JPG;35;1;8;125496;8.9413;14.3319;76.6773;124641;1541.88;436.35;374.59;1.1649;0.6588;0.9794
35_R2_1dpi.jpg;35;2;1;126452;98.6556;0.779;0.3495;126158.5;1669.62;456.33;360.95;1.2642;0.5687;0.9832
35_R2_3dpi.jpg;35;2;3;124003;99.3468;0.054;0.0581;123555;1582.04;446.82;358.57;1.2461;0.6203;0.9887
35_R2_5dpi.jpg;35;2;5;129789;98.2726;0.5517;1.165;129225;1453.76;451.97;367.82;1.2288;0.7684;0.994
35_R2_8dpi.jpg;35;2;8;127571;71.5939;15.8186;12.5797;127022.5;1504.43;453.73;363.17;1.2493;0.7053;0.994
35_R3_1dpi.jpg;35;3;1;146348;99.9324;0.0615;0;145652.5;1656.23;476.59;388.8;1.2258;0.6672;0.9913
35_R3_3dpi.jpg;35;3;3;151121;99.9431;0.0443;0.0112;150461;1540.93;497.04;386.67;1.2855;0.7963;0.9942
35_R3_5dpi.jpg;35;3;5;149491;99.7973;0.1298;0.0635;148960.5;1603.88;499.85;384.27;1.3008;0.7277;0.9888
35_R3_8dpi.jpg;35;3;8;151074;99.6565;0.2403;0.0953;150406;1705.52;499.64;388.13;1.2873;0.6498;0.9922
36_R1_1dpi.jpg;36;1;1;179691;95.9096;2.2244;1.7664;179079.5;1676.86;513.96;452.83;1.135;0.8003;0.9914
36_R1_3dpi.jpg;36;1;3;183222;97.8742;1.9441;0.1643;182737.5;1673.74;524.76;447.67;1.1722;0.8197;0.9951
36_R1_5dpi.jpg;36;1;5;169976;99.9447;0.0394;0.0147;169328;1568.1;491.79;446.57;1.1013;0.8653;0.99
36_R1_8dpi.jpg;36;1;8;171178;99.7441;0.1945;0.0462;170563.5;1905.27;495.3;442.79;1.1186;0.5904;0.9837
36_R2_1dpi.jpg;36;2;1;133220;97.7571;0.7687;1.2723;132962.5;1898.56;439.87;390.55;1.1263;0.4635;0.9869
36_R2_3dpi.jpg;36;2;3;131281;99.3556;0.0983;0.1158;130751.5;1647.62;434.81;385.37;1.1283;0.6053;0.987
36_R2_5dpi.jpg;36;2;5;137809;99.6604;0.172;0.1611;137241;1433.98;440.85;401.78;1.0972;0.8387;0.9945
36_R2_8dpi.jpg;36;2;8;135086;87.5383;11.3424;1.0993;134484.5;1644.82;437.85;396.15;1.1053;0.6247;0.9912
36_R3_1dpi.jpg;36;3;1;128262;98.737;0.8272;0.3797;127714.5;1436.44;443.65;373.76;1.187;0.7778;0.994
36_R3_3dpi.jpg;36;3;3;142603;99.6017;0.378;0.0119;141999.5;1501.61;473.37;388.01;1.22;0.7914;0.9903
36_R3_5dpi.jpg;36;3;5;142718;98.2245;1.6893;0.0771;142111.5;1496.78;473.19;386.57;1.2241;0.7971;0.9915
36_R3_8dpi.jpg;36;3;8;142529;93.402;2.624;3.5775;142157;1772.3;471.15;394.26;1.195;0.5687;0.9901
37_R1_1dpi.jpg;37;1;1;102667;99.8091;0.1724;0.0058;102220.5;1261.75;385.87;337.37;1.1437;0.8069;0.9942
37_R1_3dpi.jpg;37;1;3;106414;99.9953;0.0028;0;105918.5;1251.33;391.8;351.44;1.1149;0.85;0.9952
37_R1_5dpi.jpg;37;1;5;104013;99.8856;0.0548;0.049;103485.5;1245.67;382.73;344.51;1.1109;0.8381;0.9905
37_R1_8dpi.jpg;37;1;8;107161;99.1265;0.5562;0.2762;106799;1420.02;392.32;349.18;1.1236;0.6656;0.991
37_R2_1dpi.jpg;37;2;1;83212;99.5049;0.1851;0.1538;82698.5;1294.78;354.39;304.56;1.1636;0.6199;0.9884
37_R2_3dpi.jpg;37;2;3;89975;99.4032;0.17;0.1267;89320;1586.04;359.38;319.4;1.1252;0.4462;0.9837
37_R2_5dpi.jpg;37;2;5;94897;99.9905;0.0063;0;94554.5;1242.78;372.99;328.76;1.1346;0.7693;0.9932
37_R2_8dpi.jpg;37;2;8;90041;99.5569;0.4276;0.0089;89577.5;1277.69;355.89;331.64;1.0731;0.6895;0.9926
38_R1_1dpi.jpg;38;1;1;114140;99.342;0.5117;0.1297;113600.5;1344.15;403.86;359.74;1.1227;0.7901;0.9947
38_R1_3dpi.jpg;38;1;3;113953;99.9149;0.0693;0.0009;113397.5;1284.9;398.83;365.61;1.0909;0.8631;0.9929
38_R1_5dpi.jpg;38;1;5;107893;99.5922;0.2892;0.1084;107366.5;1228.07;383.6;357.24;1.0738;0.8946;0.9966
38_R1_8dpi.jpg;38;1;8;114295;47.8682;36.9106;14.3375;114387.5;1452.78;397.44;372.05;1.0683;0.6811;0.9924
38_R2_1dpi.jpg;38;2;1;96517;99.111;0.2601;0.4165;96059.5;1367.95;368.05;341.19;1.0787;0.6451;0.9862
38_R2_3dpi.jpg;38;2;3;103206;99.408;0.1812;0.1541;102709.5;1469.78;383.84;348.25;1.1022;0.5975;0.9864
38_R2_5dpi.jpg;38;2;5;110249;99.9347;0.0608;0.0009;109732.5;1302.58;391.51;360.24;1.0868;0.8127;0.9918
38_R2_8dpi.jpg;38;2;8;104444;96.8988;2.6282;0.4519;103965;1446.1;380.72;345.4;1.1023;0.6247;0.9886
38_R3_1dpi.jpg;38;3;1;90928;99.802;0.1826;0.0143;90483.5;1156.64;364.02;315.64;1.1533;0.8499;0.9948
38_R3_3dpi.jpg;38;3;3;94587;99.9884;0.0116;0;94092;1174.66;374.61;321.26;1.1661;0.8569;0.9916
38_R3_5dpi.jpg;38;3;5;94046;99.6023;0.3551;0.0191;93556;1251.51;376.81;319.22;1.1804;0.7506;0.9878
38_R3_8dpi.jpg;38;3;8;97450;99.3628;0.391;0.0688;96948;1269.08;378.8;329.78;1.1487;0.7564;0.9909
39_R1_1dpi.jpg;39;1;1;36069;99.842;0.1469;0;35724;796.72;268.93;171.85;1.565;0.7072;0.9913
39_R1_3dpi.jpg;39;1;3;37864;99.9736;0.0238;0.0026;37505;814.58;315.55;167.73;1.8813;0.7103;0.9797
39_R1_5dpi.jpg;39;1;5;39141;99.9745;0.0255;0;38780.5;830.62;295.87;174.92;1.6914;0.7063;0.9792
39_R1_8dpi.jpg;39;1;8;40066;99.5233;0.3769;0.0324;39732.5;891.19;317.87;174.72;1.8193;0.6287;0.9642
39_R2_1dpi.jpg;39;2;1;86309;98.6606;0.4785;0.5967;85991;1465.47;350.08;327.06;1.0704;0.5032;0.9609
39_R2_3dpi.jpg;39;2;3;85916;98.8594;0.2095;0.5645;85417.5;1557.78;365.15;316.93;1.1522;0.4423;0.9393
39_R2_5dpi.jpg;39;2;5;94404;99.893;0.1006;0;93867.5;1267.95;385.31;332.73;1.158;0.7337;0.9506
39_R2_8dpi.jpg;39;2;8;93351;99.3283;0.5442;0.1082;92780;1479.9;381.09;320.44;1.1893;0.5324;0.96
39_R3_1dpi.jpg;39;3;1;139821;98.5381;0.9648;0.4677;139228.5;1554.95;436.65;416.73;1.0478;0.7236;0.9715
39_R3_3dpi.jpg;39;3;3;142174;99.5147;0.3925;0.0739;141514.5;1550.86;442.22;409.24;1.0806;0.7394;0.9728
39_R3_5dpi.jpg;39;3;5;132400;99.8678;0.1269;0;142937;1692.55;445.26;412.01;1.0807;0.627;0.9646
39_R3_8dpi.jpg;39;3;8;132743;23.1033;21.0527;52.4178;133738.5;1704.23;433.15;394.25;1.0987;0.5786;0.9752
40_R1_1dpi.jpg;40;1;1;63618;91.7869;2.0607;6.0329;63302.5;1162.65;376.83;225.59;1.6704;0.5885;0.9485
40_R1_3dpi.jpg;40;1;3;59150;98.0034;1.2815;0.6323;58804.5;1238.15;358.68;215.03;1.6681;0.482;0.9198
40_R1_5dpi.jpg;40;1;5;55180;99.7155;0.1667;0.1069;54752;1019.69;355.2;206.75;1.7181;0.6617;0.9428
40_R1_8dpi.jpg;40;1;8;59729;94.4834;4.0483;1.321;59576;1305.73;373.14;215.56;1.731;0.4391;0.9324
40_R2_1dpi.jpg;40;2;1;88959;99.049;0.4508;0.2327;88245;1472.48;347.37;327.03;1.0622;0.5114;0.9834
40_R2_3dpi.jpg;40;2;3;84454;98.9;0.3694;0.3588;83847.5;1490.04;341.46;317.63;1.075;0.4746;0.9821
40_R2_5dpi.jpg;40;2;5;87076;99.4798;0.4582;0;86611;1159.48;335.59;326.22;1.0287;0.8096;0.9946
40_R2_8dpi.jpg;40;2;8;80238;58.562;37.7602;3.6604;79783.5;1098.27;326.43;311.07;1.0494;0.8312;0.9947
41_R1_1dpi.jpg;41;1;1;76485;98.9959;0.8381;0.1556;76023.5;1063.9;336.07;292.4;1.1493;0.844;0.995
41_R1_3dpi.jpg;41;1;3;80264;99.8318;0.1545;0;79803;1085.12;343.83;301.07;1.142;0.8517;0.9904
41_R1_5dpi.jpg;41;1;5;78155;99.9629;0.0333;0;77697.5;1054.59;335.38;297.47;1.1274;0.8779;0.9941
41_R1_8dpi.jpg;41;1;8;81674;99.2152;0.6244;0.0967;81291;1433.53;350.69;299.66;1.1703;0.4971;0.9758
41_R2_1dpi.jpg;41;2;1;129706;98.6732;0.158;0.8751;129301;1738.69;445.35;371.47;1.1989;0.5375;0.9878
41_R2_3dpi.jpg;41;2;3;124933;99.2908;0.1153;0.0792;124406;1616.75;433.49;369.25;1.174;0.5981;0.9895
41_R2_5dpi.jpg;41;2;5;132352;99.9532;0.0438;0;131791;1420.3;440.05;381.23;1.1543;0.821;0.9922
41_R2_8dpi.jpg;41;2;8;127603;94.6984;4.6151;0.6857;127132.5;1509.34;435.99;375.94;1.1597;0.7013;0.99
41_R3_1dpi.jpg;41;3;1;130642;99.6418;0.2648;0.0788;130053;1455.13;461.58;364.14;1.2676;0.7718;0.9861
41_R3_3dpi.jpg;41;3;3;131225;99.8636;0.1036;0.0251;130618.5;1470.4;467.08;365.51;1.2779;0.7592;0.9836
41_R3_5dpi.jpg;41;3;5;122047;99.4732;0.3867;0.1368;121665.5;1740.05;455.39;349.24;1.304;0.505;0.9512
41_R3_8dpi.jpg;41;3;8;112840;59.9202;24.6384;14.7022;113154.5;1446.31;447.74;330.07;1.3565;0.6798;0.9819
42_R1_1dpi.jpg;42;1;1;117467;99.6416;0.2426;0.0996;116830;1537.11;431.59;356.63;1.2102;0.6214;0.9521
42_R1_3dpi.jpg;42;1;3;111312;99.6074;0.2632;0.1195;110712.5;1402.7;427.76;341.67;1.2519;0.7071;0.964
42_R1_5dpi.jpg;42;1;5;108593;93.5069;3.5518;2.8897;108028.5;1342.56;408.1;348.99;1.1694;0.7532;0.9653
42_R1_8dpi.jpg;42;1;8;112048;30.802;21.1356;47.7474;112188;1675.76;435.08;343.62;1.2662;0.502;0.9467
42_R2_1dpi.jpg;42;2;1;254437;98.5525;0.3003;0.9987;253928;2431.25;604.67;542.61;1.1144;0.5398;0.974
42_R2_3dpi.jpg;42;2;3;252163;99.3528;0.1955;0.1967;251396;2462.89;616.71;531.32;1.1607;0.5208;0.9785
42_R2_5dpi.jpg;42;2;5;272201;99.8402;0.1245;0.0191;271547;2120.49;649.81;542.46;1.1979;0.7589;0.983
42_R2_8dpi.jpg;42;2;8;268121;84.3209;12.2586;3.4074;267372;2343.57;639.36;537.62;1.1893;0.6117;0.9833
42_R3_1dpi.jpg;42;3;1;259245;99.1799;0.4482;0.3533;258352;2166.32;640.01;520.43;1.2298;0.6918;0.9838
42_R3_3dpi.jpg;42;3;3;246957;92.4157;3.0799;4.3364;246245.5;1952.71;647.75;494.46;1.31;0.8115;0.9854
42_R3_5dpi.jpg;42;3;5;245829;50.7857;24.2006;25.0137;245066.5;2071.02;666.25;479.23;1.3902;0.718;0.9804
42_R3_8dpi.jpg;42;3;8;232916;21.2763;11.5316;67.0409;232748.5;2053;686.67;450.99;1.5226;0.6939;0.9841
43_R1_1dpi.jpg;43;1;1;176196;99.8348;0.1368;0.021;175540.5;1663.94;509.83;440.29;1.158;0.7967;0.99
43_R1_3dpi.jpg;43;1;3;190981;99.7921;0.1576;0.0278;190338;1693.21;523.65;467.3;1.1206;0.8343;0.9943
43_R1_5dpi.jpg;43;1;5;181402;99.9724;0.0237;0;180700;1634.99;517.2;447.83;1.1549;0.8495;0.9939
43_R1_8dpi.jpg;43;1;8;185153;99.6327;0.3224;0.0119;184477.5;1712.77;530.5;441.63;1.2012;0.7902;0.9886
43_R2_1dpi.jpg;43;2;1;130182;99.3724;0.2896;0.1836;129673.5;1703.22;431.99;386.88;1.1166;0.5617;0.9894
43_R2_3dpi.jpg;43;2;3;129561;99.5786;0.098;0.1752;128863;1684.33;432.97;382.66;1.1315;0.5708;0.9893
43_R2_5dpi.jpg;43;2;5;136735;99.9729;0.0241;0;136097.5;1536;444.94;391.58;1.1363;0.7249;0.9939
43_R2_8dpi.jpg;43;2;8;130598;81.3129;17.3747;1.3101;130015;1483.33;434.98;381.07;1.1415;0.7426;0.9934
43_R3_1dpi.jpg;43;3;1;146592;99.2803;0.5996;0.0614;145957.5;1530.83;480.53;388.83;1.2358;0.7827;0.9934
43_R3_3dpi.jpg;43;3;3;149284;99.9176;0.073;0.0007;148655.5;1500.49;505.66;374.6;1.3499;0.8297;0.9927
43_R3_5dpi.jpg;43;3;5;149300;99.6155;0.3161;0.0663;148672.5;1576.91;509.5;374.31;1.3612;0.7513;0.9939
43_R3_8dpi.jpg;43;3;8;145773;98.7721;0.8438;0.3382;145179.5;1485.11;497.8;375.79;1.3247;0.8272;0.9951
44_R1_1dpi.jpg;44;1;1;199127;98.7169;0.7106;0.5198;198395;1889.13;603.32;432.57;1.3947;0.6986;0.9788
44_R1_3dpi.jpg;44;1;3;199372;98.8905;0.8687;0.1515;198515;2118.07;589.9;438.42;1.3455;0.5561;0.9651
44_R1_5dpi.jpg;44;1;5;185861;98.2196;1.0433;0.7038;185093;1780.24;571.43;417.98;1.3671;0.7339;0.9746
44_R1_8dpi.jpg;44;1;8;197391;14.0812;49.1203;36.3335;197590;1984.47;597.92;430.29;1.3896;0.6305;0.9693
44_R2_1dpi.jpg;44;2;1;320456;99.8446;0.0952;0.0315;319446;2385.77;717.92;571.69;1.2558;0.7053;0.9936
44_R2_3dpi.jpg;44;2;3;313327;99.9403;0.0195;0.007;312289;2374.94;724.63;561.97;1.2895;0.6958;0.9902
44_R2_5dpi.jpg;44;2;5;312444;99.9283;0.0458;0.0064;311509.5;2244.45;742.84;555.03;1.3384;0.7771;0.9866
44_R2_8dpi.jpg;44;2;8;314959;99.3091;0.5785;0.1026;314307.5;2319.65;736.26;575.18;1.2801;0.734;0.9788
44_R3_1dpi.jpg;44;3;1;150934;99.0453;0.6095;0.3028;150327.5;1560.92;467.68;418.95;1.1163;0.7753;0.9891
44_R3_3dpi.jpg;44;3;3;155004;99.7652;0.2032;0.0135;154347.5;1523.41;474.58;422.19;1.1241;0.8358;0.989
44_R3_5dpi.jpg;44;3;5;156106;99.4933;0.4926;0.009;155433.5;1595.29;475.3;427.68;1.1113;0.7675;0.9812
44_R3_8dpi.jpg;44;3;8;155371;98.9593;0.6082;0.3739;154804;1558.16;466.13;426.48;1.093;0.8012;0.9879
45_R1_1dpi.jpg;45;1;1;54369;99.8308;0.1508;0.0166;53985;924;307.78;225.67;1.3639;0.7946;0.9877
45_R1_3dpi.jpg;45;1;3;74554;99.9034;0.0912;0;74141.5;1078.33;337.61;286.82;1.1771;0.8012;0.9882
45_R1_5dpi.jpg;45;1;5;73895;99.9188;0.0623;0;73450;1042.97;338.46;279.57;1.2106;0.8485;0.9926
45_R1_8dpi.jpg;45;1;8;76928;96.7528;2.9482;0.1586;76465.5;1206.82;347.11;288.8;1.2019;0.6598;0.9896
45_R2_1dpi.jpg;45;2;1;221441;99.6333;0.1404;0.131;220745;2108.15;559.39;512.85;1.0908;0.6242;0.9924
45_R2_3dpi.jpg;45;2;3;215374;99.6471;0.175;0.0158;214888;2103.35;554.59;499.14;1.1111;0.6104;0.9879
45_R2_5dpi.jpg;45;2;5;226905;99.9308;0.0502;0.0066;226182.5;1957.36;570.81;509.73;1.1198;0.7419;0.9861
45_R2_8dpi.jpg;45;2;8;215630;97.7767;1.0597;1.1534;214962;1849.52;567.57;487.97;1.1631;0.7897;0.9956
45_R3_1dpi.jpg;45;3;1;246826;98.8968;0.6968;0.3428;246473.5;2049.08;605.24;528.86;1.1444;0.7377;0.9806
45_R3_3dpi.jpg;45;3;3;254467;99.9265;0.0629;0.0055;253568;2066.21;606.58;541.14;1.1209;0.7464;0.9588
45_R3_5dpi.jpg;45;3;5;245388;99.2624;0.6533;0.0831;244503;2132.66;599.07;527.65;1.1354;0.6755;0.9575
45_R3_8dpi.jpg;45;3;8;242914;75.4983;10.2184;14.1783;242314.5;2269.35;598.42;524.74;1.1404;0.5913;0.9688
46_R1_1dpi.jpg;46;1;1;156874;99.2357;0.3882;0.3423;156223.5;1623.55;488.7;412.01;1.1861;0.7448;0.9892
46_R1_3dpi.jpg;46;1;3;184842;99.8236;0.0747;0.0963;184871.5;1805.88;500.2;482.22;1.0373;0.7124;0.9769
46_R1_5dpi.jpg;46;1;5;207874;99.9678;0.0197;0.0072;207089.5;1800.4;535.96;493.53;1.086;0.8028;0.9817
46_R1_8dpi.jpg;46;1;8;214501;99.1856;0.566;0.0671;214952.5;2184.42;564.04;490.32;1.1504;0.5661;0.9638
46_R2_1dpi.jpg;46;2;1;159397;99.5477;0.1844;0.1775;158693.5;1898.08;471.79;436.87;1.0799;0.5535;0.9671
46_R2_3dpi.jpg;46;2;3;169634;99.3828;0.112;0.2877;169249;1873.27;482.95;451.74;1.0691;0.6061;0.9793
46_R2_5dpi.jpg;46;2;5;189682;99.5303;0.4249;0.0047;189014;1722.85;515.77;468.23;1.1015;0.8002;0.984
46_R2_8dpi.jpg;46;2;8;176304;95.8918;3.5461;0.5422;175590;1685.33;495.76;456.83;1.0852;0.7769;0.9868
46_R3_1dpi.jpg;46;3;1;137620;99.5909;0.3684;0.024;137079.5;1473.52;502.67;353.43;1.4223;0.7934;0.9943
46_R3_3dpi.jpg;46;3;3;161663;99.7897;0.1485;0.0464;160993.5;1614.63;543.98;382.83;1.4209;0.776;0.9907
46_R3_5dpi.jpg;46;3;5;157628;97.9407;1.9838;0.0698;156994;1711.38;544.47;378.06;1.4402;0.6736;0.9792
46_R3_8dpi.jpg;46;3;8;151295;72.738;23.4509;2.2664;153521.5;2380.83;524.18;377.99;1.3868;0.3403;0.9814
47_R1_1dpi.jpg;47;1;1;126958;99.258;0.5325;0.1772;126350;1470.93;448.74;370.11;1.2125;0.7338;0.9938
47_R1_3dpi.jpg;47;1;3;115469;99.8692;0.1091;0.0061;114900;1326.34;440.62;333.49;1.3212;0.8208;0.9947
47_R1_5dpi.jpg;47;1;5;85358;99.7247;0.2027;0.0117;84818;1239.54;438.69;259.18;1.6926;0.6937;0.99
47_R1_8dpi.jpg;47;1;8;95212;98.8699;0.8948;0.0956;94927;1589.84;461.9;269.63;1.7131;0.4719;0.9885
47_R2_1dpi.jpg;47;2;1;83078;99.3536;0.4767;0.077;82445.5;1458.38;382.12;278.03;1.3744;0.4871;0.9788
47_R2_3dpi.jpg;47;2;3;92274;99.8754;0.0748;0.0054;91737;1230.6;392.77;302;1.3006;0.7612;0.9878
47_R2_5dpi.jpg;47;2;5;95814;99.8695;0.1117;0;95292.5;1225.33;403.89;304.96;1.3244;0.7976;0.9832
47_R2_8dpi.jpg;47;2;8;99644;99.3758;0.572;0.006;99091.5;1281.67;405.14;316.85;1.2786;0.758;0.9943
47_R3_1dpi.jpg;47;3;1;128861;99.5577;0.3764;0.0155;128302;1470.04;468.63;350.87;1.3356;0.7461;0.9938
47_R3_3dpi.jpg;47;3;3;130976;96.988;2.2409;0.7215;130350.5;1507.6;479.6;357.4;1.3419;0.7207;0.9932
47_R3_5dpi.jpg;47;3;5;129922;77.1763;22.0786;0.7451;130474;1538.21;460.89;366.51;1.2575;0.693;0.9909
47_R3_8dpi.jpg;47;3;8;129025;24.682;11.9698;63.0033;128576;1512.61;458.38;360.77;1.2705;0.7062;0.9918
48_R1_1dpi.jpg;48;1;1;193459;98.4136;1.04;0.4616;192495.5;1962.69;564.92;451.49;1.2512;0.628;0.9865
48_R1_3dpi.jpg;48;1;3;186771;98.9752;0.4562;0.5333;186020.5;1738.6;554.08;439.33;1.2612;0.7733;0.9906
48_R1_5dpi.jpg;48;1;5;182771;92.5311;2.8057;4.6266;182037;1725.96;549.28;434.43;1.2644;0.7679;0.9724
48_R1_8dpi.jpg;48;1;8;189610;7.7712;48.759;43.2055;189261;1889.44;557.16;439.83;1.2668;0.6662;0.9946
48_R2_1dpi.jpg;48;2;1;126282;99.4243;0.1932;0.2399;125648;1710.29;424.89;382.46;1.1109;0.5398;0.985
48_R2_3dpi.jpg;48;2;3;121132;99.5988;0.1123;0.0561;120505;1578.27;418.12;370.3;1.1291;0.6079;0.9836
48_R2_5dpi.jpg;48;2;5;125998;99.9103;0.0754;0;125417.5;1399.92;432.54;371.76;1.1635;0.8042;0.9885
48_R2_8dpi.jpg;48;2;8;127776;81.3619;12.3466;6.2852;127231.5;1469.46;436.68;381.12;1.1458;0.7404;0.995
48_R3_1dpi.jpg;48;3;1;44394;98.716;0.7456;0.4663;44084;831.84;260.83;223.56;1.1667;0.8006;0.9831
48_R3_3dpi.jpg;48;3;3;42931;99.8742;0.1141;0.0047;42596;813.78;247.04;223.9;1.1034;0.8083;0.9862
48_R3_5dpi.jpg;48;3;5;42659;99.8898;0.1102;0;42300.5;839.82;241.4;222.41;1.0854;0.7537;0.9875
48_R3_8dpi.jpg;48;3;8;45562;99.5962;0.2963;0.0395;45209;940;250.66;232.3;1.0791;0.6429;0.9893
49_R2_1dpi.jpg;49;2;1;144014;99.2015;0.4444;0.2465;143309.5;2124.33;479.46;394.61;1.215;0.3991;0.9705
49_R2_3dpi.jpg;49;2;3;141761;99.7623;0.0931;0.0388;141038.5;1665.2;470.43;394.94;1.1911;0.6392;0.9805
49_R2_5dpi.jpg;49;2;5;148963;99.9067;0.0759;0;148330.5;1567.78;490.85;399.59;1.2284;0.7584;0.9888
49_R2_8dpi.jpg;49;2;8;144788;99.3584;0.594;0.0442;144358.5;1510.04;483.71;399.47;1.2109;0.7956;0.9946
50_R1_1dpi.jpg;50;1;1;124082;99.7252;0.2482;0.0226;123509.5;1346.44;412.75;385.38;1.071;0.8561;0.9959
50_R1_3dpi.jpg;50;1;3;125420;99.768;0.2089;0.0175;124851;1377.02;428.45;375.44;1.1412;0.8274;0.9949
50_R1_5dpi.jpg;50;1;5;120573;98.6655;0.8559;0.4711;120001.5;1342.64;417.5;371.85;1.1228;0.8365;0.9938
50_R2_1dpi.jpg;50;2;1;216753;99.8261;0.1255;0.0148;215860.5;1993.34;552.04;503.53;1.0963;0.6827;0.9805
50_R2_3dpi.jpg;50;2;3;215612;99.8534;0.0807;0.0306;214835;1974.47;545.87;509.22;1.072;0.6925;0.9788
50_R2_5dpi.jpg;50;2;5;218935;99.9297;0.0502;0.0119;218227;1915.58;562.34;498.77;1.1275;0.7473;0.9776
50_R2_8dpi.jpg;50;2;8;219179;95.9745;2.4332;1.5357;218368.5;1941.06;559.4;500.96;1.1167;0.7283;0.9813
50_R3_1dpi.jpg;50;3;1;227060;99.7789;0.1762;0.0383;226193.5;2112.11;570.53;510.53;1.1175;0.6372;0.9921
50_R3_3dpi.jpg;50;3;3;236586;99.9911;0.008;0;235778;1861.01;583.51;518.83;1.1247;0.8555;0.9926
50_R3_5dpi.jpg;50;3;5;232652;99.9605;0.0391;0;231846.5;1864.37;578.71;512.83;1.1285;0.8382;0.9937
50_R3_8dpi.jpg;50;3;8;231342;83.1466;11.0646;5.0121;231159;2121.29;573.34;518.12;1.1066;0.6455;0.9903
51_R1_1dpi.jpg;51;1;1;103260;99.6678;0.1491;0.1617;102811.5;1359.53;373.99;354.78;1.0541;0.699;0.9864
51_R1_3dpi.jpg;51;1;3;110719;99.6432;0.2366;0.0957;110158.5;1331.58;384.32;372.15;1.0327;0.7807;0.9768
51_R1_5dpi.jpg;51;1;5;107342;99.2547;0.4416;0.2077;106827;1309.69;378.39;365.98;1.0339;0.7826;0.9732
51_R1_8dpi.jpg;51;1;8;114867;96.6735;2.61;0.6225;114657;1540.28;409.11;365.57;1.1191;0.6073;0.959
51_R2_1dpi.jpg;51;2;1;78862;99.4091;0.1813;0.1712;78407.5;1329.89;346.99;297.93;1.1647;0.5571;0.9852
51_R2_3dpi.jpg;51;2;3;81274;99.5743;0.0837;0.032;80792.5;1201.81;352.55;303.41;1.162;0.7029;0.9777
51_R2_5dpi.jpg;51;2;5;84811;99.7571;0.2252;0;84313;1192.45;350.55;318.5;1.1006;0.7451;0.9862
51_R2_8dpi.jpg;51;2;8;84964;96.9234;2.9212;0.1554;84509.5;1159.87;342.61;317.44;1.0793;0.7894;0.994
51_R3_1dpi.jpg;51;3;1;142947;99.9811;0.0077;0.0014;142267;1562.99;460.17;396.21;1.1614;0.7318;0.991
51_R3_3dpi.jpg;51;3;3;138069;99.9964;0.0014;0;137470;1476.5;472.88;371.24;1.2738;0.7924;0.9903
51_R3_5dpi.jpg;51;3;5;141066;99.9922;0.0078;0;140771.5;1512.83;482.06;371.53;1.2975;0.7729;0.9866
51_R3_8dpi.jpg;51;3;8;140701;98.9368;1.027;0.0185;140210.5;1530.91;481.97;374.68;1.2864;0.7518;0.9919
52_R1_1dpi.jpg;52;1;1;97604;99.8893;0.0625;0.0082;97177;1424.76;431.14;291.91;1.477;0.6016;0.9705
52_R1_3dpi.jpg;52;1;3;90557;98.729;0.7343;0.4627;90074.5;1268.5;420.71;271.01;1.5524;0.7034;0.9642
52_R1_5dpi.jpg;52;1;5;90750;68.2171;18.1609;13.4523;90382;1250.2;424.94;278.03;1.5284;0.7267;0.9599
52_R1_8dpi.jpg;52;1;8;90843;68.636;23.6188;6.7248;91399;1563.01;421.59;286.11;1.4735;0.4701;0.9698
52_R2_1dpi.jpg;52;2;1;106444;99.2729;0.1917;0.4312;106015.5;1449.78;378.39;360.4;1.0499;0.6338;0.9888
52_R2_3dpi.jpg;52;2;3;107155;99.7966;0.0887;0.0252;106581.5;1392.12;379.27;357.9;1.0597;0.6911;0.9906
52_R2_5dpi.jpg;52;2;5;108526;99.9797;0.0203;0;108457;1566.13;382.94;359.68;1.0647;0.5557;0.9881
52_R2_8dpi.jpg;52;2;8;107847;99.847;0.1437;0.0028;107456;1465.84;382.3;359.9;1.0622;0.6284;0.9799
53_R1_1dpi.jpg;53;1;1;163273;99.7783;0.185;0.0245;162705.5;1657.49;515.91;408.57;1.2627;0.7442;0.9947
53_R1_3dpi.jpg;53;1;3;161921;99.9253;0.0686;0;161281.5;1604.18;535.23;387.57;1.381;0.7876;0.9943
53_R1_5dpi.jpg;53;1;5;155660;99.9782;0.0206;0;154988.5;1547.55;533.26;372.36;1.4321;0.8132;0.9951
53_R1_8dpi.jpg;53;1;8;156334;99.1243;0.852;0.0051;155710;1735.84;533.93;374.3;1.4265;0.6494;0.9892
53_R2_1dpi.jpg;53;2;1;111471;97.5743;1.0442;1.0577;111268;1634.41;402.02;352.66;1.14;0.5234;0.9859
53_R2_3dpi.jpg;53;2;3;131420;98.5048;0.3668;0.2549;130768;2036.8;437.94;387.67;1.1297;0.3961;0.9806
53_R2_5dpi.jpg;53;2;5;136759;99.9298;0.0665;0;136125.5;1477.63;446.95;393.87;1.1348;0.7835;0.9934
53_R2_8dpi.jpg;53;2;8;132746;98.3676;1.5097;0.1122;132131;1453.79;431.72;400.61;1.0777;0.7856;0.9934
53_R3_1dpi.jpg;53;3;1;132034;99.9349;0.0583;0;131410;1449.85;494.86;349.19;1.4172;0.7856;0.9945
53_R3_3dpi.jpg;53;3;3;135047;99.9385;0.0296;0.0281;134423.5;1486.66;507.47;347.01;1.4624;0.7643;0.9918
53_R3_5dpi.jpg;53;3;5;134225;98.8169;0.9968;0.1855;133601.5;1484.46;501.45;346.23;1.4483;0.7619;0.9921
53_R3_8dpi.jpg;53;3;8;130479;89.301;4.6712;6.0025;129867;1487.68;507.06;335.39;1.5118;0.7374;0.9937
54_R1_1dpi.jpg;54;1;1;66849;99.0576;0.8512;0.0389;66417.5;1027.93;336.23;261.06;1.2879;0.7899;0.9782
54_R1_3dpi.jpg;54;1;3;68056;99.3873;0.4702;0.0456;67643;1041.06;329.27;271.4;1.2132;0.7843;0.9772
54_R1_5dpi.jpg;54;1;5;67262;98.7779;0.8846;0.2096;66849;1039.34;329.1;265.8;1.2381;0.7777;0.9765
54_R1_8dpi.jpg;54;1;8;68717;94.9445;3.8579;0.9823;68401;1473.93;329.66;264.47;1.2465;0.3957;0.9804
54_R2_1dpi.jpg;54;2;1;57425;96.8289;0.4667;0.9856;57131;1385.53;315.42;233.92;1.3484;0.374;0.9565
54_R2_3dpi.jpg;54;2;3;51892;88.9925;0.3642;0.6147;52687;2094.03;291.02;229.97;1.2655;0.151;0.9151
54_R2_5dpi.jpg;54;2;5;60565;99.5955;0.3897;0;60179.5;1028.92;318.82;245.43;1.299;0.7143;0.9688
54_R2_8dpi.jpg;54;2;8;59373;47.4862;45.6857;6.7775;59206.5;1162.32;315.38;244.27;1.2911;0.5507;0.9881
54_R3_1dpi.jpg;54;3;1;78423;99.5716;0.38;0.0281;77951.5;1112.41;382.58;260.43;1.469;0.7916;0.9913
54_R3_3dpi.jpg;54;3;3;70043;99.8844;0.0928;0.0171;69598.5;1074.27;373.99;237.69;1.5734;0.7578;0.9916
54_R3_5dpi.jpg;54;3;5;69602;99.6264;0.3606;0.0129;69175;1087.63;366.47;242.91;1.5086;0.7349;0.9903
54_R3_8dpi.jpg;54;3;8;71198;49.8483;48.0631;1.7711;70864.5;1234.58;363.98;254.57;1.4298;0.5843;0.9862
55_R1_1dpi.jpg;55;1;1;178160;99.5914;0.2183;0.1583;177116.5;1962.23;518.3;444.55;1.1659;0.5781;0.9823
55_R1_3dpi.jpg;55;1;3;192816;99.8174;0.1151;0.0415;192087;1818.93;535.24;463;1.156;0.7296;0.9627
55_R1_5dpi.jpg;55;1;5;186713;99.9336;0.0552;0.0027;185973;1718.65;526.56;459.02;1.1471;0.7912;0.9692
55_R1_8dpi.jpg;55;1;8;197058;97.4891;2.0694;0.2116;195977;2734.64;542.34;466.69;1.1621;0.3293;0.9697
55_R2_1dpi.jpg;55;2;1;126460;99.0282;0.2957;0.3377;126041.5;1935.77;431.43;375.84;1.1479;0.4227;0.9782
55_R2_3dpi.jpg;55;2;3;131925;98.8478;0.1774;0.1561;131675.5;2202.99;439.82;386.99;1.1365;0.341;0.9601
55_R2_5dpi.jpg;55;2;5;141234;99.8825;0.1041;0.0028;140601.5;1566.29;448.66;405.74;1.1058;0.7202;0.9643
55_R2_8dpi.jpg;55;2;8;135262;43.0875;29.879;27.0194;134579.5;1728.17;441.35;391.46;1.1275;0.5663;0.9635
55_R3_1dpi.jpg;55;3;1;181416;99.5656;0.3065;0.1108;180544;1830.1;520.97;455.72;1.1432;0.6774;0.9665
55_R3_3dpi.jpg;55;3;3;187189;99.9049;0.0684;0.0219;186401;1788.73;519.06;465.03;1.1162;0.7321;0.9629
55_R3_5dpi.jpg;55;3;5;187379;99.0148;0.7973;0.1879;186618.5;1798.83;510.25;474.12;1.0762;0.7247;0.966
55_R3_8dpi.jpg;55;3;8;179197;43.7457;41.0587;10.8423;178900;1937.07;489.17;470.15;1.0405;0.5991;0.9655
56_R1_1dpi.JPG;56;1;1;70201;99.1168;0.8276;0.0399;69605.5;1068.41;311.73;286.27;1.0889;0.7663;0.9654
56_R1_3dpi.jpg;56;1;3;74280;97.5458;0.6395;1.7219;73822;1126.51;337.63;280.62;1.2031;0.731;0.9432
56_R1_5dpi.jpg;56;1;5;74751;95.9305;0.5886;3.4247;74295.5;1095.1;343;277.7;1.2351;0.7785;0.9477
56_R1_8dpi.jpg;56;1;8;76074;83.8749;6.6475;8.9676;75931;1239.71;373.34;269.07;1.3875;0.6209;0.9107
56_R2_1dpi.jpg;56;2;1;91376;99.2525;0.1926;0.2845;90827.5;1543.26;363.25;322.76;1.1255;0.4792;0.968
56_R2_3dpi.jpg;56;2;3;115586;99.3641;0.2249;0.122;114910.5;1673.82;434.78;345.28;1.2592;0.5154;0.9651
56_R2_5dpi.jpg;56;2;5;120588;99.956;0.0431;0;120003;1407.47;462.13;337.33;1.37;0.7612;0.9757
56_R2_8dpi.jpg;56;2;8;124195;99.6514;0.3422;0;123542.5;1494.06;424.51;376.84;1.1265;0.6955;0.981
56_R3_1dpi.jpg;56;3;1;150783;99.5503;0.2527;0.1884;150182.5;1581.92;495.57;386.71;1.2815;0.7542;0.9943
56_R3_3dpi.jpg;56;3;3;150617;99.8984;0.085;0.0146;149950.5;1569.49;503.14;386.25;1.3026;0.765;0.9837
56_R3_5dpi.jpg;56;3;5;148568;99.6029;0.2578;0.1387;148046.5;1541.35;508.83;377.61;1.3475;0.7831;0.984
56_R3_8dpi.jpg;56;3;8;146062;98.3651;0.6244;0.9914;145580.5;1549.89;505.31;374.97;1.3476;0.7616;0.9907
57_R1_1dpi.JPG;57;1;1;176422;99.8827;0.1043;0;175626.5;1674.06;505.88;446.44;1.1331;0.7875;0.9689
57_R1_3dpi.jpg;57;1;3;179633;99.6304;0.2238;0.0896;178926;1712.04;504.41;448.49;1.1247;0.7671;0.9767
57_R1_5dpi.jpg;57;1;5;173144;99.7124;0.2097;0.0422;172417;1686.93;502.48;438.58;1.1457;0.7614;0.9783
57_R1_8dpi.jpg;57;1;8;176803;87.5986;10.7153;1.4751;176827;1942.59;512.07;458.33;1.1173;0.5888;0.9605
57_R2_1dpi.jpg;57;2;1;101675;97.6897;0.296;1.3464;101412.5;1800.25;379.86;351.33;1.0812;0.3932;0.9812
57_R2_3dpi.jpg;57;2;3;93922;90.1578;0.1416;0.7559;95837;1805.58;376.87;330.65;1.1398;0.3694;0.9741
57_R2_5dpi.jpg;57;2;5;104227;92.0951;5.3383;2.5147;103717;1257.22;375.33;357.04;1.0512;0.8246;0.9936
57_R2_8dpi.jpg;57;2;8;102121;25.7822;43.6433;30.5745;101611.5;1230.56;372.06;349.53;1.0644;0.8432;0.9955
57_R3_1dpi.jpg;57;3;1;80354;99.7685;0.2116;0.0087;79958.5;1127.12;375.61;272.6;1.3779;0.7909;0.9943
57_R3_3dpi.jpg;57;3;3;124487;53.5502;40.544;1.511;124986.5;1622.46;427.66;377.31;1.1335;0.5967;0.9758
57_R3_5dpi.jpg;57;3;5;123171;11.4264;58.9733;29.5987;122573;1436.82;424.67;374.72;1.1333;0.7461;0.974
57_R3_8dpi.jpg;57;3;8;80739;0.0124;1.3017;87.9203;86564.5;4182.74;385.36;360.28;1.0696;0.0622;0.7334
58_R1_1dpi.jpg;58;1;1;124604;99.7159;0.2207;0.053;124016.5;1392.3;419.53;378.79;1.1075;0.8039;0.9937
58_R1_3dpi.jpg;58;1;3;134390;99.4032;0.2634;0.3066;133821;1501.73;448.67;378.84;1.1843;0.7457;0.9818
58_R1_5dpi.jpg;58;1;5;130850;99.9427;0.0443;0.0015;130233.5;1408.92;442.23;379.05;1.1667;0.8244;0.9871
58_R1_8dpi.jpg;58;1;8;134250;99.121;0.7918;0.0305;134553;1705.26;445.46;394.84;1.1282;0.5815;0.9813
58_R2_1dpi.jpg;58;2;1;128903;99.2529;0.4662;0.1451;128240;1778.59;435.07;381.66;1.1399;0.5094;0.9836
58_R2_3dpi.jpg;58;2;3;138968;99.6071;0.1374;0.0856;138096.5;1754.34;442.83;401.24;1.1037;0.5638;0.9779
58_R2_5dpi.jpg;58;2;5;149542;99.6717;0.2287;0.0528;148913.5;1539.83;458.27;416.03;1.1015;0.7892;0.9879
58_R2_8dpi.jpg;58;2;8;146367;98.7402;1.1437;0.11;145774;1559.27;452.5;409.16;1.1059;0.7534;0.9792
58_R3_1dpi.jpg;58;3;1;115280;99.8621;0.1084;0.0087;114754.5;1403.75;411.9;360.32;1.1431;0.7318;0.973
58_R3_3dpi.jpg;58;3;3;114123;80.8733;8.7888;10.1224;113710;1505.88;418.67;350.99;1.1928;0.6301;0.9813
58_R3_5dpi.jpg;58;3;5;108762;46.4022;26.957;26.6398;112138;1434.62;415.03;347.76;1.1934;0.6847;0.9692
58_R3_8dpi.jpg;58;3;8;94640;17.3172;8.2502;73.5978;94454;1387.53;402.32;310.26;1.2967;0.6165;0.983
59_R1_1dpi.jpg;59;1;1;170632;99.503;0.3552;0.1401;169968;1571.37;500.19;443.78;1.1271;0.865;0.9944
59_R1_3dpi.jpg;59;1;3;183838;98.1631;1.2642;0.4977;183025.5;2017.8;515.47;458.26;1.1248;0.5649;0.983
59_R1_5dpi.jpg;59;1;5;167577;99.5871;0.3348;0.0698;166901.5;1563.15;493.38;443.95;1.1114;0.8584;0.985
59_R1_8dpi.jpg;59;1;8;174661;64.8725;27.7297;7.2873;174324;1641.05;506.4;448.19;1.1299;0.8134;0.9876
59_R2_1dpi.jpg;59;2;1;106339;99.1922;0.4222;0.2012;105752.5;1613.15;384.02;361.91;1.0611;0.5107;0.9717
59_R2_3dpi.jpg;59;2;3;119486;99.6569;0.1038;0.0134;118756;1615.27;408.86;376.83;1.085;0.572;0.9579
59_R2_5dpi.jpg;59;2;5;130891;99.5042;0.408;0.039;130288;1484.5;424.34;402.32;1.0547;0.7429;0.9641
59_R2_8dpi.jpg;59;2;8;129774;33.6023;34.5901;31.8053;129250;1439.94;420.95;400.78;1.0503;0.7833;0.9689
59_R3_1dpi.jpg;59;3;1;209779;99.3155;0.5339;0.103;209038.5;2033.42;633.28;437.66;1.447;0.6353;0.9443
59_R3_3dpi.jpg;59;3;3;217156;99.8835;0.1068;0.0032;216333.5;1962.88;610.11;459.01;1.3292;0.7056;0.9531
59_R3_5dpi.jpg;59;3;5;212593;99.3735;0.5781;0.0442;211768;1995.89;604;455.12;1.3271;0.668;0.9514
59_R3_8dpi.jpg;59;3;8;207079;91.4279;5.9697;2.5647;206351;2019.95;602.58;438.47;1.3743;0.6355;0.9387
60_R1_1dpi.jpg;60;1;1;115127;98.9177;0.6523;0.3909;114491;1513.53;409.68;364.42;1.1242;0.6281;0.9771
60_R1_3dpi.jpg;60;1;3;120875;96.144;1.9309;1.83;120527.5;1661.72;424.4;364.11;1.1656;0.5485;0.9818
60_R1_5dpi.jpg;60;1;5;112741;90.2857;2.9439;6.7473;112177.5;1307.38;398.03;366.59;1.0858;0.8247;0.9921
60_R1_8dpi.jpg;60;1;8;120908;64.0752;17.6068;18.0294;120695;1636.36;412.78;376.08;1.0976;0.5664;0.988
60_R2_1dpi.jpg;60;2;1;54306;99.5525;0.1455;0.1713;53891.5;1007.1;285;245.05;1.163;0.6677;0.9854
60_R2_3dpi.jpg;60;2;3;59540;99.6758;0.1545;0.0084;59143.5;1026.9;298.59;257.44;1.1599;0.7048;0.9861
60_R2_5dpi.jpg;60;2;5;62177;99.9614;0.0354;0;61749;1004.43;300.17;263.22;1.1404;0.7691;0.9847
60_R2_8dpi.jpg;60;2;8;61624;96.4429;2.1274;1.4102;61231;1125.79;295.18;269.54;1.0951;0.6071;0.985
60_R3_1dpi.jpg;60;3;1;56466;99.7591;0.1718;0.0142;56076;1024.29;292.36;250.47;1.1672;0.6716;0.9597
60_R3_3dpi.jpg;60;3;3;67967;99.9956;0.0044;0;67514.5;1039.56;323.51;271.24;1.1927;0.7851;0.9627
60_R3_5dpi.jpg;60;3;5;68287;99.8111;0.1743;0.0088;67836.5;1137.64;328.11;268.63;1.2214;0.6587;0.9537
60_R3_8dpi.jpg;60;3;8;67681;89.6736;8.7159;1.4273;67348;1143.89;323.15;267.18;1.2095;0.6468;0.9617
61_R1_1dpi.jpg;61;1;1;100650;98.8127;0.8137;0.2802;100043;1270.43;394.46;331.53;1.1898;0.7789;0.9931
61_R1_3dpi.jpg;61;1;3;130207;98.0055;1.3985;0.4501;129560;1633.69;446.99;391.66;1.1413;0.61;0.9841
61_R1_5dpi.jpg;61;1;5;116880;99.9452;0.0351;0;116276.5;1341.48;427.03;366.55;1.165;0.812;0.9808
61_R1_8dpi.jpg;61;1;8;124797;98.7684;0.9431;0.1851;124095;2082.46;419.31;380.42;1.1022;0.3596;0.9776
61_R2_1dpi.jpg;61;2;1;92029;99.7827;0.1619;0.0043;91504.5;1242.04;353.76;335.17;1.0555;0.7454;0.9881
61_R2_3dpi.jpg;61;2;3;87918;99.9454;0.0136;0.0011;87429.5;1178.32;348.31;324.94;1.0719;0.7913;0.9882
61_R2_5dpi.jpg;61;2;5;92165;99.974;0.0163;0.0011;91682.5;1205.49;358;328.89;1.0885;0.7928;0.9931
61_R2_8dpi.jpg;61;2;8;87248;99.7467;0.2304;0.0023;86807;1168.25;348.28;320.94;1.0852;0.7993;0.9857
61_R3_1dpi.jpg;61;3;1;72105;99.8058;0.1373;0.0166;71694;1122.71;308.33;301.64;1.0222;0.7147;0.964
61_R3_3dpi.jpg;61;3;3;91968;99.9913;0.0076;0;91430;1261.22;361.87;333.84;1.084;0.7223;0.9547
61_R3_5dpi.jpg;61;3;5;87513;99.8469;0.1417;0.0103;86988;1242.05;355.23;320.08;1.1098;0.7086;0.9624
61_R3_8dpi.jpg;61;3;8;83470;94.7514;3.5761;1.6185;83013.5;1238.09;352.95;307.9;1.1463;0.6805;0.9714
62_R2_1dpi.jpg;62;2;1;239272;99.5411;0.2148;0.1985;238298;2273.67;644.24;479.68;1.3431;0.5793;0.9909
62_R2_3dpi.jpg;62;2;3;236987;99.8055;0.0198;0.0055;236291;1984.53;627.97;485.19;1.2943;0.7539;0.9902
62_R2_5dpi.jpg;62;2;5;240684;98.6302;0.6124;0.7533;239888;1953.01;631.05;486.66;1.2967;0.7903;0.9921
62_R2_8dpi.jpg;62;2;8;207093;10.6735;52.9714;36.3527;206252;1956.41;607.27;436.84;1.3902;0.6772;0.9808
62_R3_1dpi.jpg;62;3;1;128561;99.0324;0.511;0.3726;127978;1408.6;464.12;356.06;1.3035;0.8105;0.9863
62_R3_3dpi.jpg;62;3;3;138537;99.9473;0.0455;0.0029;137875.5;1501.04;475.18;392.2;1.2116;0.769;0.9611
62_R3_5dpi.jpg;62;3;5;140128;99.9515;0.0421;0.0057;139460.5;1575.33;469.71;396.49;1.1847;0.7062;0.9741
62_R3_8dpi.JPG;62;3;8;142233;99.981;0.012;0.0035;141493;1537.02;482.88;392.67;1.2297;0.7526;0.9785
63_R1_1dpi.jpg;63;1;1;119411;99.8601;0.1281;0.0008;118973.5;1394.26;430.79;349.92;1.2311;0.7691;0.9866
63_R1_3dpi.jpg;63;1;3;122600;99.9918;0.0065;0;122057.5;1406.86;435.44;356.41;1.2217;0.7749;0.9892
63_R1_5dpi.jpg;63;1;5;123341;99.9554;0.0349;0.0016;122824.5;1384.32;440;357.9;1.2294;0.8054;0.9926
63_R1_8dpi.jpg;63;1;8;126118;99.0184;0.7636;0.0872;125618.5;1499.86;447.18;359.99;1.2422;0.7017;0.9894
63_R2_1dpi.jpg;63;2;1;147259;99.8954;0.0326;0.0469;146529;1631.07;457.03;412.91;1.1068;0.6921;0.9863
63_R2_3dpi.jpg;63;2;3;153484;99.9518;0.0078;0.0033;152834;1507.59;465.66;418.18;1.1135;0.845;0.9941
63_R2_5dpi.jpg;63;2;5;155594;99.9968;0.0026;0;155062;1528.16;467.69;423.18;1.1052;0.8344;0.9946
63_R2_8dpi.jpg;63;2;8;156030;99.8077;0.1865;0.0032;155391.5;1611.86;475.15;419.73;1.1321;0.7516;0.9901
63_R3_1dpi.jpg;63;3;1;208775;99.3131;0.4311;0.229;208047;1909.1;548.87;488.11;1.1245;0.7173;0.9702
63_R3_3dpi.jpg;63;3;3;213122;99.9761;0.0216;0;212352.5;1835.91;549.81;488.65;1.1252;0.7917;0.9735
63_R3_5dpi.jpg;63;3;5;211514;99.7631;0.1759;0.0572;210733.5;1926.82;539.99;489.42;1.1033;0.7133;0.9725
63_R3_8dpi.jpg;63;3;8;211656;91.4706;2.5598;5.9427;210861;2004.59;551.93;489.13;1.1284;0.6594;0.9724
64_R2_1dpi.jpg;64;2;1;165490;99.881;0.0411;0.0103;164812;1736.9;484.91;441.38;1.0986;0.6865;0.9764
64_R2_3dpi.jpg;64;2;3;175963;99.8807;0.0682;0.0023;175200;1840.23;480.06;463.57;1.0356;0.6501;0.97
64_R2_5dpi.jpg;64;2;5;184425;99.8948;0.0922;0.0049;183664;1852.29;498.47;482.13;1.0339;0.6727;0.9592
64_R2_8dpi.jpg;64;2;8;188172;99.6827;0.2965;0.0016;187565.5;1809.71;505.14;480.66;1.0509;0.7197;0.9653
64_R3_1dpi.jpg;64;3;1;47389;99.9536;0.0401;0;47011.5;924.1;356.35;174.51;2.042;0.6918;0.9917
64_R3_3dpi.jpg;64;3;3;51295;92.2351;2.9633;4.3065;51008.5;972.53;360.29;182.87;1.9702;0.6777;0.9909
64_R3_5dpi.jpg;64;3;5;45610;62.1136;27.7965;10.0899;46359;1404.22;349.64;170.68;2.0485;0.2954;0.9466
64_R3_8dpi.jpg;64;3;8;46366;1.6823;3.2632;94.427;46202.5;1102.41;349.64;172.1;2.0316;0.4777;0.9817
65_R1_1dpi.jpg;65;1;1;137190;99.8768;0.1013;0;136654;1572.93;446.14;392.37;1.1371;0.6941;0.9938
65_R1_3dpi.jpg;65;1;3;139725;94.9737;2.9415;2.0354;139163;1464.85;450.58;391.2;1.1518;0.815;0.9937
65_R1_5dpi.jpg;65;1;5;137276;79.8005;6.2626;13.6353;136965.5;1448.6;451.5;386.38;1.1685;0.8202;0.994
65_R1_8dpi.jpg;65;1;8;138832;46.7025;21.7976;31.0375;138882;1953.83;453.54;392.29;1.1561;0.4572;0.9864
65_R2_1dpi.jpg;65;2;1;155776;98.2385;0.7036;0.8358;155545;1884.23;460.7;429.47;1.0727;0.5505;0.986
65_R2_3dpi.jpg;65;2;3;160158;99.4293;0.1592;0.2123;159344.5;2083.47;472.68;436.11;1.0839;0.4613;0.9616
65_R2_5dpi.jpg;65;2;5;167537;99.9343;0.0507;0.0054;166824.5;1765.51;481.33;443.06;1.0864;0.6726;0.9584
65_R2_8dpi.jpg;65;2;8;166127;97.8661;1.612;0.4852;166198.5;1840.36;478.86;442.38;1.0824;0.6166;0.9921
65_R3_1dpi.jpg;65;3;1;81399;99.7948;0.1855;0.0086;80900.5;1154.53;400.91;259.24;1.5465;0.7627;0.9937
65_R3_3dpi.jpg;65;3;3;88282;99.9739;0.0215;0;87755.5;1209.16;425.27;269.03;1.5808;0.7543;0.9837
65_R3_5dpi.jpg;65;3;5;89352;99.8758;0.122;0;88821;1217.4;427.31;271.44;1.5742;0.7531;0.9828
65_R3_8dpi.jpg;65;3;8;90956;93.2319;2.587;4.0096;90576;1230.03;427.16;277.08;1.5416;0.7523;0.9946
66_R1_1dpi.jpg;66;1;1;91246;99.6351;0.3134;0.0427;90768.5;1158.47;363.97;325.1;1.1196;0.8499;0.9868
66_R1_3dpi.jpg;66;1;3;101610;99.5689;0.3218;0.0955;101082.5;1293.87;378.61;345.65;1.0953;0.7588;0.9781
66_R1_5dpi.jpg;66;1;5;99627;99.8856;0.1044;0.006;99101;1214.71;376.94;343.93;1.096;0.844;0.9876
66_R1_8dpi.jpg;66;1;8;103019;93.3556;6.3454;0.1233;102575;1595.13;380.11;350.01;1.086;0.5066;0.9703
66_R2_1dpi.jpg;66;2;1;90241;99.8903;0.0499;0.01;89504;1330.62;371.89;314.71;1.1817;0.6352;0.9713
66_R2_3dpi.jpg;66;2;3;101892;99.945;0.0108;0.001;101351;1266.2;369.8;351.16;1.0531;0.7944;0.9903
66_R2_5dpi.jpg;66;2;5;102978;99.9485;0.0495;0;102476.5;1284.18;368.63;354.59;1.0396;0.7809;0.9899
66_R2_8dpi.jpg;66;2;8;104087;97.8547;1.7149;0.415;103529.5;1348.52;377.56;353.29;1.0687;0.7154;0.9893
67_R1_1dpi.jpg;67;1;1;263325;98.8565;0.6357;0.4804;262438;2080.43;606.01;553.04;1.0958;0.762;0.9957
67_R1_3dpi.jpg;67;1;3;260746;92.704;3.5728;3.6852;259884.5;2012.43;600.83;558.45;1.0759;0.8064;0.9918
67_R1_5dpi.jpg;67;1;5;254142;67.6602;8.2415;24.0488;253347.5;1993.62;586.48;548.43;1.0694;0.801;0.987
67_R1_8dpi.jpg;67;1;8;265755;29.604;16.8881;53.173;267652.5;2531.52;610.35;551.61;1.1065;0.5248;0.9842
67_R2_1dpi.jpg;67;2;1;65326;98.359;0.5832;0.7133;64987.5;1400.12;312.2;273.22;1.1427;0.4166;0.9664
67_R2_3dpi.jpg;67;2;3;66172;99.7718;0.0846;0.0076;65666.5;1095.1;317.02;272.91;1.1616;0.6881;0.9806
67_R2_5dpi.jpg;67;2;5;67298;99.9896;0.0104;0;66889;1019.6;323.38;265.52;1.2179;0.8085;0.9887
67_R2_8dpi.jpg;67;2;8;67597;98.7618;1.1938;0.0414;67291;1078.8;322.48;273.06;1.181;0.7266;0.9888
68_R3_1dpi.jpg;68;3;1;94228;99.8015;0.1772;0.0064;93650;1293.17;362.55;330.43;1.0972;0.7037;0.968
68_R3_3dpi.jpg;68;3;3;103052;99.9884;0.0107;0;102501;1284.25;379.31;348.95;1.087;0.781;0.9666
68_R3_5dpi.jpg;68;3;5;103595;99.9846;0.0135;0;103204;1497.68;380.07;350.42;1.0846;0.5782;0.9599
68_R3_8dpi.jpg;68;3;8;103469;96.5768;1.8498;1.5338;103098;1457.39;381.32;350;1.0895;0.61;0.9704
69_R1_1dpi.jpg;69;1;1;126034;99.5239;0.3555;0.1127;125319.5;1631.88;462.88;353.25;1.3103;0.5914;0.9733
69_R1_3dpi.jpg;69;1;3;132219;98.0071;0.5892;1.3606;131658;1576.27;484.7;346.97;1.397;0.6659;0.9763
69_R1_5dpi.jpg;69;1;5;128131;95.5748;1.4665;2.7214;127518.5;1511.4;472.85;348.9;1.3553;0.7015;0.9727
69_R1_8dpi.jpg;69;1;8;136617;6.9193;56.706;35.3675;136779;1928.43;483.55;361.27;1.3384;0.4622;0.974
69_R2_1dpi.jpg;69;2;1;105314;99.3496;0.1947;0.3228;104680;1624.93;398.82;336.5;1.1852;0.4982;0.9838
69_R2_3dpi.jpg;69;2;3;118075;99.1217;0.2083;0.1524;117410;1779.52;428.55;354.98;1.2072;0.4659;0.9825
69_R2_5dpi.jpg;69;2;5;120856;98.7407;0.9069;0.3268;120303;1340.65;445.39;348.93;1.2764;0.8411;0.9912
69_R2_8dpi.jpg;69;2;8;98290;61.4508;32.9505;5.5947;97782;1249.05;426.73;297.71;1.4334;0.7876;0.9739
69_R3_1dpi.jpg;69;3;1;79406;99.0794;0.5806;0.2468;78933;1119.26;323.76;312.42;1.0363;0.7918;0.9929
69_R3_3dpi.jpg;69;3;3;83010;84.1248;7.4365;8.3496;82533.5;1119.99;333.13;316.28;1.0533;0.8268;0.9913
69_R3_5dpi.jpg;69;3;5;82453;20.9344;42.6449;36.3965;81904.5;1246.09;331.83;318.17;1.0429;0.6629;0.9849
69_R3_8dpi.jpg;69;3;8;81060;1.8394;6.2003;91.51;80819;1227.02;334.62;309.44;1.0814;0.6746;0.9908
70_R1_1dpi.jpg;70;1;1;177370;99.258;0.5458;0.1872;176678.5;1651.66;493.93;468;1.0554;0.8139;0.9953
70_R1_3dpi.jpg;70;1;3;183776;99.747;0.2236;0.0185;183069.5;1665.11;502.15;471.98;1.0639;0.8297;0.9946
70_R1_5dpi.jpg;70;1;5;181591;99.7759;0.1845;0.0231;180903;1654.39;494.02;473.29;1.0438;0.8306;0.9952
70_R1_8dpi.jpg;70;1;8;182224;95.6614;3.9759;0.2448;181674.5;2082.04;506.51;483.83;1.0469;0.5267;0.9881
70_R2_1dpi.jpg;70;2;1;148707;99.1413;0.3961;0.2347;148060.5;1839.62;451.49;420.24;1.0744;0.5498;0.9855
70_R2_3dpi.jpg;70;2;3;146551;99.0283;0.1221;0.3603;145870.5;1991.77;449.76;415.76;1.0818;0.4621;0.9735
70_R2_5dpi.jpg;70;2;5;158209;99.9147;0.0632;0.0145;157509;1701.76;469.89;429.38;1.0944;0.6835;0.9776
70_R2_8dpi.jpg;70;2;8;148757;71.0387;18.6721;10.2765;148107;1705.18;453.1;418.9;1.0816;0.6401;0.9769
70_R3_1dpi.jpg;70;3;1;140923;99.8091;0.1604;0.0021;140320.5;1597.03;498.4;369.12;1.3503;0.6914;0.9849
70_R3_3dpi.jpg;70;3;3;147560;99.9715;0.0244;0;146960;1554.65;492.09;387.38;1.2703;0.7641;0.9834
70_R3_5dpi.jpg;70;3;5;142229;99.7631;0.2151;0.0204;141589;1541.62;489.48;373.85;1.3093;0.7487;0.9792
70_R3_8dpi.jpg;70;3;8;146014;98.5851;0.7588;0.641;145347;1621.98;498.64;382.84;1.3025;0.6943;0.9795
71_R1_1dpi.jpg;71;1;1;120928;99.9942;0.0058;0;120367;1360.34;435.8;354.39;1.2297;0.8174;0.9916
71_R1_3dpi.jpg;71;1;3;127640;99.7446;0.217;0.0251;127028.5;1415.33;436.95;371.72;1.1755;0.7969;0.9881
71_R1_5dpi.jpg;71;1;5;123783;99.9111;0.084;0;123187.5;1361.67;438.21;363.65;1.205;0.8349;0.9905
71_R1_8dpi.jpg;71;1;8;130596;98.9785;0.8645;0.108;130127.5;1575.52;445.87;372.82;1.1959;0.6588;0.9837
71_R2_1dpi.jpg;71;2;1;44191;99.8099;0.0702;0.0023;43801;940.37;275.46;208;1.3243;0.6224;0.9837
71_R2_3dpi.jpg;71;2;3;65709;99.8402;0.0761;0.0076;65271;1102.17;321.12;262.2;1.2247;0.6752;0.9812
71_R2_5dpi.jpg;71;2;5;68084;99.8972;0.094;0;67671.5;1028.96;325.61;266.61;1.2213;0.8032;0.9898
71_R2_8dpi.jpg;71;2;8;67757;99.5971;0.3852;0.0103;67313.5;1029.64;323.5;266.21;1.2152;0.7979;0.988
71_R3_1dpi.jpg;71;3;1;109095;99.9303;0.0697;0;108535.5;1299.16;450.27;316.92;1.4208;0.8081;0.9952
71_R3_3dpi.jpg;71;3;3;115784;81.6045;10.8435;7.4207;115285.5;1385.81;474.93;316.65;1.4999;0.7544;0.9889
71_R3_5dpi.jpg;71;3;5;111965;27.9561;40.4492;31.5884;111380;1363.08;449.39;328.25;1.369;0.7533;0.9775
71_R3_8dpi.jpg;71;3;8;93070;2.0888;4.733;92.2413;93326.5;1527.29;399.24;305.37;1.3074;0.5028;0.9535
72_R1_1dpi.jpg;72;1;1;233479;99.0059;0.5195;0.4626;232857.5;2004.11;565.41;526.89;1.0731;0.7285;0.9907
72_R1_3dpi.jpg;72;1;3;235036;99.9209;0.0698;0.0021;234292;1928.58;561.26;529.01;1.061;0.7916;0.993
72_R1_5dpi.jpg;72;1;5;227381;99.8698;0.0915;0.0251;226617;1848.13;555.49;519.06;1.0702;0.8338;0.9952
72_R1_8dpi.jpg;72;1;8;228199;99.0399;0.5727;0.3291;227792;2109.55;549.65;534.92;1.0275;0.6432;0.9821
72_R2_1dpi.jpg;72;2;1;90161;98.3873;0.315;0.3305;90018;1647.27;359.33;325.31;1.1046;0.4169;0.9759
72_R2_3dpi.jpg;72;2;3;96740;98.6066;0.154;0.277;96992;1603.96;383.02;326.1;1.1745;0.4738;0.972
72_R2_5dpi.jpg;72;2;5;103874;99.0229;0.5613;0.1521;103210;1594.99;403.95;337.18;1.198;0.5098;0.958
72_R2_8dpi.jpg;72;2;8;104654;84.7421;13.7443;1.5088;104262.5;1361.27;396.4;335.84;1.1803;0.7071;0.9795
72_R3_1dpi.jpg;72;3;1;233516;99.0086;0.5674;0.3777;232754;1946.73;589.59;508.46;1.1595;0.7718;0.99
72_R3_3dpi.jpg;72;3;3;247776;99.7857;0.1687;0.0428;246923.5;2006.74;604.11;527.8;1.1446;0.7705;0.9778
72_R3_5dpi.jpg;72;3;5;235925;99.8249;0.125;0.0458;235199.5;2021.3;598.65;512.07;1.1691;0.7234;0.967
72_R3_8dpi.jpg;72;3;8;236094;99.6163;0.2524;0.0974;235479;2035.61;593;519.49;1.1415;0.7141;0.9848
73_R1_1dpi.jpg;73;1;1;148596;98.9461;0.6676;0.36;148000.5;1577.15;460.02;412.57;1.115;0.7477;0.9917
73_R1_3dpi.jpg;73;1;3;155145;99.2826;0.4531;0.185;154676.5;1829.92;489.33;418;1.1707;0.5805;0.9746
73_R1_5dpi.jpg;73;1;5;149093;99.4849;0.3441;0.1261;148451;1560.22;467.44;408.81;1.1434;0.7663;0.9783
73_R1_8dpi.jpg;73;1;8;156045;80.8305;15.9659;2.8133;155703.5;2007.45;478.1;419.23;1.1404;0.4855;0.9781
73_R2_1dpi.jpg;73;2;1;290307;99.8939;0.042;0.0251;289865.5;2416.38;649.25;577.7;1.1238;0.6238;0.9928
73_R2_3dpi.jpg;73;2;3;286517;99.8894;0.0251;0.0126;286211.5;2218.99;642.63;574.96;1.1177;0.7304;0.9852
73_R2_5dpi.jpg;73;2;5;293321;97.7445;1.2116;1.0371;292364.5;2341.5;651.77;574.16;1.1352;0.6701;0.9828
73_R2_8dpi.jpg;73;2;8;268313;27.9569;35.9226;36.1153;267614.5;2198.48;646.83;537.99;1.2023;0.6958;0.9719
73_R3_1dpi.jpg;73;3;1;59832;99.8797;0.0869;0;59430;968.57;319.73;243.45;1.3133;0.7961;0.9904
73_R3_3dpi.jpg;73;3;3;61481;99.6015;0.1724;0.1838;61096;997.34;322.91;249.44;1.2945;0.7719;0.9873
73_R3_5dpi.jpg;73;3;5;60423;98.4195;1.5607;0.0182;60019.5;1019.44;322.68;246;1.3117;0.7257;0.9836
73_R3_8dpi.jpg;73;3;8;56840;76.0855;14.7449;8.6717;56439;1099.97;329.66;225.97;1.4589;0.5862;0.9851
74_R1_1dpi.jpg;74;1;1;133111;99.5034;0.3899;0.0751;132310.5;1511.94;445.86;382.12;1.1668;0.7273;0.9918
74_R1_3dpi.jpg;74;1;3;128360;99.5131;0.3186;0.113;127894;1562.73;464.09;352.15;1.3179;0.6581;0.9904
74_R1_5dpi.jpg;74;1;5;119407;98.3452;0.804;0.8492;118844.5;1351.21;467.33;325.36;1.4363;0.818;0.9938
74_R1_8dpi.jpg;74;1;8;123079;25.1603;49.725;24.8255;122601;1793.46;480.09;328.29;1.4624;0.479;0.9788
74_R2_1dpi.jpg;74;2;1;101541;98.962;0.2836;0.4195;101074;1553.68;412.92;318.77;1.2954;0.5262;0.9699
74_R2_3dpi.jpg;74;2;3;98578;94.8619;0.0974;0.8227;98693.5;1581.26;417.52;311.39;1.3408;0.496;0.9604
74_R2_5dpi.jpg;74;2;5;102109;2.94;9.2891;87.72;101655.5;1307.01;423.6;309.07;1.3705;0.7478;0.9754
74_R2_8dpi.jpg;74;2;8;93426;0;0.4421;99.5515;92934.5;1258.78;412.33;289.84;1.4226;0.737;0.9771
74_R3_1dpi.jpg;74;3;1;105809;99.9423;0.0369;0;105259;1345.91;384.37;350.15;1.0977;0.7302;0.9929
74_R3_3dpi.jpg;74;3;3;107328;99.318;0.2693;0.4081;106794.5;1279.44;399.52;345;1.158;0.8198;0.9921
74_R3_5dpi.jpg;74;3;5;88221;96.5382;1.757;1.7014;87222.5;3179.38;371.35;313.86;1.1832;0.1084;0.8295
74_R3_8dpi.jpg;74;3;8;106852;79.0336;7.268;13.6301;106520.5;1298.78;389.37;349.9;1.1128;0.7935;0.9945
75_R1_1dpi.jpg;75;1;1;135198;98.8336;0.6043;0.5222;134569.5;1574.32;438.76;399.02;1.0996;0.6823;0.985
75_R1_3dpi.jpg;75;1;3;138336;99.8728;0.1229;0;137733.5;1458.06;439.35;399.47;1.0998;0.8141;0.9852
75_R1_5dpi.jpg;75;1;5;134807;99.0364;0.5645;0.3917;134199;1432.48;429.75;399.85;1.0748;0.8218;0.9835
75_R1_8dpi.jpg;75;1;8;138890;71.1686;19.239;9.2901;138078;1732.3;428.94;412.01;1.0411;0.5782;0.9851
75_R2_1dpi.jpg;75;2;1;31371;97.2937;0.6312;1.4089;31060;949.52;242.07;169.19;1.4308;0.4329;0.9679
75_R2_3dpi.jpg;75;2;3;38012;99.3186;0.2499;0.0763;37574;948.43;263.86;184.85;1.4275;0.5249;0.9781
75_R2_5dpi.jpg;75;2;5;40881;99.3126;0.6482;0.0024;40564;823.84;271.85;193.05;1.4082;0.751;0.9844
75_R2_8dpi.jpg;75;2;8;40558;74.6092;18.4378;6.9382;40202;865.58;273.33;190.81;1.4325;0.6743;0.9832
75_R3_1dpi.jpg;75;3;1;178829;99.353;0.4803;0.123;178281;1785.58;510.06;450.91;1.1312;0.7027;0.9891
75_R3_3dpi.jpg;75;3;3;182785;99.93;0.0443;0.0235;182131;1676.04;502.47;460.85;1.0903;0.8147;0.9915
75_R3_5dpi.jpg;75;3;5;182080;99.6458;0.3433;0.0077;181363;1704.93;506.76;461.8;1.0974;0.7841;0.9903
75_R3_8dpi.jpg;75;3;8;183067;90.332;3.1715;6.4392;182683;1729.42;505.82;464.03;1.0901;0.7676;0.9905
76_R1_1dpi.jpg;76;1;1;158648;99.4441;0.4141;0.1185;158027;1559.21;463.49;438.64;1.0566;0.8168;0.9952
76_R1_3dpi.jpg;76;1;3;167861;99.9285;0.0608;0.0024;167267;1599.76;476.71;448.14;1.0637;0.8213;0.9945
76_R1_5dpi.jpg;76;1;5;163764;99.8583;0.1227;0.0159;163127.5;1601.03;472.6;447.73;1.0555;0.7997;0.9945
76_R1_8dpi.jpg;76;1;8;169135;99.2728;0.5948;0.0828;168417.5;1875.71;480.29;453.35;1.0594;0.6015;0.9812
76_R2_1dpi.jpg;76;2;1;140453;99.6127;0.1816;0.1096;139854.5;1688.32;485.04;378;1.2832;0.6166;0.981
76_R2_3dpi.jpg;76;2;3;145142;99.7423;0.1275;0.082;144507.5;1663.43;500.3;378.47;1.3219;0.6563;0.974
76_R2_5dpi.jpg;76;2;5;155616;99.9171;0.0668;0.0051;154915;1610.42;496;406.16;1.2212;0.7506;0.9663
76_R2_8dpi.jpg;76;2;8;156729;74.5446;13.2713;12.1477;156036;1621.97;509.26;402.87;1.2641;0.7453;0.9835
76_R3_1dpi.jpg;76;3;1;254254;99.8694;0.0928;0.0114;253378.5;2253.78;607.36;539.99;1.1248;0.6268;0.9887
76_R3_3dpi.jpg;76;3;3;257557;94.2991;3.3992;2.2946;256686.5;2030.64;614.51;534.92;1.1488;0.7823;0.9866
76_R3_5dpi.jpg;76;3;5;265810;40.7562;25.1785;34.0649;266607.5;2062.7;621.21;553.22;1.1229;0.7874;0.9827
76_R3_8dpi.jpg;76;3;8;227911;1.5133;8.5709;89.388;227644;2356.27;597.46;492.85;1.2123;0.5152;0.9779
77_R1_1dpi.jpg;77;1;1;167859;99.9631;0.0363;0;167257.5;1600.69;496.37;439.24;1.1301;0.8203;0.9915
77_R1_3dpi.jpg;77;1;3;173904;99.728;0.1898;0.0702;173232;1644.39;497.93;441.67;1.1274;0.8051;0.9911
77_R1_5dpi.jpg;77;1;5;171846;99.1789;0.4539;0.3538;171186;1593.96;501.1;437.39;1.1456;0.8467;0.9932
77_R1_8dpi.jpg;77;1;8;178239;64.7468;28.321;6.6315;177812.5;2177.07;510.96;444.06;1.1507;0.4714;0.9886
77_R2_1dpi.jpg;77;2;1;93529;98.2786;0.3304;1.0029;93334.5;1536.91;376.2;317.26;1.1858;0.4965;0.9839
77_R2_3dpi.jpg;77;2;3;97395;98.1026;0.1355;0.2895;96931.5;1501.6;376.91;328.94;1.1458;0.5402;0.9852
77_R2_5dpi.jpg;77;2;5;104811;99.8321;0.1546;0.0067;104300;1239.25;385.69;345.62;1.1159;0.8534;0.9937
77_R2_8dpi.jpg;77;2;8;101434;77.7954;21.6624;0.5304;100932;1251.05;381.8;340.68;1.1207;0.8104;0.9905
77_R3_1dpi.jpg;77;3;1;115571;99.3121;0.5157;0.1237;115039.5;1381.41;450.01;327.59;1.3737;0.7576;0.9795
77_R3_3dpi.jpg;77;3;3;112817;99.7093;0.2393;0.0266;112249;1342.2;446.08;323.52;1.3788;0.783;0.9861
77_R3_5dpi.jpg;77;3;5;112656;94.8001;5.12;0.0746;112021.5;1466.12;444.58;328.69;1.3526;0.6549;0.9747
77_R3_8dpi.jpg;77;3;8;112957;81.6603;11.0635;7.0947;112497.5;1604.23;444.06;331.67;1.3388;0.5493;0.963
78_R1_1dpi.jpg;78;1;1;188878;99.8581;0.1011;0.0344;188150;1849.1;511.07;475.32;1.0752;0.6915;0.9814
78_R1_3dpi.jpg;78;1;3;195705;99.9172;0.0613;0.0169;195004.5;1759.11;508.99;489;1.0409;0.7919;0.9819
78_R1_5dpi.jpg;78;1;5;192529;99.8182;0.1485;0.028;191786;1763.98;505.51;482.26;1.0482;0.7745;0.9714
78_R1_8dpi.jpg;78;1;8;193113;99.1803;0.697;0.0885;192113;2088.12;506.32;492.02;1.0291;0.5537;0.9752
78_R2_1dpi.jpg;78;2;1;109970;99.6708;0.1091;0.1728;109320.5;1431.07;450.72;313.51;1.4377;0.6708;0.9913
78_R2_3dpi.jpg;78;2;3;112516;99.9102;0.0418;0;111922.5;1397.07;449.83;320.92;1.4017;0.7206;0.9886
78_R2_5dpi.jpg;78;2;5;121554;99.1321;0.5257;0.3011;121031;1661.52;454.07;336.89;1.3478;0.5509;0.9886
78_R2_8dpi.jpg;78;2;8;110364;81.3336;13.8741;4.7878;109806.5;1344.78;454.61;309.19;1.4703;0.763;0.9787
79_R1_1dpi.jpg;79;1;1;149277;99.1827;0.6183;0.1929;148624.5;1504.24;473.28;408.3;1.1591;0.8254;0.9908
79_R1_3dpi.jpg;79;1;3;156570;96.8142;1.7257;1.4096;155895.5;1586.6;482.28;416.91;1.1568;0.7782;0.9925
79_R1_5dpi.jpg;79;1;5;149133;90.021;3.8603;6.0449;148528.5;1505.35;466.17;408.7;1.1406;0.8237;0.9925
79_R1_8dpi.jpg;79;1;8;156635;8.117;39.3443;52.1525;156487;1967.55;477.23;420.9;1.1338;0.508;0.9888
79_R2_1dpi.jpg;79;2;1;200094;99.1139;0.7432;0.0785;199054.5;2236.84;613.98;426.38;1.44;0.4999;0.9835
79_R2_3dpi.jpg;79;2;3;197758;99.9024;0.0314;0.003;196976;1871.81;594.06;427.6;1.3893;0.7065;0.9901
79_R2_5dpi.jpg;79;2;5;204324;99.7636;0.2046;0.0137;203540.5;1914.11;603.44;433.74;1.3913;0.6981;0.9877
79_R2_8dpi.jpg;79;2;8;202790;80.468;13.3271;6.1911;201910;1988.43;591.96;439.75;1.3461;0.6417;0.9857
79_R3_1dpi.jpg;79;3;1;147199;98.3893;1.3628;0.2208;146474;1731.64;615.96;322.43;1.9104;0.6138;0.9279
79_R3_3dpi.jpg;79;3;3;150423;99.6875;0.2513;0.0386;149674;1803.44;613.28;335.35;1.8288;0.5783;0.9043
79_R3_5dpi.jpg;79;3;5;150640;99.2465;0.7223;0.0193;149810;1892.78;600.9;335.12;1.7931;0.5255;0.917
79_R3_8dpi.jpg;79;3;8;149588;75.5569;9.0629;15.1128;149140;1992.23;616.14;336.87;1.829;0.4722;0.9038
80_R1_1dpi.jpg;80;1;1;92471;97.9507;1.4372;0.544;92034.5;1308.27;458.04;270.77;1.6916;0.6757;0.9426
80_R1_3dpi.jpg;80;1;3;94786;94.0835;3.7917;1.5667;94811.5;1455.12;470.35;276.01;1.7041;0.5627;0.9335
80_R1_5dpi.jpg;80;1;5;95046;65.0759;15.7092;18.3164;94594.5;1529.43;471.04;273.95;1.7194;0.5082;0.924
80_R1_8dpi.jpg;80;1;8;93021;3.4433;26.6015;69.5725;92628.5;2102.32;456.85;271.55;1.6824;0.2634;0.9338
80_R2_1dpi.jpg;80;2;1;70185;98.3145;0.7466;0.2023;69868;1581.82;387.78;234.19;1.6558;0.3509;0.9485
80_R2_3dpi.jpg;80;2;3;70764;98.9472;0.1781;0.1456;70327;1373.48;403.65;223.15;1.8089;0.4685;0.953
80_R2_5dpi.jpg;80;2;5;75470;99.6528;0.2716;0;74966;1202.37;411.58;239.46;1.7188;0.6516;0.9464
80_R2_8dpi.jpg;80;2;8;76434;83.8109;9.8111;6.3205;76185;1277.26;417.47;242.4;1.7223;0.5868;0.9513
80_R3_1dpi.jpg;80;3;1;67942;99.3671;0.5431;0.0471;67425;1234.88;401.85;231.3;1.7374;0.5556;0.8902
80_R3_3dpi.jpg;80;3;3;70797;99.2161;0.6017;0.0438;70343;1228.11;414.58;231.02;1.7946;0.5861;0.902
80_R3_5dpi.jpg;80;3;5;71513;94.0612;5.7975;0.13;70970.5;1286.7;427.1;228.88;1.8661;0.5387;0.8969
80_R3_8dpi.jpg;80;3;8;69811;49.6326;11.8921;37.1288;69101.5;1914.91;402.77;238.8;1.6866;0.2368;0.8792
81_R1_1dpi.jpg;81;1;1;164968;99.9952;0.0036;0;164265;1600.41;485.44;435.25;1.1153;0.8059;0.9945
81_R1_3dpi.jpg;81;1;3;172792;99.9716;0.022;0.0017;172097.5;1606.71;497.24;442.34;1.1241;0.8377;0.9951
81_R1_5dpi.jpg;81;1;5;168675;99.933;0.0569;0.0059;167983.5;1651.34;494.45;432.65;1.1429;0.7741;0.9915
81_R1_8dpi.jpg;81;1;8;172534;99.465;0.4643;0.0075;171885;1964.34;505.57;438.53;1.1529;0.5598;0.9859
81_R2_1dpi.jpg;81;2;1;235428;98.9474;0.2752;0.5993;234632;2563.09;581.58;525.01;1.1078;0.4488;0.9876
81_R2_3dpi.jpg;81;2;3;224623;99.3291;0.106;0.069;223930;2285.83;571.49;508.12;1.1247;0.5386;0.9864
81_R2_5dpi.jpg;81;2;5;239910;99.569;0.3581;0.03;239242;2083.69;586.68;526.85;1.1135;0.6924;0.9918
81_R2_8dpi.jpg;81;2;8;228207;0.1718;30.9916;68.8257;227605;2069.12;591.11;502.21;1.177;0.6681;0.9938
81_R3_1dpi.jpg;81;3;1;168332;99.7178;0.2222;0.0487;167655.5;1627.43;506.61;426.4;1.1881;0.7955;0.9855
81_R3_3dpi.jpg;81;3;3;171280;99.9562;0.0362;0;170680.5;1707.46;523.92;417.21;1.2558;0.7357;0.9808
81_R3_5dpi.jpg;81;3;5;172955;99.5623;0.4325;0.0006;172183.5;1725.54;529.46;417.11;1.2693;0.7267;0.9833
81_R3_8dpi.jpg;81;3;8;147235;21.789;34.5916;41.6321;147456;1902.55;490.27;388.61;1.2616;0.5119;0.9858
82_R1_1dpi.jpg;82;1;1;144801;98.2341;1.0007;0.7168;144209;1560.59;452.29;406.91;1.1115;0.7441;0.9934
82_R1_3dpi.jpg;82;1;3;150570;99.2396;0.5346;0.1767;149869.5;1695.82;474.81;407.33;1.1657;0.6549;0.9735
82_R1_5dpi.jpg;82;1;5;145366;99.7737;0.194;0.0007;144725.5;1526.26;460.6;399.66;1.1525;0.7807;0.979
82_R1_8dpi.jpg;82;1;8;154754;97.5122;1.7706;0.5538;154261.5;2272.67;478.3;416.57;1.1482;0.3753;0.9694
82_R2_1dpi.jpg;82;2;1;296226;98.9235;0.214;0.6299;295628.5;3022.93;682.14;573.56;1.1893;0.4065;0.9893
82_R2_3dpi.jpg;82;2;3;288754;99.3223;0.0942;0.151;287793.5;2791.21;670.54;557.61;1.2025;0.4642;0.9847
82_R2_5dpi.jpg;82;2;5;305934;99.8813;0.099;0;304995;2364.72;703.14;571.37;1.2306;0.6854;0.991
82_R2_8dpi.jpg;82;2;8;287459;15.8645;74.7804;9.3523;286396;2432.8;678.12;554.9;1.2221;0.6081;0.9858
82_R3_1dpi.jpg;82;3;1;205442;99.6427;0.2473;0.091;204680.5;1841.16;592.1;446.55;1.3259;0.7588;0.9952
82_R3_3dpi.jpg;82;3;3;203820;99.767;0.0559;0.1511;203079.5;1794.76;611.78;429.96;1.4229;0.7923;0.9949
82_R3_5dpi.jpg;82;3;5;204711;99.2419;0.4821;0.2745;204010;1865.63;614.75;428.68;1.4341;0.7366;0.9937
82_R3_8dpi.jpg;82;3;8;201434;83.5926;12.485;3.4597;200888.5;1951.27;624.25;414.22;1.507;0.663;0.9875
83_R1_1dpi.jpg;83;1;1;171128;99.6693;0.2261;0.0947;170474.5;1618.03;501.54;433.34;1.1574;0.8183;0.9936
83_R1_3dpi.jpg;83;1;3;184782;99.4361;0.4844;0.0547;184131;1705.84;521.67;449.38;1.1609;0.7952;0.9907
83_R1_5dpi.jpg;83;1;5;181550;99.0642;0.6632;0.2214;180864.5;1667.74;516.28;447.48;1.1538;0.8172;0.9927
83_R1_8dpi.jpg;83;1;8;183136;54.2187;24.4108;21.11;182869.5;2243.78;522.77;448.5;1.1656;0.4564;0.9863
83_R2_1dpi.jpg;83;2;1;161545;99.6614;0.1189;0.0805;160858;1989.09;524.9;395.41;1.3275;0.5109;0.9886
83_R2_3dpi.jpg;83;2;3;158495;99.8353;0.0562;0.017;157793.5;1718.39;517.58;391.55;1.3219;0.6715;0.9916
83_R2_5dpi.jpg;83;2;5;169912;99.8205;0.1095;0.0494;169239.5;1629.4;530.18;409.73;1.294;0.801;0.9929
83_R2_8dpi.jpg;83;2;8;161409;95.5182;3.7414;0.7404;160791;1610.75;533.25;390.22;1.3665;0.7788;0.9927
83_R3_1dpi.jpg;83;3;1;73898;97.2259;1.4669;0.8052;73475.5;1112.59;366.74;263.1;1.3939;0.7459;0.9935
83_R3_3dpi.jpg;83;3;3;101946;97.4124;1.2928;1.1496;101583;1264.66;422.95;309.07;1.3684;0.7982;0.9915
83_R3_5dpi.jpg;83;3;5;102445;91.5906;4.7264;3.6761;101973;1319.22;420.22;312.29;1.3456;0.7363;0.9919
83_R3_8dpi.jpg;83;3;8;100345;61.2377;6.1996;32.4789;99971.5;1294.41;416.22;308.81;1.3478;0.7498;0.9931
84_R1_1dpi.jpg;84;1;1;41919;99.3988;0.4199;0.1455;41571.5;814.54;248.02;218.54;1.1349;0.7874;0.9854
84_R1_3dpi.jpg;84;1;3;48848;99.8321;0.0921;0.043;48477.5;856.28;260.29;245.38;1.0608;0.8308;0.9907
84_R1_5dpi.jpg;84;1;5;47812;99.9101;0.0816;0;47442;847.35;255.06;240.73;1.0595;0.8303;0.9876
84_R1_8dpi.jpg;84;1;8;48244;99.202;0.5762;0.1099;47890.5;1111.7;256.23;244.17;1.0494;0.4869;0.9814
84_R2_1dpi.jpg;84;2;1;96574;99.6148;0.2226;0.0538;96061;1288.11;369.9;335.69;1.1019;0.7275;0.981
84_R2_3dpi.jpg;84;2;3;102803;99.0827;0.2091;0.2101;102048.5;1637.26;379.4;348.35;1.0892;0.4784;0.9761
84_R2_5dpi.jpg;84;2;5;109350;99.7814;0.192;0.0037;108805;1292.6;397.36;354.34;1.1214;0.8183;0.9859
84_R2_8dpi.jpg;84;2;8;111623;65.6612;33.9858;0.3368;111049.5;1361.47;399.7;360.42;1.109;0.7529;0.9875
84_R3_1dpi.jpg;84;3;1;75302;99.5963;0.3572;0.0159;74843.5;1096.27;358.19;272.07;1.3166;0.7826;0.9843
84_R3_3dpi.jpg;84;3;3;87675;99.9635;0.0342;0;87175.5;1169.73;383.36;295.98;1.2952;0.8006;0.9766
84_R3_5dpi.jpg;84;3;5;87508;99.7726;0.2263;0;87008;1170.17;378.87;299.8;1.2637;0.7985;0.9807
84_R3_8dpi.jpg;84;3;8;87246;99.4624;0.3908;0.0516;86737;1254.11;368.76;300.83;1.2258;0.693;0.984
85_R1_1dpi.jpg;85;1;1;113828;99.7619;0.2231;0.0114;113231;1362.34;398.46;360.72;1.1046;0.7667;0.9637
85_R1_3dpi.jpg;85;1;3;124053;99.3124;0.4877;0.1491;123457;1477.39;410.56;386.32;1.0627;0.7108;0.9677
85_R1_5dpi.jpg;85;1;5;117519;98.8598;0.776;0.3387;116921.5;1421.35;406.41;371.29;1.0946;0.7273;0.9702
85_R1_8dpi.jpg;85;1;8;126514;21.6466;62.9021;15.0118;126326.5;1657.91;409.14;396.57;1.0317;0.5775;0.9781
85_R2_1dpi.jpg;85;2;1;161455;98.9012;0.3115;0.5283;160655.5;2313.9;471.83;440.55;1.071;0.3771;0.9717
85_R2_3dpi.jpg;85;2;3;164335;98.6667;0.1923;0.2026;163682;2185.09;470.53;449.3;1.0472;0.4308;0.9709
85_R2_5dpi.jpg;85;2;5;180164;99.461;0.3741;0.1149;179475;1829.27;497.55;464.3;1.0716;0.674;0.97
85_R2_8dpi.jpg;85;2;8;173770;83.401;13.8729;2.7134;173043;1813.98;489.95;457.44;1.0711;0.6608;0.9711
85_R3_1dpi.jpg;85;3;1;207061;99.4818;0.4115;0.0913;206329;1808.59;527.91;503.88;1.0477;0.7927;0.9731
85_R3_3dpi.jpg;85;3;3;215123;97.97;1.0069;0.9818;214342.5;1866;542.28;510.22;1.0628;0.7736;0.9716
85_R3_5dpi.jpg;85;3;5;212676;84.0828;11.5222;4.3945;212296;1942.47;544.61;507.45;1.0732;0.707;0.9741
85_R3_8dpi.jpg;85;3;8;206813;22.2452;34.9209;41.098;207411.5;2298.61;555.6;480.38;1.1566;0.4933;0.9702
86_R1_1dpi.jpg;86;1;1;215482;99.9425;0.0501;0;214697;2071.37;569.07;489.38;1.1628;0.6288;0.99
86_R1_3dpi.jpg;86;1;3;218951;99.8835;0.0831;0.0242;218137;1833.58;564.24;495.9;1.1378;0.8153;0.9877
86_R1_5dpi.jpg;86;1;5;212285;99.723;0.188;0.0881;211533.5;1756.91;561.13;486.42;1.1536;0.8612;0.9955
86_R1_8dpi.jpg;86;1;8;214463;92.0867;5.7096;2.0833;213642;2150.4;559.74;493.84;1.1334;0.5806;0.986
86_R2_1dpi.jpg;86;2;1;219126;99.6659;0.1844;0.0744;218201;2403.51;558.82;503.86;1.1091;0.4747;0.9871
86_R2_3dpi.jpg;86;2;3;226208;99.7874;0.0822;0.0296;225257;2180.86;578.16;502.22;1.1512;0.5952;0.9816
86_R2_5dpi.jpg;86;2;5;235740;99.8477;0.1205;0.0259;234923.5;1954.29;590.98;515.21;1.1471;0.773;0.9825
86_R2_8dpi.jpg;86;2;8;229072;79.953;14.2156;5.82;228104;2245.23;578.36;509.31;1.1356;0.5686;0.9823
86_R3_1dpi.jpg;86;3;1;145716;99.9197;0.0645;0.0062;145075.5;1482.86;442.93;418.17;1.0592;0.8291;0.9934
86_R3_3dpi.jpg;86;3;3;149321;99.9304;0.0509;0;148715.5;1534.38;455.66;423.05;1.0771;0.7938;0.9898
86_R3_5dpi.jpg;86;3;5;150408;99.5871;0.4036;0.0053;149775;1609.53;462.47;424.31;1.0899;0.7265;0.984
86_R3_8dpi.jpg;86;3;8;151387;68.5567;14.2258;15.903;152022.5;1623.29;457.23;430.1;1.0631;0.725;0.9846
87_R1_1dpi.jpg;87;1;1;74078;97.2434;1.7644;0.9045;73800;1063;317.71;298.98;1.0626;0.8207;0.9936
87_R1_3dpi.jpg;87;1;3;90852;95.8537;1.8712;2.0803;90580.5;1297.95;358.38;329.42;1.0879;0.6757;0.9891
87_R1_5dpi.jpg;87;1;5;84354;99.9668;0.0332;0;83886.5;1114.15;340.81;323.61;1.0532;0.8492;0.9918
87_R1_8dpi.jpg;87;1;8;92619;88.077;9.0543;2.5124;92911.5;1384.95;357.75;332;1.0776;0.6087;0.9901
87_R2_1dpi.jpg;87;2;1;62875;99.5372;0.2561;0.0588;62448.5;1184.98;319.97;250.43;1.2777;0.5589;0.9789
87_R2_3dpi.jpg;87;2;3;60246;99.4174;0.2125;0.078;59803.5;1137.12;325.73;239.53;1.3598;0.5812;0.9772
87_R2_5dpi.jpg;87;2;5;62668;99.8596;0.1149;0;62269;1001.43;324.67;251.23;1.2923;0.7803;0.9833
87_R2_8dpi.jpg;87;2;8;61386;86.9726;12.6544;0.3437;61005.5;1091.12;321.54;245.66;1.3089;0.6439;0.9743
87_R3_1dpi.jpg;87;3;1;157212;99.3728;0.4478;0.1603;156593.5;1600.12;479.09;425.1;1.127;0.7686;0.9755
87_R3_3dpi.jpg;87;3;3;161738;99.9802;0.0198;0;161053;1609.9;488.32;427.36;1.1426;0.7809;0.962
87_R3_5dpi.jpg;87;3;5;160734;99.2677;0.6613;0.0703;160047;1628.1;486.65;426.71;1.1405;0.7587;0.965
87_R3_8dpi.jpg;87;3;8;144692;86.1416;6.9486;6.4053;144489.5;1603.6;478.11;390.5;1.2243;0.7061;0.9708
88_R1_1dpi.jpg;88;1;1;368366;98.4505;0.8796;0.6352;367521.5;2468.3;735.14;636.85;1.1543;0.758;0.9917
88_R1_3dpi.jpg;88;1;3;366668;99.6411;0.216;0.0993;365787.5;2461.24;724.62;643.62;1.1259;0.7588;0.9914
88_R1_5dpi.jpg;88;1;5;357119;99.0398;0.4486;0.4769;356176;2364.68;719.21;635.26;1.1322;0.8004;0.988
88_R1_8dpi.jpg;88;1;8;361085;85.8612;12.2486;1.7173;359733.5;2760.29;716.67;645.39;1.1104;0.5933;0.9892
88_R2_1dpi.jpg;88;2;1;174005;99.7075;0.2098;0.0195;173108;2056.8;506.32;441.36;1.1472;0.5142;0.985
88_R2_3dpi.jpg;88;2;3;177915;99.9612;0.0118;0.0051;177165;1805.35;504.23;451.36;1.1171;0.6831;0.9861
88_R2_5dpi.jpg;88;2;5;186529;99.9909;0.0059;0;185809;1784.23;513.97;463.17;1.1097;0.7335;0.9822
88_R2_8dpi.jpg;88;2;8;183083;98.8131;0.7887;0.3938;182406.5;1826.42;510.53;458.68;1.113;0.6871;0.9779
88_R3_1dpi.jpg;88;3;1;247278;99.7016;0.2471;0.0453;246231.5;2004.36;611.45;513.93;1.1898;0.7702;0.9805
88_R3_3dpi.jpg;88;3;3;272961;99.9381;0.0539;0.0066;272072;2144.91;637.1;549.86;1.1587;0.7431;0.9721
88_R3_5dpi.jpg;88;3;5;272287;99.7635;0.2332;0.0026;271499.5;2195.01;639.95;543.38;1.1777;0.7081;0.972
88_R3_8dpi.jpg;88;3;8;270772;80.6435;8.6626;10.432;270253.5;2113.64;633.72;546.93;1.1587;0.7602;0.9773
89_R1_1dpi.jpg;89;1;1;138670;99.7801;0.1925;0.0094;138016;1455.76;451.96;396.08;1.1411;0.8184;0.9954
89_R1_3dpi.jpg;89;1;3;147234;99.6665;0.2309;0.0611;146614;1551.98;462.59;418.49;1.1054;0.7649;0.992
89_R1_5dpi.jpg;89;1;5;144334;99.3709;0.343;0.23;143741;1501.7;460.92;407.11;1.1322;0.801;0.9933
89_R1_8dpi.jpg;89;1;8;153116;76.3153;21.3126;1.7222;153563.5;2052.36;456.46;432.98;1.0542;0.4581;0.9886
89_R2_1dpi.jpg;89;2;1;158593;99.8833;0.0782;0.0006;157874.5;1648.29;488.78;418.69;1.1674;0.7302;0.9854
89_R2_3dpi.jpg;89;2;3;156291;99.9219;0.0301;0.0038;155642;1564.22;484.76;416.77;1.1631;0.7994;0.9948
89_R2_5dpi.jpg;89;2;5;165704;99.7182;0.1213;0.1026;165031.5;1665.37;502.18;428.44;1.1721;0.7477;0.9948
89_R2_8dpi.jpg;89;2;8;156381;86.9748;12.38;0.6222;155733.5;1552.57;481.17;413.98;1.1623;0.8119;0.9922
89_R3_1dpi.jpg;89;3;1;142090;99.8726;0.1189;0.0021;141433;1470.6;437.42;423.76;1.0322;0.8218;0.9955
89_R3_3dpi.jpg;89;3;3;143967;99.7104;0.1674;0.1139;143328.5;1455.53;434.49;427.64;1.016;0.8502;0.9943
89_R3_5dpi.jpg;89;3;5;157702;98.1991;1.61;0.1858;157047;1545.25;471.74;425.09;1.1097;0.8265;0.9935
89_R3_8dpi.jpg;89;3;8;153625;98.5321;0.7779;0.4823;152997.5;1748.29;470.41;423.71;1.1102;0.629;0.9936
90_R1_1dpi.jpg;90;1;1;113690;97.5899;1.5393;0.8207;113157;1419.2;443.28;345.67;1.2824;0.706;0.9753
90_R1_3dpi.jpg;90;1;3;101986;99.4058;0.4373;0.0863;101341;1460.83;442.5;317.31;1.3946;0.5968;0.9755
90_R1_5dpi.jpg;90;1;5;96213;99.7558;0.1777;0.0478;95627.5;1344.07;420.58;304.24;1.3824;0.6652;0.9282
90_R1_8dpi.jpg;90;1;8;112797;97.3102;2.063;0.469;112810;1751.07;458.95;330.73;1.3877;0.4623;0.9795
90_R2_1dpi.jpg;90;2;1;131548;99.7111;0.206;0.0084;130989;1642.13;497.43;340.86;1.4593;0.6104;0.983
90_R2_3dpi.jpg;90;2;3;131461;98.8879;0.6306;0.0586;131430.5;1701.42;526.89;323.36;1.6294;0.5705;0.9832
90_R2_5dpi.jpg;90;2;5;124819;99.6355;0.3429;0.0008;124309;1591.24;548.66;298.08;1.8407;0.6169;0.9523
90_R2_8dpi.jpg;90;2;8;131328;95.5653;3.3953;1.0234;130582.5;1741.06;526.77;320.2;1.6451;0.5413;0.9763
90_R3_1dpi.jpg;90;3;1;157764;99.401;0.4272;0.161;157123;1709.04;483.95;429.22;1.1275;0.676;0.9633
90_R3_3dpi.jpg;90;3;3;155570;99.732;0.2391;0.0264;154897.5;1638.94;469.5;426.7;1.1003;0.7247;0.9438
90_R3_5dpi.jpg;90;3;5;155532;98.0596;1.8318;0.1074;155076.5;2003.29;462.43;426.77;1.0835;0.4856;0.9453
90_R3_8dpi.jpg;90;3;8;140808;48.0662;21.0989;28.0907;141706;2042;442.85;413.94;1.0698;0.4271;0.9284
91_R3_1dpi.jpg;91;3;1;118733;99.0912;0.6384;0.2282;118113;1493.51;476.93;318.7;1.4965;0.6654;0.9223
91_R3_3dpi.jpg;91;3;3;125683;93.4088;2.2048;4.1358;125083.5;1504.86;511.74;333.25;1.5356;0.6941;0.9224
91_R3_5dpi.jpg;91;3;5;125672;78.611;10.7924;10.5919;125036.5;1550.38;496.32;330.56;1.5015;0.6537;0.9268
91_R3_8dpi.jpg;91;3;8;125211;52.0601;5.2431;42.4284;124894;1840.61;483.84;341.21;1.418;0.4633;0.913
92_R1_1dpi.jpg;92;1;1;40405;99.609;0.3514;0.0099;40056;850.61;285.74;203.03;1.4074;0.6957;0.9507
92_R1_3dpi.jpg;92;1;3;42250;98.774;0.8189;0.2509;41865.5;978.19;296.69;197.68;1.5008;0.5498;0.9478
92_R1_5dpi.jpg;92;1;5;40146;97.8454;1.1707;0.7871;39863.5;849.08;275.19;203.93;1.3494;0.6949;0.9618
92_R1_8dpi.jpg;92;1;8;44199;91.3075;6.8259;1.2421;43988.5;1533.82;304.34;195.27;1.5586;0.235;0.9586
92_R2_1dpi.jpg;92;2;1;285736;99.3994;0.19;0.3202;284696;2577.66;654.61;570.91;1.1466;0.5384;0.978
92_R2_3dpi.jpg;92;2;3;281443;98.1545;0.1485;0.1077;281022.5;2828.03;640.38;566.73;1.13;0.4416;0.9744
92_R2_5dpi.jpg;92;2;5;306374;77.0362;11.0362;11.8045;305722.5;2386.28;674.84;580.97;1.1616;0.6747;0.9804
92_R2_8dpi.jpg;92;2;8;285314;3.5841;17.2228;79.1812;286860;2489.17;682.92;541.51;1.2611;0.5818;0.9655
92_R3_1dpi.jpg;92;3;1;181656;99.1611;0.5582;0.2081;180916;1830.13;546.93;427.31;1.2799;0.6788;0.9692
92_R3_3dpi.jpg;92;3;3;196433;99.8773;0.0962;0.0076;195727;1813.18;575.65;434.11;1.326;0.7481;0.9758
92_R3_5dpi.jpg;92;3;5;197342;99.3179;0.6177;0.0568;196575;1857.67;577.98;436.62;1.3237;0.7158;0.9746
92_R3_8dpi.jpg;92;3;8;200143;89.1483;3.1093;7.6081;199743;1902.15;596.29;433.97;1.374;0.6937;0.9898
93_R1_1dpi.jpg;93;1;1;126828;99.7288;0.2279;0.0347;126019.5;1691.72;470.48;352.79;1.3336;0.5533;0.9885
93_R1_3dpi.jpg;93;1;3;138185;99.8603;0.1158;0.0007;137683;1538.62;486.15;365.78;1.3291;0.7308;0.9912
93_R1_5dpi.jpg;93;1;5;137203;99.3958;0.2558;0.3098;136523.5;1554.72;483.29;368.61;1.3111;0.7098;0.9926
93_R1_8dpi.jpg;93;1;8;151538;95.8915;2.7854;1.1093;151328;1721.82;495.23;392.82;1.2607;0.6414;0.9895
93_R2_1dpi.JPG;93;2;1;81510;99.8;0.0932;0.0307;80972;1300.34;407.83;272.98;1.494;0.6018;0.9496
93_R2_3dpi.JPG;93;2;3;87575;99.3137;0.1325;0.0251;87170.5;1386.44;413.61;290.28;1.4248;0.5699;0.96
93_R2_5dpi.jpg;93;2;5;93321;99.3924;0.3761;0.0171;92770;1359.83;416.06;306.79;1.3562;0.6304;0.9699
93_R2_8dpi.jpg;93;2;8;85103;24.6396;43.1183;32.2315;84813.5;1361.09;389.29;279.95;1.3906;0.5753;0.9805
93_R3_1dpi.jpg;93;3;1;61535;99.805;0.1723;0.0049;61507.5;1062.96;372.77;222.69;1.6739;0.6841;0.9821
93_R3_3dpi.jpg;93;3;3;73680;98.8844;0.456;0.646;73206.5;1129.62;405.72;252.49;1.6069;0.7209;0.9804
93_R3_5dpi.jpg;93;3;5;76019;98.8135;0.5999;0.5814;75519;1319.57;404.8;252.35;1.6041;0.545;0.9578
93_R3_8dpi.jpg;93;3;8;59079;84.3616;6.4202;7.8725;59693.5;1154.33;333.22;242.15;1.3761;0.563;0.939
94_R1_1dpi.jpg;94;1;1;137721;99.3109;0.5163;0.1089;137294;1644.65;488.35;365.09;1.3376;0.6378;0.9832
94_R1_3dpi.jpg;94;1;3;129978;95.3115;2.8289;1.8388;129392;1449.65;476.83;351.08;1.3582;0.7737;0.9826
94_R1_5dpi.jpg;94;1;5;118976;58.2832;12.3428;29.3219;118394.5;1410.92;480.65;318.29;1.5101;0.7474;0.9707
94_R1_8dpi.jpg;94;1;8;130714;11.3676;25.4051;62.9091;130683.5;1511.03;470.63;354.74;1.3267;0.7193;0.9914
94_R2_1dpi.jpg;94;2;1;125633;97.9026;0.3049;1.4757;125534;1791.42;412.23;395.65;1.0419;0.4916;0.9834
94_R2_3dpi.jpg;94;2;3;127797;99.5219;0.1495;0.0383;127294;1616.18;415.62;395.69;1.0504;0.6124;0.9764
94_R2_5dpi.jpg;94;2;5;140302;99.7078;0.1112;0.1753;139674.5;1572.12;433.76;416.95;1.0403;0.7102;0.9792
94_R2_8dpi.jpg;94;2;8;134991;73.9286;16.6115;9.4369;134405.5;1772.68;430.75;401.09;1.074;0.5375;0.9771
94_R3_1dpi.jpg;94;3;1;112706;99.7427;0.2342;0.0177;112110;1383.71;433.72;331.86;1.3069;0.7358;0.9873
94_R3_3dpi.jpg;94;3;3;114425;94.4942;2.5702;2.9137;113889;1342.74;451.75;328.71;1.3743;0.7938;0.9795
94_R3_5dpi.jpg;94;3;5;118086;85.9882;7.6673;6.3276;117544.5;1424.3;457.68;337.2;1.3573;0.7281;0.9806
94_R3_8dpi.jpg;94;3;8;110435;59.253;15.8229;23.3884;110971;1451.99;483.58;308.64;1.5668;0.6614;0.9914
95_R1_1dpi.jpg;95;1;1;30915;99.6345;0.3493;0.0065;30631;670.38;219.23;180.97;1.2114;0.8565;0.9926
95_R1_3dpi.jpg;95;1;3;32272;80.2119;7.7219;11.9577;32007.5;684.42;219.35;188.27;1.1651;0.8586;0.9902
95_R1_5dpi.jpg;95;1;5;31667;27.2997;30.8997;41.589;31404;680.72;216.75;184.37;1.1756;0.8516;0.9857
95_R1_8dpi.jpg;95;1;8;31482;0.0604;11.2032;88.0725;31306;692.04;217.73;183.31;1.1878;0.8214;0.9907
95_R2_1dpi.jpg;95;2;1;30600;98.8268;0.6928;0.2778;30212;975.66;221.29;186.31;1.1877;0.3988;0.8839
95_R2_3dpi.jpg;95;2;3;30615;90.9554;0.4704;0.4736;30641.5;1135.1;221.08;181.68;1.2169;0.2988;0.894
95_R2_5dpi.jpg;95;2;5;32934;73.9327;18.5219;7.2144;32592;866.26;226.81;187.62;1.2089;0.5458;0.9073
95_R2_8dpi.jpg;95;2;8;32090;0.0031;3.6179;96.3758;31752.5;803.39;220.26;193.95;1.1356;0.6182;0.9034
95_R3_1dpi.jpg;95;3;1;24143;98.4675;1.2882;0.1574;23853.5;698.2;196.9;157.42;1.2508;0.6149;0.9314
95_R3_3dpi.jpg;95;3;3;24985;49.1975;17.7386;32.4515;24770;716.24;195.54;164.53;1.1885;0.6068;0.9169
95_R3_5dpi.jpg;95;3;5;24559;0.2199;13.5877;86.1924;24263;685.61;195.01;160.1;1.218;0.6486;0.9267
95_R3_8dpi.jpg;95;3;8;24275;0.1854;0.5232;98.7559;24049;663.53;197.12;159.83;1.2333;0.6864;0.9498
96_R1_1dpi.jpg;96;1;1;29481;99.4878;0.4545;0.0509;29203.5;654.48;209.21;179.32;1.1666;0.8567;0.9922
96_R1_3dpi.jpg;96;1;3;31081;78.1796;11.7242;9.8485;30827.5;691.11;211.87;185.04;1.145;0.8111;0.9921
96_R1_5dpi.jpg;96;1;5;29693;10.4738;21.7425;67.5041;29433.5;662.62;204.74;184.25;1.1112;0.8424;0.9894
96_R1_8dpi.jpg;96;1;8;30273;0.0165;1.8366;98.061;30010;671.13;211.72;182.24;1.1617;0.8373;0.9915
96_R2_1dpi.jpg;96;2;1;32248;98.3937;0.5179;0.2605;31872;964.77;237.55;173.72;1.3675;0.4303;0.9692
96_R2_3dpi.jpg;96;2;3;34446;99.0449;0.1945;0.2903;34062;893.86;245.03;177.92;1.3772;0.5357;0.98
96_R2_5dpi.jpg;96;2;5;36074;99.4594;0.3243;0.0638;35784.5;755.39;248.63;183.99;1.3513;0.7881;0.9917
96_R2_8dpi.jpg;96;2;8;36249;90.1073;9.8127;0.0745;35928.5;753.31;252.17;183.22;1.3763;0.7956;0.9919
96_R3_1dpi.jpg;96;3;1;38543;99.4344;0.4774;0.0752;38212.5;786.77;245.93;200.69;1.2254;0.7758;0.991
96_R3_3dpi.jpg;96;3;3;39280;99.9924;0.0025;0;38952;767.49;249.27;198.79;1.2539;0.831;0.9929
96_R3_5dpi.jpg;96;3;5;40081;99.7705;0.2295;0;39752;776.47;254.88;199.13;1.28;0.8286;0.9915
96_R3_8dpi.jpg;96;3;8;41463;96.1556;2.7711;0.7091;41109.5;907.62;256.01;206.63;1.239;0.6271;0.9872
97_R1_1dpi.jpg;97;1;1;54449;99.8567;0.1267;0.0018;54065.5;943.9;275.86;250.3;1.1021;0.7626;0.9765
97_R1_3dpi.jpg;97;1;3;57431;99.3993;0.4562;0.1306;57068.5;976.47;277.65;263.33;1.0544;0.7521;0.9734
97_R1_5dpi.jpg;97;1;5;55605;98.5145;0.7535;0.7284;55206.5;940.1;276.41;257.91;1.0717;0.785;0.9725
97_R1_8dpi.jpg;97;1;8;58673;97.6974;1.5782;0.6221;58318.5;1245.27;287.24;261.32;1.0992;0.4726;0.9694
97_R2_1dpi.jpg;97;2;1;51281;99.3428;0.2009;0.1092;50841.5;1049.5;279.42;234.31;1.1925;0.58;0.9787
97_R2_3dpi.jpg;97;2;3;51679;99.1215;0.1838;0.1238;51381;1017.69;273.03;239.2;1.1414;0.6234;0.9765
97_R2_5dpi.jpg;97;2;5;53155;99.7028;0.2747;0;52776;900;282.8;241.45;1.1713;0.8188;0.9738
97_R2_8dpi.jpg;97;2;8;54109;95.1136;4.6794;0.1552;53740.5;892.25;282.31;247.05;1.1427;0.8483;0.9931
97_R3_1dpi.jpg;97;3;1;69521;95.5208;1.7477;2.418;69102;1122.37;360.62;251.25;1.4353;0.6893;0.9699
97_R3_3dpi.jpg;97;3;3;70067;98.1389;0.6551;1.0219;69628.5;1089.04;361.97;249.81;1.449;0.7377;0.9767
97_R3_5dpi.jpg;97;3;5;70423;98.5246;1.3376;0.1306;69985;1121.54;355.45;256.67;1.3848;0.6992;0.9746
97_R3_8dpi.jpg;97;3;8;73878;93.3593;4.6401;1.8707;73660;1118.94;359.49;266.02;1.3514;0.7393;0.9814
98_R1_1dpi.jpg;98;1;1;30235;96.7951;2.3483;0.8434;29923;727.9;212.01;191.3;1.1082;0.7097;0.9533
98_R1_3dpi.jpg;98;1;3;30038;99.6937;0.293;0;29748;723.64;217.16;184.98;1.174;0.7139;0.9377
98_R1_5dpi.jpg;98;1;5;28948;99.4853;0.5078;0;28643.5;736.99;216.23;175.97;1.2288;0.6627;0.9288
98_R1_8dpi.jpg;98;1;8;30323;79.1907;15.7933;4.4653;30205.5;781.05;215.17;185.73;1.1585;0.6222;0.9865
98_R2_1dpi.jpg;98;2;1;33270;98.1335;0.7003;0.4118;32722;934.69;257.38;163.93;1.5701;0.4707;0.9674
98_R2_3dpi.jpg;98;2;3;36116;99.3521;0.288;0.0471;35708.5;959.7;255.5;181.38;1.4087;0.4872;0.9513
98_R2_5dpi.jpg;98;2;5;37822;99.7806;0.1851;0.0053;37470;831.58;269.8;180.5;1.4948;0.6809;0.9548
98_R2_8dpi.jpg;98;2;8;35486;98.7347;1.2343;0.031;35162;782.47;265.76;171.7;1.5478;0.7217;0.9649
98_R3_1dpi.jpg;98;3;1;64243;96.6798;1.4756;1.6547;63935;1006.66;296.05;271.17;1.0918;0.7928;0.9708
98_R3_3dpi.jpg;98;3;3;61861;99.1012;0.7177;0.1633;61437.5;1003.64;296.04;269.75;1.0975;0.7665;0.9592
98_R3_5dpi.jpg;98;3;5;62628;92.0467;7.5046;0.4439;62180.5;1118.3;301.2;275.21;1.0944;0.6248;0.956
98_R3_8dpi.jpg;98;3;8;61902;42.2749;23.8732;33.3091;61697;1082.74;301.4;272.2;1.1073;0.6613;0.9688
99_R2_1dpi.jpg;99;2;1;34068;96.9649;0.6898;1.6232;33717.5;1184.13;221.44;205.92;1.0754;0.3022;0.9054
99_R2_3dpi.jpg;99;2;3;32393;95.3694;0.5032;0.7965;32024;1146.51;212.29;201.08;1.0558;0.3061;0.9044
99_R2_5dpi.jpg;99;2;5;35280;82.2364;9.2744;8.2625;34995;926.32;221.5;210.91;1.0502;0.5125;0.9175
99_R2_8dpi.jpg;99;2;8;33744;15.1345;25.9276;58.9349;33393.5;864.62;219.51;202.52;1.0839;0.5613;0.9207
99_R3_1dpi.jpg;99;3;1;26812;99.2727;0.6564;0.0298;26404.5;951.08;211.56;167.17;1.2656;0.3668;0.8569
99_R3_3dpi.jpg;99;3;3;28406;99.8909;0.081;0;27984;989.66;217.38;170.91;1.2719;0.359;0.8509
99_R3_5dpi.jpg;99;3;5;28541;99.6812;0.3013;0;28125;977.03;219.19;173.76;1.2615;0.3702;0.8569
99_R3_8dpi.jpg;99;3;8;27906;98.0398;1.3438;0.4013;27505.5;985.28;221.74;171.07;1.2962;0.3561;0.8397
100_R1_1dpi.jpg;100;1;1;98245;99.3455;0.5588;0.0804;97887;1240.34;372.48;335.8;1.1092;0.7996;0.9802
100_R1_3dpi.jpg;100;1;3;99889;99.2432;0.6167;0.042;99592.5;1246.84;372.67;339.46;1.0978;0.805;0.9861
100_R1_5dpi.jpg;100;1;5;97651;94.2008;4.0768;1.6672;97166;1220.14;370.88;335.33;1.106;0.8202;0.9846
100_R1_8dpi.JPG;100;1;8;99319;74.8135;17.7861;7.2896;98938.5;1293.49;374.19;339.71;1.1015;0.7431;0.9729
100_R2_1dpi.jpg;100;2;1;110559;98.2109;0.6268;0.4957;109656.5;2101.59;399.88;351.5;1.1376;0.312;0.9719
100_R2_3dpi.jpg;100;2;3;105548;90.2111;0.2331;0.4065;106639.5;2154.28;399.79;342.71;1.1666;0.2888;0.9613
100_R2_5dpi.jpg;100;2;5;116106;99.3334;0.54;0.0181;115555.5;1464.81;418.29;354.52;1.1799;0.6768;0.9758
100_R2_8dpi.jpg;100;2;8;114967;22.9344;76.7925;0.247;114397;1352.2;414.53;353.83;1.1715;0.7862;0.9804
100_R3_1dpi.jpg;100;3;1;118295;99.683;0.1784;0.1158;117716.5;1345.24;413.6;365.5;1.1316;0.8174;0.9802
100_R3_3dpi.jpg;100;3;3;131068;92.9479;1.8975;5.0974;130481.5;1405.07;430.73;386.44;1.1146;0.8306;0.9863
100_R3_5dpi.jpg;100;3;5;127067;73.8217;16.9745;9.1967;126465;1455.11;424.07;378.61;1.1201;0.7506;0.9839
100_R3_8dpi.jpg;100;3;8;126793;28.418;12.4983;58.896;126275;1467.53;435.51;370.59;1.1752;0.7368;0.9868
101_R1_1dpi.jpg;101;1;1;106714;99.8154;0.1518;0.0131;106172.5;1316.98;406.81;338.06;1.2034;0.7692;0.986
101_R1_3dpi.jpg;101;1;3;109333;97.5918;0.6723;1.671;108758;1428.14;416.75;336.42;1.2388;0.6701;0.9858
101_R1_5dpi.jpg;101;1;5;108726;94.957;0.8131;4.1949;108203.5;1352.44;410.54;339.28;1.21;0.7434;0.9841
101_R1_8dpi.jpg;101;1;8;108219;91.9543;1.3029;6.7068;107790;1412.14;411.32;337.19;1.2198;0.6793;0.9842
101_R2_1dpi.jpg;101;2;1;134081;98.2794;0.8957;0.578;133446.5;2234.1;461.58;369.42;1.2495;0.336;0.9587
101_R2_3dpi.jpg;101;2;3;129095;99.4903;0.1332;0.1092;128419;1681.04;446.66;373.62;1.1955;0.5711;0.948
101_R2_5dpi.jpg;101;2;5;140007;99.9257;0.0507;0.0014;139346.5;1621.88;459.4;389.96;1.1781;0.6657;0.9566
101_R2_8dpi.jpg;101;2;8;137149;99.1506;0.7948;0.0168;136658;1857;461.39;381.74;1.2087;0.498;0.9539
101_R3_1dpi.jpg;101;3;1;159341;99.4189;0.4782;0.0816;158788;1600.84;511.82;398.37;1.2848;0.7786;0.9853
101_R3_3dpi.jpg;101;3;3;166438;99.878;0.0835;0.003;165796;1710.01;522;406.03;1.2856;0.7125;0.9769
101_R3_5dpi.jpg;101;3;5;166741;99.946;0.0486;0;166063.5;1777.36;525.05;409.45;1.2823;0.6606;0.9719
101_R3_8dpi.jpg;101;3;8;159698;99.8992;0.0902;0;159063.5;1765.93;518.78;398.09;1.3032;0.641;0.984
102_R1_1dpi.jpg;102;1;1;68044;98.1424;1.5887;0.2322;67615;1004.35;329.59;262.72;1.2545;0.8423;0.9939
102_R1_3dpi.jpg;102;1;3;61160;21.3146;29.7204;48.087;60893;1012;319.44;248.28;1.2866;0.7472;0.9762
102_R1_5dpi.jpg;102;1;5;66769;0.0464;0.0599;99.8323;66361.5;1048.33;325.52;260.85;1.2479;0.7588;0.9837
102_R1_8dpi.jpg;102;1;8;66047;0.059;0.1393;99.6321;65645;1228.48;326.45;262.81;1.2422;0.5466;0.987
102_R2_1dpi.jpg;102;2;1;104685;99.8204;0.1099;0.0115;104241.5;1355.55;387.21;346.64;1.117;0.7129;0.9902
102_R2_3dpi.jpg;102;2;3;99103;90.1708;0.117;0.2452;102225;1580.24;392.54;333.48;1.1771;0.5144;0.9843
102_R2_5dpi.jpg;102;2;5;108912;18.9575;13.3309;67.6023;108509;1313.79;398.7;348.57;1.1438;0.79;0.9924
102_R2_8dpi.jpg;102;2;8;86657;0;0.0635;99.9331;86087.5;1517.98;382.76;290.08;1.3195;0.4695;0.9758
102_R3_1dpi.jpg;102;3;1;79756;99.2251;0.3987;0.3285;79317.5;1087.1;333.16;307.08;1.0849;0.8434;0.9937
102_R3_3dpi.jpg;102;3;3;84849;99.8385;0.1544;0.0035;84379.5;1133.47;358.58;302;1.1873;0.8253;0.9811
102_R3_5dpi.jpg;102;3;5;82566;99.8413;0.1574;0.0012;82089.5;1139.18;349.02;302.25;1.1547;0.7949;0.9793
102_R3_8dpi.jpg;102;3;8;80619;99.8375;0.1575;0;80182.5;1110.15;346.92;299.43;1.1586;0.8176;0.9781
103_R1_1dpi.jpg;103;1;1;62383;98.2928;0.7646;0.9089;61966;1026.03;355.56;240.52;1.4783;0.7397;0.9926
103_R1_3dpi.jpg;103;1;3;66127;94.2172;3.7443;1.8797;65731;1059.91;357.04;237.51;1.5033;0.7353;0.9918
103_R1_5dpi.jpg;103;1;5;64820;75.4304;11.515;12.8525;64438;1009.77;357.11;235.1;1.519;0.7942;0.994
103_R1_8dpi.jpg;103;1;8;65264;45.0432;32.4482;22.1025;65495.5;1206.58;347.06;244.46;1.4197;0.5653;0.9766
103_R2_1dpi.jpg;103;2;1;57694;99.1334;0.3415;0.1595;57141;1237.02;359.39;207.79;1.7295;0.4692;0.9739
103_R2_3dpi.jpg;103;2;3;59507;98.2658;0.0134;1.2923;59477;1068.23;361.46;210.67;1.7157;0.655;0.9867
103_R2_5dpi.jpg;103;2;5;58736;0.017;1.1152;96.9746;59369.5;1400.66;363.58;206.05;1.7645;0.3803;0.9761
103_R2_8dpi.jpg;103;2;8;41942;0;0.4673;99.5208;41894;3502.08;338.22;186.71;1.8115;0.0429;0.7094
104_R1_1dpi.jpg;104;1;1;113375;99.7213;0.1896;0.0476;112846;1342.08;405.47;353.52;1.147;0.7873;0.9945
104_R1_3dpi.jpg;104;1;3;118384;99.984;0.0118;0;117851;1322.85;408.23;368.93;1.1065;0.8463;0.9926
104_R1_5dpi.jpg;104;1;5;112826;99.8679;0.0939;0.0372;112299;1294.7;401.61;357.7;1.1228;0.8419;0.9893
104_R1_8dpi.jpg;104;1;8;117061;96.5633;1.102;2.2749;116573;1539.07;403.68;369.59;1.0922;0.6184;0.9888
104_R2_1dpi.jpg;104;2;1;103410;99.6944;0.1122;0.0822;102782;1455.82;398.1;329.62;1.2078;0.6094;0.9876
104_R2_3dpi.jpg;104;2;3;117814;99.5102;0.208;0.1621;117091;1560.95;425.76;353.48;1.2045;0.6039;0.986
104_R2_5dpi.jpg;104;2;5;123049;99.7586;0.182;0.0041;122469;1440.44;440.51;354.33;1.2432;0.7417;0.9879
104_R2_8dpi.JPG;104;2;8;122921;93.9807;4.1775;1.8239;122363;1373.65;428.1;363.47;1.1778;0.8149;0.9857
104_R3_1dpi.jpg;104;3;1;102033;98.9739;0.8429;0.1754;101518.5;1228.3;413.72;312.69;1.3231;0.8456;0.9952
104_R3_3dpi.jpg;104;3;3;106249;99.9087;0.0885;0.0019;105711;1271.51;423.42;318.09;1.3311;0.8217;0.9902
104_R3_5dpi.jpg;104;3;5;104623;99.9685;0.0315;0;104202.5;1283.41;418.25;316.52;1.3214;0.795;0.988
104_R3_8dpi.jpg;104;3;8;103380;99.8684;0.1132;0.0058;102745.5;1484.49;419.36;312.98;1.3399;0.5859;0.9851
105_R1_1dpi.jpg;105;1;1;148957;99.8261;0.1309;0.0356;148321.5;1508.04;474.79;398.55;1.1913;0.8196;0.9939
105_R1_3dpi.jpg;105;1;3;163833;99.8437;0.1416;0.0079;163158;1566.56;494.08;422.13;1.1705;0.8355;0.9941
105_R1_5dpi.jpg;105;1;5;161031;99.8696;0.1155;0.0068;160381.5;1543.78;492.15;419.48;1.1732;0.8457;0.9938
105_R1_8dpi.jpg;105;1;8;161522;99.9003;0.083;0.0012;160724;1820.58;491.44;424.06;1.1589;0.6094;0.9902
105_R2_1dpi.jpg;105;2;1;155438;99.4686;0.2631;0.0798;154707;1855.06;519.74;386.23;1.3457;0.5649;0.9882
105_R2_3dpi.jpg;105;2;3;144498;99.6768;0.1204;0.0478;143799.5;1734.33;514.49;357.99;1.4372;0.6008;0.9904
105_R2_5dpi.jpg;105;2;5;147938;99.7526;0.221;0.0101;147328;1534.75;533.2;354.12;1.5057;0.786;0.9929
105_R2_8dpi.jpg;105;2;8;151489;88.7609;9.3644;1.8628;150874;1590.69;530.44;364.29;1.4561;0.7493;0.9943
105_R3_1dpi.jpg;105;3;1;91323;99.8883;0.0975;0.0011;90827.5;1173.1;376.22;313.48;1.2002;0.8294;0.9928
105_R3_3dpi.jpg;105;3;3;97532;99.8216;0.1589;0;97014.5;1213.24;391.61;317.39;1.2339;0.8282;0.9935
105_R3_5dpi.jpg;105;3;5;94327;99.6883;0.3117;0;93847;1224.31;388.22;310.27;1.2512;0.7868;0.9871
105_R3_8dpi.jpg;105;3;8;97610;91.1034;5.5988;3.14;97183.5;1469.15;391.76;316.73;1.2369;0.5658;0.9903
106_R1_1dpi.jpg;106;1;1;72830;98.0722;0.9186;0.9666;72408;1082.45;343.86;274.92;1.2508;0.7766;0.9925
106_R1_3dpi.jpg;106;1;3;68486;99.8671;0.0964;0.0219;68073.5;1020.56;330.2;265.49;1.2437;0.8213;0.9944
106_R1_5dpi.jpg;106;1;5;70096;99.7047;0.2354;0.0342;69667.5;1016.41;328.99;274.17;1.2;0.8474;0.9944
106_R1_8dpi.jpg;106;1;8;73035;99.5263;0.3437;0.0685;72529;1411.42;337.96;276.82;1.2209;0.4575;0.9771
106_R2_1dpi.JPG;106;2;1;115904;99.8318;0.1001;0.0207;115141.5;1477.63;430.38;339.67;1.267;0.6627;0.9855
106_R2_3dpi.jpg;106;2;3;115675;99.8798;0.0354;0.0104;115086.5;1462.83;439.67;336;1.3085;0.6758;0.9916
106_R2_5dpi.jpg;106;2;5;117274;99.9659;0.0316;0;116687.5;1397.43;437.51;342.71;1.2766;0.7509;0.991
106_R2_8dpi.JPG;106;2;8;115645;99.3696;0.6286;0;115064.5;1358.38;433.58;341.38;1.2701;0.7836;0.9848
106_R3_1dpi.jpg;106;3;1;134268;99.7974;0.1266;0.0544;133612;1602.13;522.69;328.94;1.589;0.6541;0.993
106_R3_3dpi.jpg;106;3;3;138258;99.94;0.0354;0.0188;137627.5;1527.17;532.89;331.54;1.6073;0.7415;0.9936
106_R3_5dpi.jpg;106;3;5;139331;94.4312;5.4977;0.0689;138690;1509.62;534.85;332.56;1.6083;0.7648;0.9941
106_R3_8dpi.jpg;106;3;8;133282;43.8356;16.9535;38.318;133553;1628.61;537.31;323.2;1.6625;0.6327;0.9924
107_R1_1dpi.jpg;107;1;1;130974;99.603;0.2237;0.1527;130398;1398.99;413.14;406.62;1.016;0.8372;0.9957
107_R1_3dpi.jpg;107;1;3;132623;99.5574;0.2699;0.1606;132040.5;1417.78;420.29;404.4;1.0393;0.8255;0.9941
107_R1_5dpi.jpg;107;1;5;126733;95.092;2.6631;2.1841;126163.5;1372.81;408.65;393.12;1.0395;0.8413;0.9941
107_R1_8dpi.jpg;107;1;8;130435;10.9181;56.8781;31.0576;130251.5;1598.14;416.37;398.87;1.0439;0.6409;0.9936
107_R2_1dpi.jpg;107;2;1;80086;99.1522;0.6143;0.1036;79528;1343.94;352.13;287.44;1.225;0.5533;0.9817
107_R2_3dpi.jpg;107;2;3;75402;99.9191;0.0292;0.0027;74941.5;1103.67;352.66;272.56;1.2939;0.7731;0.9937
107_R2_5dpi.jpg;107;2;5;76481;99.9895;0.0105;0;76035.5;1069.87;362.16;271.28;1.335;0.8348;0.987
107_R2_8dpi.jpg;107;2;8;77983;96.866;2.6596;0.4155;77521;1137.43;363.95;270.63;1.3448;0.753;0.9926
107_R3_1dpi.jpg;107;3;1;143488;99.5365;0.4049;0.0279;142933.5;1504.6;495.93;373.15;1.3291;0.7934;0.994
107_R3_3dpi.jpg;107;3;3;148094;99.8096;0.1242;0.0452;147465;1535.96;497.41;382.01;1.3021;0.7855;0.9926
107_R3_5dpi.jpg;107;3;5;143973;99.7666;0.2237;0;143340.5;1509.72;496.67;368.77;1.3468;0.7903;0.9919
107_R3_8dpi.jpg;107;3;8;143504;99.6453;0.2348;0.0927;142918.5;1515.57;495.23;368.95;1.3423;0.7819;0.995
108_R1_1dpi.jpg;108;1;1;72501;99.8579;0.1076;0.0028;72068.5;1268.95;333.22;282.75;1.1785;0.5624;0.9883
108_R1_3dpi.jpg;108;1;3;64235;79.4255;4.7544;15.2565;64104.5;1201.04;318.89;262.33;1.2156;0.5584;0.9846
108_R1_5dpi.jpg;108;1;5;60025;51.6302;10.8105;36.5648;59913.5;989.38;312.02;245.96;1.2686;0.7691;0.9756
108_R1_8dpi.jpg;108;1;8;62662;14.1824;11.6067;73.9778;62424;1149.02;320.85;257.65;1.2453;0.5942;0.9866
108_R2_1dpi.jpg;108;2;1;121194;99.2854;0.3251;0.2979;120565.5;1632.43;406.18;378.54;1.073;0.5685;0.9866
108_R2_3dpi.jpg;108;2;3;119594;99.5393;0.2099;0.1304;118943.5;1552.69;406.01;375.28;1.0819;0.62;0.9881
108_R2_5dpi.jpg;108;2;5;125066;99.92;0.056;0.0016;124515.5;1403.29;410.47;387.31;1.0598;0.7946;0.9956
108_R2_8dpi.jpg;108;2;8;123905;98.8265;1.0339;0.1186;123279.5;1561.46;408.13;385.38;1.059;0.6354;0.9912
108_R3_1dpi.jpg;108;3;1;145747;99.646;0.317;0.022;145134.5;1477.29;467.21;398.39;1.1727;0.8357;0.9906
108_R3_3dpi.jpg;108;3;3;156518;99.5304;0.2888;0.1674;155862.5;1539.23;483.9;411.75;1.1752;0.8267;0.9902
108_R3_5dpi.jpg;108;3;5;154171;99.1704;0.598;0.2251;153574.5;1672.71;480.42;414.84;1.1581;0.6897;0.9905
108_R3_8dpi.jpg;108;3;8;153953;86.3926;4.1571;9.4191;153413.5;1565.31;478.83;407.33;1.1755;0.7868;0.9957
109_R2_1dpi.jpg;109;2;1;25835;98.1692;0.8477;0.569;25603.5;822.45;199.17;168.65;1.1809;0.4757;0.9644
109_R2_3dpi.jpg;109;2;3;24883;99.2887;0.2251;0.1125;24645.5;666.68;193.48;166.88;1.1594;0.6968;0.9792
109_R2_5dpi.jpg;109;2;5;25828;99.9574;0.0387;0;25558.5;634.2;194.39;169.16;1.1491;0.7985;0.9815
109_R2_8dpi.jpg;109;2;8;26011;96.5899;2.5489;0.7804;25737.5;664.77;196.65;170.85;1.151;0.7319;0.9759
109_R3_1dpi.jpg;109;3;1;41904;99.3294;0.5274;0.062;41575;794.61;244.91;215.47;1.1366;0.8274;0.9915
109_R3_3dpi.jpg;109;3;3;42084;98.9117;0.4467;0.5964;41751.5;795.82;255.6;210.7;1.2131;0.8284;0.9862
109_R3_5dpi.jpg;109;3;5;41977;98.8446;0.5717;0.5837;41671;932.29;252.45;215.87;1.1694;0.6025;0.9798
109_R3_8dpi.jpg;109;3;8;39309;95.3853;3.3249;1.2796;39122;1419.27;243.44;209.18;1.1638;0.2441;0.9427
110_R1_1dpi.jpg;110;1;1;51413;99.7277;0.2023;0.0428;51015;927.74;312.24;213.72;1.461;0.7448;0.9914
110_R1_3dpi.jpg;110;1;3;51257;93.675;1.5803;4.6784;50879;889.46;309.83;211.77;1.463;0.8082;0.9912
110_R1_5dpi.jpg;110;1;5;49761;79.4417;3.2797;17.0113;49394;872.21;296.89;213.49;1.3907;0.8159;0.9905
110_R1_8dpi.jpg;110;1;8;53714;58.0389;10.5801;30.7536;53478.5;1038.07;310.31;223.51;1.3883;0.6236;0.9824
110_R2_1dpi.jpg;110;2;1;40218;99.5201;0.276;0.0572;39856;919.66;268.3;193.36;1.3876;0.5922;0.9817
110_R2_3dpi.jpg;110;2;3;39793;94.1723;0.2614;0.6207;39858.5;964.53;270.55;189.56;1.4272;0.5384;0.9823
110_R2_5dpi.jpg;110;2;5;42810;27.5566;11.5043;60.7078;42522.5;857.08;278;196.93;1.4117;0.7274;0.9911
110_R2_8dpi.jpg;110;2;8;40414;0.0223;9.4052;90.5602;40949.5;1105.47;283.04;187.32;1.511;0.4211;0.9552
110_R3_1dpi.jpg;110;3;1;48482;98.1003;1.4933;0.2537;48113.5;937.02;339.89;185.77;1.8296;0.6886;0.992
110_R3_3dpi.jpg;110;3;3;50840;15.3442;39.6637;43.3517;52044.5;984.27;353.04;197.07;1.7915;0.6751;0.9768
110_R3_5dpi.jpg;110;3;5;52595;0.0171;10.944;89.0332;52201;970.66;353.31;198.59;1.7791;0.6962;0.9774
110_R3_8dpi.jpg;110;3;8;47555;0.265;0.307;98.1054;49101;1078.74;350.36;193.14;1.814;0.5302;0.9501
111_R1_1dpi.jpg;111;1;1;124117;99.5287;0.419;0.0298;123559;1361.27;435.35;363.25;1.1985;0.8379;0.996
111_R1_3dpi.jpg;111;1;3;131565;79.2095;6.9699;13.7088;131003.5;1435.23;450.13;370.14;1.2161;0.7992;0.9947
111_R1_5dpi.jpg;111;1;5;127774;54.1965;5.3219;40.3963;127209.5;1458.14;444.34;365.18;1.2168;0.7518;0.9924
111_R1_8dpi.jpg;111;1;8;129332;37.9388;12.5823;49.2345;128993.5;1932.68;457.71;361;1.2679;0.434;0.9784
111_R2_1dpi.jpg;111;2;1;53361;99.2316;0.2624;0.2155;53022.5;1028.53;304.56;230.12;1.3235;0.6298;0.9855
111_R2_3dpi.jpg;111;2;3;68566;99.4443;0.1852;0.1444;67992;1311.77;338.24;266.87;1.2674;0.4965;0.9702
111_R2_5dpi.jpg;111;2;5;73920;99.9202;0.0676;0;73478;1101.89;349.16;272.41;1.2817;0.7605;0.9806
111_R2_8dpi.jpg;111;2;8;71519;99.4757;0.5132;0;71064.5;1057.13;346.28;272.45;1.271;0.7991;0.9771
111_R3_1dpi.jpg;111;3;1;149753;99.771;0.1763;0.0474;149172;1555.68;527.4;363.44;1.4511;0.7746;0.9954
111_R3_3dpi.jpg;111;3;3;154466;99.9812;0.0091;0.0006;153792;1569.94;532.57;373.56;1.4257;0.7841;0.9946
111_R3_5dpi.jpg;111;3;5;154364;99.9644;0.0317;0.0026;153663;1627.42;529.74;374.61;1.4141;0.7291;0.9906
111_R3_8dpi.jpg;111;3;8;155937;99.8307;0.0693;0.0981;155242.5;1685.46;531.19;381.55;1.3922;0.6867;0.9877
112_R1_1dpi.jpg;112;1;1;169757;98.6339;0.9001;0.3894;169057;1929.13;539.73;407.19;1.3255;0.5708;0.9746
112_R1_3dpi.jpg;112;1;3;172585;97.9662;1.2689;0.6901;171545;2032.73;528.21;416.76;1.2674;0.5217;0.9732
112_R1_5dpi.jpg;112;1;5;159358;85.0688;6.7603;8.0649;158726;1594.91;505.12;406.73;1.2419;0.7841;0.9803
112_R1_8dpi.jpg;112;1;8;166525;0.3009;28.0192;71.4391;166633;1664.76;514.47;417.58;1.232;0.7556;0.9827
112_R2_1dpi.jpg;112;2;1;125945;99.9389;0.0278;0.0032;125205.5;1590.34;447.85;361.36;1.2393;0.6221;0.9822
112_R2_3dpi.jpg;112;2;3;127838;99.7364;0.0274;0.0102;127255.5;1567.17;452.81;361.3;1.2533;0.6511;0.9807
112_R2_5dpi.jpg;112;2;5;133117;99.9722;0.0255;0;132465.5;1498.66;454.06;373.92;1.2143;0.7411;0.9798
112_R2_8dpi.jpg;112;2;8;130772;74.5657;12.1892;13.233;130134;1573.16;450.35;369.7;1.2181;0.6608;0.9834
113_R1_1dpi.jpg;113;1;1;61519;99.7578;0.2129;0.0146;61040;1027.58;320.45;254.05;1.2613;0.7264;0.983
113_R1_3dpi.jpg;113;1;3;63546;99.8615;0.0976;0.0016;63115.5;1022.19;321.35;252.54;1.2724;0.7591;0.9916
113_R1_5dpi.jpg;113;1;5;59058;99.9441;0.0423;0.0034;58643.5;968.59;319.16;241.24;1.323;0.7855;0.9888
113_R1_8dpi.jpg;113;1;8;62099;99.4332;0.5056;0.0145;61741;1081.46;332.53;250.74;1.3262;0.6634;0.9777
113_R2_1dpi.jpg;113;2;1;102850;98.9266;0.4871;0.3675;102484.5;1604.59;418.16;321.04;1.3025;0.5002;0.9815
113_R2_3dpi.jpg;113;2;3;101208;99.3143;0.0929;0.0494;100700;1430.93;415.58;312.31;1.3307;0.618;0.9846
113_R2_5dpi.jpg;113;2;5;102625;99.8762;0.115;0.0019;102108;1360.24;415.95;317.8;1.3088;0.6935;0.9881
113_R2_8dpi.jpg;113;2;8;102511;85.8825;13.1742;0.9131;102058;1508.47;421.51;313.2;1.3458;0.5636;0.987
113_R3_1dpi.jpg;113;3;1;105130;98.9052;0.4775;0.5175;104607.5;1342.92;444.96;301.67;1.475;0.7289;0.9942
113_R3_3dpi.jpg;113;3;3;107648;5.5867;26.6461;66.7332;107913.5;1333.07;446.3;308.03;1.4488;0.7631;0.9888
113_R3_5dpi.jpg;113;3;5;102718;1.1731;15.6292;83.1568;102213;1278.05;439.01;298.23;1.4721;0.7864;0.9947
113_R3_8dpi.jpg;113;3;8;90989;0.0747;1.088;95.0258;95973;2060.53;419.66;291.65;1.4389;0.2841;0.9628
114_R2_1dpi.jpg;114;2;1;73281;98.8551;0.1597;0.5308;72741;1502.85;315.93;296.24;1.0664;0.4047;0.9786
114_R2_3dpi.jpg;114;2;3;69904;99.5465;0.1102;0.0801;69431.5;1245.89;305.82;292.15;1.0468;0.5621;0.9844
114_R2_5dpi.jpg;114;2;5;78162;99.9156;0.078;0;77706;1101.08;320.95;310.4;1.034;0.8054;0.9898
114_R2_8dpi.jpg;114;2;8;73296;95.0693;3.3331;1.5908;72877;1061;308.01;301.91;1.0202;0.8135;0.9942
115_R1_1dpi.jpg;115;1;1;114515;98.5522;0.8855;0.3493;113820;1343.82;437.04;331.9;1.3168;0.792;0.9937
115_R1_3dpi.jpg;115;1;3;121271;96.9119;2.3452;0.4972;120373;1629.9;475.32;326.29;1.4568;0.5694;0.9846
115_R1_5dpi.jpg;115;1;5;100708;99.8173;0.1102;0.0248;100134;1329.25;457.75;283.25;1.6161;0.7122;0.9934
115_R1_8dpi.jpg;115;1;8;103349;99.5017;0.3754;0.0571;102787.5;1870.16;457.11;303.31;1.5071;0.3693;0.9771
115_R2_1dpi.jpg;115;2;1;126631;99.4899;0.2614;0.1208;125867.5;1690.8;485.25;329.64;1.472;0.5533;0.9886
115_R2_3dpi.jpg;115;2;3;122400;99.3668;0.259;0.0874;121667.5;1607.2;477.54;325.61;1.4666;0.5919;0.9859
115_R2_5dpi.jpg;115;2;5;94171;99.7876;0.171;0.0149;93761.5;1239.69;451.27;268.22;1.6825;0.7667;0.992
115_R2_8dpi.jpg;115;2;8;79157;68.6282;25.9598;5.4057;78699.5;1193.61;422.3;250.24;1.6876;0.6942;0.9938
115_R3_1dpi.jpg;115;3;1;100351;99.3413;0.3807;0.2182;99821.5;1288.21;442.63;291.37;1.5191;0.7559;0.9938
115_R3_3dpi.jpg;115;3;3;100022;98.6303;0.7548;0.5839;99484;1290.2;457.8;284.27;1.6104;0.751;0.9911
115_R3_5dpi.jpg;115;3;5;98521;82.8646;13.5717;3.5617;97981;1323.11;461.4;278.92;1.6542;0.7033;0.9911
115_R3_8dpi.jpg;115;3;8;79632;44.8463;14.8973;39.1953;79461;1317.77;437.03;245.67;1.7789;0.575;0.9544
116_R2_1dpi.jpg;116;2;1;84492;99.2591;0.4462;0.1586;84182;1447.68;392.09;274.06;1.4307;0.5048;0.9847
116_R2_3dpi.jpg;116;2;3;128775;99.3733;0.1654;0.0978;127900;1812.67;468.46;352.66;1.3283;0.4892;0.9779
116_R2_5dpi.jpg;116;2;5;134690;99.7023;0.2212;0.0512;134072;1541.7;491.44;351.14;1.3995;0.7088;0.9861
116_R2_8dpi.jpg;116;2;8;134802;97.9666;1.8523;0.1795;134202.5;1447.01;485.62;354.85;1.3685;0.8054;0.9915
116_R3_1dpi.jpg;116;3;1;135774;99.5721;0.3432;0.0737;135192.5;1426.29;428.11;409.04;1.0466;0.8351;0.996
116_R3_3dpi.jpg;116;3;3;134787;99.8605;0.1157;0.02;134213.5;1442.65;441.21;395.47;1.1157;0.8104;0.9942
116_R3_5dpi.jpg;116;3;5;136259;99.5956;0.3339;0.0616;135671.5;1555.56;443.16;397.56;1.1147;0.7046;0.9932
116_R3_8dpi.jpg;116;3;8;134993;99.5911;0.2941;0.0859;134458.5;1462.17;441.81;398.78;1.1079;0.7903;0.9957
117_R1_1dpi.jpg;117;1;1;48896;99.8016;0.1841;0;48549;925.12;266.18;238.09;1.118;0.7128;0.991
117_R1_3dpi.jpg;117;1;3;51925;99.9403;0.0424;0;51592;895.32;275.37;240.13;1.1468;0.8088;0.9926
117_R1_5dpi.jpg;117;1;5;50974;99.845;0.104;0.0412;50609;868.83;274.24;236.97;1.1573;0.8425;0.9942
117_R1_8dpi.jpg;117;1;8;53527;98.9949;0.7847;0.1588;53190.5;1200.09;293.13;235.54;1.2445;0.4641;0.9747
117_R2_1dpi.jpg;117;2;1;29311;99.4234;0.3309;0;29025;788.06;238.59;157.46;1.5153;0.5873;0.9817
117_R2_3dpi.jpg;117;2;3;28942;99.15;0.3559;0.0933;28575.5;890.19;239.83;153.7;1.5604;0.4531;0.9719
117_R2_5dpi.jpg;117;2;5;30041;99.8902;0.0999;0;29741;725.64;237.46;163.48;1.4525;0.7098;0.9872
117_R2_8dpi.jpg;117;2;8;30295;95.7848;4.0799;0.1287;30002.5;717.88;239.87;165.13;1.4526;0.7316;0.9886
118_R1_1dpi.jpg;118;1;1;102736;99.1172;0.5568;0.2686;102225;1227.22;375.41;348.04;1.0786;0.8529;0.9922
118_R1_3dpi.jpg;118;1;3;103355;99.9681;0.0213;0.0048;102832;1223.63;379.89;347.72;1.0925;0.8631;0.9903
118_R1_5dpi.jpg;118;1;5;101329;99.8757;0.1145;0.002;100808;1218.45;376.06;339.53;1.1076;0.8533;0.9872
118_R1_8dpi.jpg;118;1;8;105168;98.3902;1.4234;0.1246;104682.5;1611.74;384.81;347.88;1.1062;0.5064;0.9864
118_R2_1dpi.jpg;118;2;1;68532;98.0593;0.3706;0.553;68168;1445.43;346.75;261.77;1.3246;0.41;0.975
118_R2_3dpi.jpg;118;2;3;82651;98.3569;0.1537;0.369;82276;1683.62;347.67;304.75;1.1408;0.3648;0.9755
118_R2_5dpi.jpg;118;2;5;92498;99.5384;0.4184;0.0141;92008.5;1202.84;370.57;315.18;1.1757;0.7991;0.992
118_R2_8dpi.jpg;118;2;8;86192;58.198;35.8305;5.9634;85705.5;1221.58;366.96;298.83;1.228;0.7217;0.9918
118_R3_1dpi.jpg;118;3;1;139177;99.5538;0.2227;0.2019;138485;1622.36;501.36;358.29;1.3993;0.6612;0.9559
118_R3_3dpi.jpg;118;3;3;147096;99.4208;0.3732;0.1761;146442.5;1598.06;518.79;364.96;1.4215;0.7206;0.9531
118_R3_5dpi.jpg;118;3;5;143779;98.826;0.6531;0.5175;143106.5;1646.63;515.34;358.55;1.4373;0.6633;0.9517
118_R3_8dpi.jpg;118;3;8;144291;95.4502;1.8761;2.5948;143650.5;1725.08;516.28;355.91;1.4506;0.6066;0.9573
119_R1_1dpi.jpg;119;1;1;113730;99.803;0.1196;0.0466;113153;1489.02;402.2;359.85;1.1177;0.6413;0.9906
119_R1_3dpi.jpg;119;1;3;115640;99.687;0.1851;0.0346;115118.5;1538.32;407.95;363.41;1.1226;0.6113;0.9825
119_R1_5dpi.jpg;119;1;5;105904;99.983;0.0151;0;105371.5;1253.67;405.2;335.74;1.2069;0.8425;0.9863
119_R1_8dpi.jpg;119;1;8;106648;99.8669;0.1172;0;106398;1264.6;410.63;329.37;1.2467;0.8361;0.9956
119_R2_1dpi.jpg;119;2;1;104604;99.1702;0.3107;0.4092;103994;1576.08;408.71;332.66;1.2286;0.5261;0.9759
119_R2_3dpi.jpg;119;2;3;104084;99.3745;0.2575;0.2969;103546.5;1445.07;400.5;332.5;1.2045;0.6231;0.9832
119_R2_5dpi.jpg;119;2;5;107778;99.9731;0.0223;0;107245;1272.6;412.26;333.44;1.2364;0.8322;0.9855
119_R2_8dpi.jpg;119;2;8;94949;99.2112;0.752;0.0316;94395.5;1396.97;400.71;300.77;1.3323;0.6078;0.9895
119_R3_1dpi.jpg;119;3;1;162333;99.5706;0.3708;0.0314;161665.5;1705.14;511.7;406.3;1.2594;0.6987;0.9921
119_R3_3dpi.jpg;119;3;3;168903;99.9609;0.0361;0;168264.5;1614.17;524.74;410.13;1.2794;0.8115;0.9943
119_R3_5dpi.jpg;119;3;5;169321;99.9687;0.0242;0.0047;168758;1800.09;520.01;413.75;1.2568;0.6545;0.9851
119_R3_8dpi.jpg;119;3;8;168070;94.3048;4.3744;1.2804;167471;1856.8;519.7;413.23;1.2576;0.6104;0.9844
120_R1_1dpi.jpg;120;1;1;121188;99.33;0.5025;0.1353;120589.5;1404.55;443.65;349.41;1.2697;0.7682;0.9936
120_R1_3dpi.jpg;120;1;3;155678;99.9518;0.0398;0;155067.5;1634.14;474.53;419.97;1.1299;0.7297;0.9892
120_R1_5dpi.jpg;120;1;5;151334;99.9359;0.0588;0;150689;1496.76;468.51;410.66;1.1409;0.8452;0.9916
120_R1_8dpi.jpg;120;1;8;154616;98.9898;0.6739;0.1048;154217.5;1655.92;475.43;418.97;1.1348;0.7068;0.9877
120_R2_1dpi.jpg;120;2;1;249619;99.3694;0.3077;0.1787;248749.5;2637.75;598.77;531.55;1.1264;0.4493;0.9863
120_R2_3dpi.jpg;120;2;3;243607;99.5415;0.0571;0.0144;243245;2194;595.27;523.71;1.1366;0.635;0.9868
120_R2_5dpi.jpg;120;2;5;218022;99.3092;0.4894;0.1697;217269.5;1868.39;573.43;489.37;1.1718;0.7821;0.9823
120_R2_8dpi.jpg;120;2;8;218968;0.0169;33.9712;66.0115;220561.5;2255.09;592.9;478.81;1.2383;0.545;0.9816
121_R1_1dpi.jpg;121;1;1;135827;98.6939;1.1058;0.176;135217.5;1481.35;455.08;381.34;1.1934;0.7743;0.9885
121_R1_3dpi.jpg;121;1;3;139037;99.8828;0.1021;0;138424;1437.59;448.15;391.1;1.1459;0.8417;0.9849
121_R1_5dpi.jpg;121;1;5;137113;99.2699;0.5076;0.1984;136523.5;1418.81;442.16;391.84;1.1284;0.8523;0.9854
121_R1_8dpi.jpg;121;1;8;143368;95.1265;3.9388;0.249;142694.5;1693.74;451.25;403.28;1.1189;0.6251;0.9891
121_R2_1dpi.jpg;121;2;1;137399;99.369;0.3581;0.0757;136626;1842.46;461.23;380.26;1.2129;0.5058;0.9868
121_R2_3dpi.jpg;121;2;3;135941;99.6285;0.1236;0.1067;135244;1789.55;461.98;381.16;1.212;0.5307;0.9818
121_R2_5dpi.jpg;121;2;5;142422;99.7311;0.2429;0.0077;143526;1801.63;471.91;389.68;1.211;0.5557;0.9783
121_R2_8dpi.jpg;121;2;8;145408;98.5936;1.3803;0.0261;144857.5;1582.74;465.39;398.75;1.1671;0.7267;0.9869
121_R3_1dpi.jpg;121;3;1;173193;99.4561;0.4336;0.0849;172503.5;1629.55;513.3;429.92;1.1939;0.8163;0.9929
121_R3_3dpi.jpg;121;3;3;181087;99.9255;0.0641;0;180366;1633.85;523.31;446.04;1.1732;0.8491;0.9927
121_R3_5dpi.jpg;121;3;5;180459;99.3877;0.5824;0.0244;179740.5;1783.03;517.09;449.2;1.1511;0.7105;0.9893
121_R3_8dpi.jpg;121;3;8;179651;89.42;6.4636;3.6821;179249.5;1724.6;519.31;445.07;1.1668;0.7573;0.995
122_R1_1dpi.jpg;122;1;1;117713;98.9338;0.9421;0.0552;117185;1325.25;424.69;359.39;1.1817;0.8385;0.9893
122_R1_3dpi.jpg;122;1;3;129883;99.7883;0.2025;0;129286;1379.91;443.25;381.21;1.1628;0.8532;0.9918
122_R1_5dpi.jpg;122;1;5;128533;98.9442;0.6691;0.3517;127957.5;1406.01;440.99;378.16;1.1661;0.8134;0.9903
122_R1_8dpi.jpg;122;1;8;136191;83.9637;14.1639;1.3848;136544;1794.59;457.75;387.06;1.1826;0.5328;0.9867
122_R2_1dpi.jpg;122;2;1;167381;99.2675;0.178;0.1822;166867.5;2162.58;484.27;441.32;1.0973;0.4484;0.9825
122_R2_3dpi.jpg;122;2;3;157748;98.4209;0.0964;0.064;157215;1869;474.48;426.33;1.1129;0.5656;0.9833
122_R2_5dpi.jpg;122;2;5;169412;96.2205;1.71;1.991;168771;1663.93;510.08;437;1.1672;0.766;0.9841
122_R2_8dpi.jpg;122;2;8;145733;5.5252;67.3897;27.0831;147803;1540.07;507;383.92;1.3206;0.7831;0.9853
122_R3_1dpi.jpg;122;3;1;116562;98.6454;0.8219;0.4161;116069;1394.33;417.52;366.79;1.1383;0.7502;0.9889
122_R3_3dpi.jpg;122;3;3;122297;99.8831;0.1104;0.0016;121731;1361.47;433.15;363.72;1.1909;0.8253;0.9901
122_R3_5dpi.jpg;122;3;5;121819;99.8087;0.1666;0.0131;121229;1415.39;428.24;369.13;1.1601;0.7604;0.9885
122_R3_8dpi.jpg;122;3;8;119185;58.3312;20.1854;21.4154;118850.5;1432.43;426.11;361.05;1.1802;0.7279;0.9924
123_R2_1dpi.jpg;123;2;1;44864;98.3261;0.691;0.3901;44401.5;1103.99;269.49;213.53;1.2621;0.4578;0.9701
123_R2_3dpi.jpg;123;2;3;43072;97.7015;0.2159;0.209;42722.5;969.36;270.47;204.76;1.3209;0.5713;0.9796
123_R2_5dpi.jpg;123;2;5;46638;99.464;0.4396;0;46293;841.92;278.66;212.22;1.3131;0.8207;0.9935
123_R2_8dpi.jpg;123;2;8;43134;19.9912;76.6796;3.3292;42785.5;814.71;267.39;205.82;1.2992;0.81;0.9928
123_R3_1dpi.jpg;123;3;1;25521;99.1027;0.7406;0.1097;25247;639.61;205.09;157.94;1.2985;0.7755;0.9839
123_R3_3dpi.jpg;123;3;3;25930;97.0459;0.5515;2.3718;25660.5;631.03;206.45;161.4;1.2791;0.8098;0.9836
123_R3_5dpi.jpg;123;3;5;25551;96.3837;1.0958;2.5165;25274.5;662.62;202.59;162.12;1.2496;0.7234;0.9671
123_R3_8dpi.jpg;123;3;8;25600;32.0781;21.4414;45.5742;25366.5;670.42;199.52;163.04;1.2237;0.7092;0.9877
124_R2_1dpi.jpg;124;2;1;18924;96.5916;1.3845;1.1097;18751;743.29;175.84;137.7;1.277;0.4265;0.9553
124_R2_3dpi.jpg;124;2;3;17974;97.2182;0.5675;0.3449;17618.5;790.02;175.14;132.16;1.3251;0.3547;0.9408
124_R2_5dpi.jpg;124;2;5;19515;99.6823;0.2972;0.0051;19283;579.07;176.12;143.45;1.2277;0.7226;0.9674
124_R2_8dpi.jpg;124;2;8;19682;91.0172;7.7685;1.194;19473.5;602.14;182.09;137.29;1.3264;0.6749;0.9689
124_R3_1dpi.jpg;124;3;1;23524;98.5462;1.1265;0.2508;23273.5;622.68;209.66;145.83;1.4377;0.7543;0.9808
124_R3_3dpi.jpg;124;3;3;25541;98.5474;1.0571;0.3485;25269;633.96;212.14;154.89;1.3696;0.7901;0.9892
124_R3_5dpi.jpg;124;3;5;25237;97.9593;2.0367;0;24955;660.93;211.23;155.94;1.3545;0.7179;0.968
124_R3_8dpi.jpg;124;3;8;24822;98.3684;1.3657;0.1007;24596;652.44;212.28;151.57;1.4005;0.7261;0.9901
125_R1_1dpi.jpg;125;1;1;182772;97.5986;1.765;0.5302;183353;1996.87;510.06;460.52;1.1076;0.5778;0.9863
125_R1_3dpi.jpg;125;1;3;191378;99.3866;0.5419;0.0408;190684.5;1802.03;534.28;464.95;1.1491;0.7379;0.9775
125_R1_5dpi.jpg;125;1;5;186308;99.7053;0.1857;0.0789;185536;1793.64;525.75;465.98;1.1283;0.7247;0.9788
125_R1_8dpi.jpg;125;1;8;185043;99.8195;0.1583;0.0043;184268.5;2055.33;521.7;464.06;1.1242;0.5481;0.971
125_R2_1dpi.jpg;125;2;1;194632;99.3259;0.2898;0.2733;193908;2077.37;524.49;474.52;1.1053;0.5646;0.9759
125_R2_3dpi.jpg;125;2;3;196131;99.6849;0.1101;0.0877;195168;1943.35;533.72;468.34;1.1396;0.6494;0.9794
125_R2_5dpi.jpg;125;2;5;212595;99.6105;0.2888;0.047;211944.5;1888.05;562.87;485.54;1.1593;0.7471;0.9745
125_R2_8dpi.jpg;125;2;8;209472;97.5348;2.3688;0.0888;208828;1916.38;557.06;479.71;1.1612;0.7146;0.994
125_R3_1dpi.jpg;125;3;1;169151;99.9799;0.0041;0;168448;1703.93;489.78;443.71;1.1038;0.7291;0.975
125_R3_3dpi.jpg;125;3;3;186010;98.4189;1.1607;0.3973;185688.5;1863.56;496.96;481.29;1.0325;0.6719;0.9851
125_R3_5dpi.jpg;125;3;5;162027;88.9018;10.2526;0.8443;178405.5;1786.31;494.61;461.32;1.0722;0.7026;0.9901
125_R3_8dpi.jpg;125;3;8;169488;11.825;8.2619;79.4062;169873;2213.03;479.58;450.59;1.0643;0.4359;0.9653
126_R1_1dpi.jpg;126;1;1;65243;98.1408;1.4546;0.3341;64793.5;1040.36;317.67;265.14;1.1981;0.7523;0.9887
126_R1_3dpi.jpg;126;1;3;71066;91.3433;5.3725;3.0816;70744;1168.09;344.53;267.21;1.2894;0.6516;0.9887
126_R1_5dpi.jpg;126;1;5;65472;71.3481;12.8055;15.3959;65262;1016.09;330.09;257.44;1.2822;0.7943;0.9764
126_R1_8dpi.jpg;126;1;8;66269;21.0777;29.7771;48.8147;66003;1248.08;335.3;260.76;1.2859;0.5325;0.9741
126_R2_1dpi.jpg;126;2;1;40209;99.52;0.3283;0.0224;39846;836.41;265.68;192.16;1.3826;0.7157;0.9869
126_R2_3dpi.jpg;126;2;3;38510;90.8128;0.3765;0.5453;38801;1075;260.53;192.76;1.3516;0.4219;0.9741
126_R2_5dpi.jpg;126;2;5;43064;49.6517;16.3687;33.7056;42776;825.29;273.57;202.24;1.3527;0.7892;0.9919
126_R2_8dpi.jpg;126;2;8;38806;0;2.5769;97.3922;42431.5;918.45;265.72;203.59;1.3052;0.6321;0.9864
127_R1_1dpi.jpg;127;1;1;123992;98.1096;0.7315;1.0993;123387.5;1444.24;431.81;371.07;1.1637;0.7434;0.9921
127_R1_3dpi.jpg;127;1;3;132417;99.1655;0.6147;0.1624;131853;1411.99;439.15;382.39;1.1484;0.8311;0.9929
127_R1_5dpi.jpg;127;1;5;129371;99.394;0.4785;0.1074;128784;1384.62;436.46;377.93;1.1549;0.8441;0.9918
127_R1_8dpi.jpg;127;1;8;134057;68.9774;29.4942;1.2226;133968;1725.04;442.41;386.19;1.1456;0.5657;0.9903
127_R2_1dpi.jpg;127;2;1;116747;99.7362;0.1156;0.0231;115955.5;1830.7;467.94;323.13;1.4481;0.4348;0.9781
127_R2_3dpi.jpg;127;2;3;112432;99.7029;0.0463;0.0169;111831;1433.96;450.97;318.9;1.4141;0.6834;0.9912
127_R2_5dpi.jpg;127;2;5;119734;99.7503;0.1328;0.1127;119174.5;1351.37;457.88;334.55;1.3687;0.8201;0.9943
127_R2_8dpi.jpg;127;2;8;118237;77.0926;17.9394;4.9367;117597.5;1572.23;462.38;326.84;1.4147;0.5978;0.9835
127_R3_1dpi.jpg;127;3;1;106905;99.6988;0.2058;0.0645;106368.5;1319.3;416.12;330.88;1.2576;0.768;0.9902
127_R3_3dpi.jpg;127;3;3;116002;99.8353;0.1397;0.0086;115403;1368.4;439.44;339.85;1.2931;0.7745;0.9868
127_R3_5dpi.jpg;127;3;5;114019;99.5299;0.449;0.0184;113441.5;1328.56;435.04;340.16;1.2789;0.8076;0.9834
127_R3_8dpi.jpg;127;3;8;114337;94.3168;1.8463;3.6366;113902.5;1365.89;437.23;337.53;1.2954;0.7672;0.9815
128_R1_1dpi.jpg;128;1;1;63491;98.6691;0.8395;0.4363;63096;1056.77;312.16;259.21;1.2043;0.71;0.9915
128_R1_3dpi.jpg;128;1;3;64117;99.7208;0.2511;0.0031;63700;1003.54;312.35;259.76;1.2025;0.7948;0.99
128_R1_5dpi.jpg;128;1;5;61825;99.4307;0.33;0.2281;61416;978.92;301.28;263.72;1.1424;0.8054;0.9888
128_R1_8dpi.jpg;128;1;8;62996;97.7618;1.689;0.4064;62779.5;1014.19;319.57;262.32;1.2183;0.767;0.9934
128_R2_1dpi.jpg;128;2;1;55819;97.8144;0.4909;0.9943;55230.5;1229.76;296.57;246.83;1.2015;0.4589;0.9734
128_R2_3dpi.jpg;128;2;3;67337;99.25;0.1619;0.1797;66779.5;1322.44;311.87;278.6;1.1194;0.4798;0.9803
128_R2_5dpi.jpg;128;2;5;73792;99.5772;0.3496;0.0136;73350;1051.66;327.4;286.36;1.1433;0.8334;0.994
128_R2_8dpi.jpg;128;2;8;70595;98.201;1.799;0;70160.5;1015.96;321.83;279.84;1.1501;0.8542;0.9945
128_R3_1dpi.jpg;128;3;1;66097;99.5507;0.4009;0.0136;65675;1025.48;333.9;257.96;1.2944;0.7848;0.977
128_R3_3dpi.jpg;128;3;3;72621;99.821;0.1405;0.0234;72179;1060.45;339.77;276.3;1.2297;0.8066;0.9871
128_R3_5dpi.jpg;128;3;5;72368;99.7554;0.2446;0;71923.5;1059.73;336.31;276.82;1.2149;0.8048;0.9859
128_R3_8dpi.jpg;128;3;8;71137;61.2677;21.5865;16.8323;70978;1090.94;340.74;267.38;1.2744;0.7494;0.9937
129_R1_1dpi.jpg;129;1;1;68915;98.34;1.2479;0.3802;68514;1038.92;326.88;268.54;1.2173;0.7977;0.9933
129_R1_3dpi.jpg;129;1;3;73389;97.7136;1.9703;0.2357;73167;1221.43;337.64;278.46;1.2125;0.6163;0.99
129_R1_5dpi.jpg;129;1;5;68284;99.8726;0.0893;0;67853;1029.46;327.7;265.65;1.2336;0.8046;0.986
129_R1_8dpi.jpg;129;1;8;70124;99.5722;0.3793;0.0242;69572.5;1312.86;332.84;272.67;1.2206;0.5072;0.978
129_R2_1dpi.jpg;129;2;1;81301;99.8167;0.043;0.0763;80753.5;1242.13;376.5;282.34;1.3335;0.6577;0.9901
129_R2_3dpi.jpg;129;2;3;82183;99.8017;0.0876;0.0134;81689;1208.37;375.69;283.91;1.3233;0.703;0.9896
129_R2_5dpi.jpg;129;2;5;75847;99.8299;0.1226;0.0422;75363.5;1132.76;393.36;251.65;1.5631;0.7381;0.9795
129_R2_8dpi.jpg;129;2;8;68597;98.5174;1.3834;0.0437;68172;1085.77;392.29;233.52;1.6799;0.7267;0.9934
129_R3_1dpi.jpg;129;3;1;80127;99.0627;0.5067;0.3232;79762;1127.65;356.57;294.85;1.2093;0.7882;0.9934
129_R3_3dpi.jpg;129;3;3;86073;99.806;0.165;0.0105;85633;1131.17;359.36;307.12;1.1701;0.841;0.9923
129_R3_5dpi.jpg;129;3;5;85509;96.1045;2.9903;0.9028;85043.5;1157.41;362.58;301.31;1.2034;0.7978;0.9914
129_R3_8dpi.jpg;129;3;8;82742;43.8145;15.1507;40.7689;82682.5;1134.5;351.55;300.11;1.1714;0.8073;0.9908
130_R1_1dpi.jpg;130;1;1;52908;97.2764;2.1301;0.516;52543.5;897.94;291.89;232.12;1.2575;0.8189;0.9929
130_R1_3dpi.jpg;130;1;3;56853;99.5884;0.3905;0;56453;917.15;304.92;239.53;1.273;0.8434;0.9928
130_R1_5dpi.jpg;130;1;5;54071;99.7836;0.2108;0;53675;898.52;299.74;233.07;1.2861;0.8355;0.9879
130_R1_8dpi.jpg;130;1;8;56961;96.7504;2.5667;0.4073;56655.5;1085.36;294.24;249.53;1.1792;0.6044;0.987
130_R2_1dpi.jpg;130;2;1;153133;95.9858;0.1665;0.9613;153571.5;2115.55;515.85;382.42;1.3489;0.4312;0.9847
130_R2_3dpi.jpg;130;2;3;128116;86.193;0.1631;0.3442;144504;2605.56;492.41;375.81;1.3103;0.2675;0.9643
130_R2_5dpi.jpg;130;2;5;160091;99.163;0.7508;0.0394;159487;1638.95;509.5;404.59;1.2593;0.7461;0.9903
130_R2_8dpi.jpg;130;2;8;149202;1.3807;82.3776;16.2357;148894.5;1621.54;491.6;386.64;1.2715;0.7116;0.989
130_R3_1dpi.jpg;130;3;1;1119;49.151;43.3423;2.9491;1065;170.02;52.8;27.07;1.9506;0.463;0.9221
130_R3_3dpi.jpg;130;3;3;920;0.5435;64.1304;26.3043;826.5;201.92;53.64;26.06;2.0585;0.2547;0.7131
130_R3_5dpi.jpg;130;3;5;1343;29.8585;42.9635;27.1035;1279.5;156.12;57.05;30.84;1.8498;0.6596;0.936
130_R3_8dpi.jpg;130;3;8;774;0;25.7106;71.7054;632;246.11;49.48;23.55;2.1012;0.1311;0.6157
131_R1_1dpi.jpg;131;1;1;79974;97.8731;1.6718;0.3826;79581.5;1231.27;359.19;292.11;1.2296;0.6597;0.9654
131_R1_3dpi.jpg;131;1;3;80816;99.1982;0.6459;0.1336;80272.5;1297.55;369.92;289.02;1.2799;0.5991;0.9215
131_R1_5dpi.jpg;131;1;5;79574;98.9821;0.7176;0.2916;79042;1304.08;361.76;284.8;1.2702;0.5841;0.9247
131_R1_8dpi.jpg;131;1;8;81965;95.1296;4.0859;0.5576;81670.5;1354.49;364.67;289.91;1.2579;0.5594;0.9711
131_R2_1dpi.jpg;131;2;1;53313;96.9857;0.8103;0.9022;52866.5;1596.77;321.9;213.6;1.507;0.2606;0.9316
131_R2_3dpi.jpg;131;2;3;54135;97.7741;0.3713;0.4637;53610.5;1529.6;320.04;219.49;1.4581;0.2879;0.9104
131_R2_5dpi.jpg;131;2;5;58840;98.2138;1.2559;0.328;58419.5;1221.33;340.56;224.07;1.5199;0.4922;0.9223
131_R2_8dpi.jpg;131;2;8;57625;88.6143;10.957;0.4252;57178.5;1087.3;333.74;222.79;1.498;0.6078;0.9403
131_R3_1dpi.jpg;131;3;1;55154;99.7262;0.2285;0.0344;54660.5;1181.47;327.98;218.17;1.5033;0.4921;0.8959
131_R3_3dpi.jpg;131;3;3;57399;99.8467;0.1098;0.0383;56887;1231.85;338.46;219.06;1.5451;0.4711;0.8811
131_R3_5dpi.jpg;131;3;5;58299;98.8713;1.0858;0.0223;57792.5;1233.47;338.14;222.27;1.5213;0.4773;0.8957
131_R3_8dpi.jpg;131;3;8;58289;90.6758;5.6958;3.0743;57937;1306.96;346.97;215.93;1.6069;0.4262;0.894
132_R1_1dpi.jpg;132;1;1;151397;98.6743;0.8659;0.3369;150769;1621.11;480.24;412.57;1.164;0.7209;0.9926
132_R1_3dpi.jpg;132;1;3;157146;98.0445;1.4751;0.3875;156508;2012.75;475.5;419.21;1.1343;0.4855;0.9857
132_R1_5dpi.jpg;132;1;5;143171;97.2383;1.6037;1.1301;142525;1475.25;458.9;399.96;1.1474;0.8229;0.9847
132_R1_8dpi.jpg;132;1;8;149754;29.5184;55.0676;14.1559;149835.5;1669.37;476.47;409.87;1.1625;0.6756;0.9906
132_R2_1dpi.jpg;132;2;1;112238;99.2249;0.2174;0.2753;111618;1642.67;407.34;362.84;1.1227;0.5198;0.9812
132_R2_3dpi.jpg;132;2;3;115694;98.4528;0.1763;0.4175;116400.5;1865.71;416.08;363.01;1.1462;0.4202;0.9788
132_R2_5dpi.jpg;132;2;5;120875;99.9156;0.0711;0.0017;120273;1407.39;425.6;366.09;1.1626;0.763;0.9894
132_R2_8dpi.jpg;132;2;8;118662;63.7053;36.277;0.016;118131;1316.14;426.22;362.08;1.1771;0.857;0.9908
132_R3_1dpi.jpg;132;3;1;169538;99.5116;0.3173;0.1392;168898.5;1576.84;501.01;430.99;1.1625;0.8536;0.9957
132_R3_3dpi.jpg;132;3;3;166747;97.2443;1.2816;1.3823;166106;1576.74;521.97;415.16;1.2573;0.8396;0.994
132_R3_5dpi.jpg;132;3;5;168578;52.6024;34.2299;13.1654;167893;1626.54;518.57;423.22;1.2253;0.7975;0.9954
132_R3_8dpi.jpg;132;3;8;152738;1.8555;29.2291;68.3543;152727;1582.14;500.51;402.97;1.2421;0.7667;0.9923
133_R1_1dpi.jpg;133;1;1;57104;99.3538;0.5814;0.0263;56650.5;977.28;337.65;218.13;1.5479;0.7454;0.9912
133_R1_3dpi.jpg;133;1;3;56280;96.0519;1.9048;2.0114;55889.5;950.53;342.35;214.99;1.5924;0.7773;0.9931
133_R1_5dpi.jpg;133;1;5;54590;88.5437;3.7681;7.538;54250.5;934.53;332.09;212.38;1.5637;0.7806;0.9935
133_R1_8dpi.jpg;133;1;8;59556;26.4675;35.3348;37.573;59806.5;1310.84;358.1;212.67;1.6838;0.4374;0.9796
133_R2_1dpi.jpg;133;2;1;87127;98.12;1.0192;0.598;86891.5;1509.74;356.87;321.43;1.1102;0.4791;0.9713
133_R2_3dpi.jpg;133;2;3;83785;98.6561;0.2399;0.7722;83336.5;1394.81;342.29;311.15;1.1001;0.5383;0.9785
133_R2_5dpi.jpg;133;2;5;87677;99.9019;0.081;0;87184;1219.94;353.56;321.79;1.0987;0.7362;0.9769
133_R2_8dpi.jpg;133;2;8;85793;62.1449;24.2374;13.6025;85320;1362.56;348.1;317.2;1.0974;0.5775;0.9717
133_R3_1dpi.jpg;133;3;1;66160;99.4468;0.4912;0.0136;65723.5;1035.79;346.64;245.75;1.4106;0.7698;0.9926
133_R3_3dpi.jpg;133;3;3;67094;99.8077;0.1416;0.0283;66676;1013.06;343.47;247.58;1.3873;0.8164;0.9943
133_R3_5dpi.jpg;133;3;5;65600;99.5869;0.407;0.0015;65164.5;1048.9;346.53;242.96;1.4263;0.7443;0.9871
133_R3_8dpi.jpg;133;3;8;63169;78.9485;5.1623;15.7387;62922.5;1009.1;343.37;237.05;1.4485;0.7765;0.9895
134_R1_1dpi.JPG;134;1;1;205501;99.6238;0.29;0.0686;204672.5;1833.8;553.05;475.48;1.1631;0.7648;0.9826
134_R1_3dpi.jpg;134;1;3;195391;99.1192;0.3803;0.4442;194505.5;1934.08;535.09;472.54;1.1324;0.6534;0.9786
134_R1_5dpi.jpg;134;1;5;188496;94.1039;3.4892;2.3003;187823.5;1757.92;526.22;465.56;1.1303;0.7638;0.9833
134_R1_8dpi.jpg;134;1;8;189007;65.7235;18.8099;15.2497;188611.5;1937.91;512.96;477.96;1.0732;0.6311;0.9739
134_R3_1dpi.jpg;134;3;1;105650;99.1832;0.5177;0.2641;105115;1334.05;413.6;343.6;1.2037;0.7422;0.987
134_R3_3dpi.jpg;134;3;3;121315;99.9011;0.0915;0.0058;120711.5;1379.36;419.83;390.47;1.0752;0.7973;0.9947
134_R3_5dpi.jpg;134;3;5;117926;99.8915;0.0865;0.0068;117402.5;1510.86;413.99;382.37;1.0827;0.6463;0.9866
134_R3_8dpi.jpg;134;3;8;119264;99.3183;0.5148;0.1451;118762.5;1530.52;421.49;377.21;1.1174;0.6371;0.9852
135_R1_1dpi.jpg;135;1;1;120188;98.3276;1.2231;0.4368;119695;1516.56;403.51;383.35;1.0526;0.654;0.9671
135_R1_3dpi.jpg;135;1;3;134778;97.6213;2.1183;0.2233;134368.5;1531.92;429.52;400.01;1.0738;0.7195;0.9732
135_R1_5dpi.jpg;135;1;5;128160;99.9009;0.078;0.0187;127578;1373.79;413.01;391.72;1.0543;0.8495;0.9915
135_R1_8dpi.jpg;135;1;8;131176;98.7132;1.0673;0.1609;130789.5;1899.73;423.21;401.21;1.0548;0.4554;0.976
135_R2_1dpi.JPG;135;2;1;129279;99.966;0.0178;0;128570;1514.14;447;379.14;1.179;0.7047;0.9689
135_R2_3dpi.JPG;135;2;3;131071;99.955;0.0168;0.0008;130453;1460.42;451.14;377.02;1.1966;0.7686;0.9742
135_R2_5dpi.jpg;135;2;5;140139;99.8059;0.157;0.0221;139549;1503.47;466.58;391.28;1.1924;0.7758;0.9843
135_R2_8dpi.jpg;135;2;8;138334;86.9916;7.5202;5.4773;137805.5;1602.34;457.93;387.38;1.1821;0.6745;0.9896
135_R3_1dpi.jpg;135;3;1;124385;99.6302;0.3152;0.0482;123798;1375.6;447.02;375.63;1.19;0.8221;0.982
135_R3_3dpi.jpg;135;3;3;130274;93.2181;4.0991;2.5953;129727.5;1451.55;450.19;377.93;1.1912;0.7737;0.9675
135_R3_5dpi.jpg;135;3;5;114254;56.4383;29.7556;13.8026;125618.5;1563.37;431.34;383.31;1.1253;0.6459;0.9738
135_R3_8dpi.jpg;135;3;8;125484;0.0749;1.2703;98.4237;125282.5;1455.35;427.06;382.79;1.1157;0.7433;0.975
136_R1_1dpi.jpg;136;1;1;102779;99.8472;0.0876;0.0204;102207;1335.14;376.27;357.87;1.0514;0.7205;0.9712
136_R1_3dpi.jpg;136;1;3;104718;87.939;4.3889;7.6052;104200;1367;390.45;351.55;1.1107;0.7007;0.951
136_R1_5dpi.jpg;136;1;5;101744;44.0547;17.5696;37.785;101401.5;1342.64;369.2;359.5;1.027;0.7069;0.9493
136_R1_8dpi.jpg;136;1;8;104378;3.7709;17.8016;78.2358;104591.5;1438.46;396.76;348.28;1.1392;0.6352;0.9549
136_R2_1dpi.jpg;136;2;1;74755;97.6644;0.6046;1.4996;74532;1348.25;363.99;263.94;1.379;0.5152;0.9735
136_R2_3dpi.jpg;136;2;3;65097;98.8402;0.1751;0.1152;64607.5;1490.38;396.2;230.91;1.7158;0.3655;0.905
136_R2_5dpi.jpg;136;2;5;70686;99.3591;0.2971;0.2773;70163.5;1267.87;401.29;234.37;1.7122;0.5485;0.9166
136_R2_8dpi.jpg;136;2;8;71225;98.2969;0.9252;0.7694;70714.5;1215.5;393.95;232.07;1.6976;0.6015;0.9872
136_R3_1dpi.jpg;136;3;1;212205;99.8789;0.0905;0.0104;211514;2013.69;559.03;494.5;1.1305;0.6555;0.9793
136_R3_3dpi.jpg;136;3;3;225186;99.9782;0.0204;0.0009;224391;1927.52;571.83;514.85;1.1107;0.759;0.9714
136_R3_5dpi.jpg;136;3;5;216871;99.9682;0.0314;0;216744.5;2664.11;562.98;497.14;1.1324;0.3838;0.9533
136_R3_8dpi.jpg;136;3;8;213150;95.2958;3.2348;1.3845;212447;1996.21;551.6;510.8;1.0799;0.67;0.9714
137_R1_1dpi.jpg;137;1;1;239011;99.3205;0.3786;0.2828;238624.5;2162.39;613.58;498.21;1.2316;0.6413;0.9816
137_R1_3dpi.jpg;137;1;3;252744;99.3017;0.2698;0.3371;252026;2206.98;632.65;515.18;1.228;0.6502;0.9899
137_R1_5dpi.jpg;137;1;5;238839;99.6705;0.1549;0.1696;238003.5;1929.94;619.62;495.34;1.2509;0.803;0.9781
137_R1_8dpi.jpg;137;1;8;245380;98.0964;1.3579;0.4862;244667;2334.46;630.3;509.31;1.2375;0.5642;0.9858
137_R2_1dpi.jpg;137;2;1;212203;99.7733;0.1013;0.0792;211464;1985.61;574.14;472.36;1.2155;0.674;0.9895
137_R2_3dpi.jpg;137;2;3;209681;98.688;0.1016;0.093;211733;2319.6;584;469.93;1.2427;0.4945;0.9782
137_R2_5dpi.jpg;137;2;5;211050;81.2713;16.1436;2.5155;211316.5;1923.73;576.57;477.32;1.2079;0.7176;0.9909
137_R2_8dpi.jpg;137;2;8;194036;0.0082;2.5078;97.484;193288.5;1824.51;560.44;447.79;1.2516;0.7297;0.9932
137_R3_1dpi.jpg;137;3;1;140643;99.9687;0.0206;0;139973.5;1550.06;482.78;382.39;1.2625;0.7321;0.9742
137_R3_3dpi.jpg;137;3;3;143037;99.9546;0.0238;0.0147;142399;1508.79;478.82;382.77;1.2509;0.7861;0.977
137_R3_5dpi.jpg;137;3;5;142729;99.6083;0.316;0.0645;142188;1503.51;466.5;396.68;1.176;0.7904;0.9879
137_R3_8dpi.jpg;137;3;8;131887;70.6529;16.7689;6.7467;134607.5;1768.81;443.83;392.33;1.1312;0.5407;0.9816
138_R1_1dpi.jpg;138;1;1;156494;99.8601;0.1144;0.0236;155839.5;1501.67;454.26;443.48;1.0243;0.8684;0.9935
138_R1_3dpi.jpg;138;1;3;158515;85.8916;5.573;8.4572;157919.5;1528.12;465.08;436.67;1.0651;0.8498;0.9936
138_R1_5dpi.jpg;138;1;5;148272;67.1496;7.0573;25.6151;147721.5;1453.23;468.1;409.99;1.1417;0.879;0.9925
138_R1_8dpi.jpg;138;1;8;145476;31.8912;19.7235;48.2513;144990.5;1715.56;479.54;394.93;1.2143;0.6191;0.9845
138_R2_1dpi.jpg;138;2;1;122783;99.899;0.013;0.0244;122163;1703.36;421.98;374.14;1.1279;0.5291;0.9788
138_R2_3dpi.jpg;138;2;3;134530;99.7978;0.0662;0.0111;133923.5;1651.54;452.83;380.62;1.1897;0.617;0.9753
138_R2_5dpi.jpg;138;2;5;130222;99.9754;0.02;0;129590;1513.76;464.05;360.25;1.2881;0.7107;0.9621
138_R2_8dpi.jpg;138;2;8;134428;99.0731;0.8756;0.0461;133765.5;1638.23;458.95;377.43;1.216;0.6263;0.9626
138_R3_1dpi.jpg;138;3;1;218571;99.6129;0.2384;0.1025;217730.5;1981.14;620.92;462.09;1.3437;0.6971;0.9836
138_R3_3dpi.jpg;138;3;3;199227;99.6893;0.1792;0.0683;198402.5;1883.48;648.33;404.12;1.6043;0.7028;0.9863
138_R3_5dpi.JPG;138;3;5;201214;99.509;0.415;0.0681;200327;1848.84;623.93;413.65;1.5084;0.7365;0.9824
138_R3_8dpi.jpg;138;3;8;215240;99.409;0.3182;0.2671;214511;1959.89;622.94;446.61;1.3948;0.7018;0.9917
139_R1_1dpi.jpg;139;1;1;90432;99.0744;0.7055;0.157;90026;1366.68;386.22;297.38;1.2987;0.6057;0.99
139_R1_3dpi.jpg;139;1;3;90635;94.3079;1.7267;3.9014;90272.5;1370.12;398.83;290.42;1.3733;0.6043;0.9872
139_R1_5dpi.jpg;139;1;5;80336;79.0156;4.8185;16.0849;79880;1168.45;358.91;284.27;1.2626;0.7352;0.9866
139_R1_8dpi.jpg;139;1;8;94874;18.5478;33.3168;47.8276;94174;1962.12;387.59;308.77;1.2553;0.3074;0.9719
139_R2_1dpi.jpg;139;2;1;103680;98.5224;0.6617;0.6578;103357;1514.16;409.34;331.15;1.2361;0.5665;0.9876
139_R2_3dpi.jpg;139;2;3;101788;99.2956;0.1739;0.0884;101292;1507.42;401.63;323.93;1.2399;0.5602;0.9847
139_R2_5dpi.jpg;139;2;5;106769;99.8052;0.1499;0.0393;106224.5;1327.63;404.65;337.75;1.198;0.7573;0.9879
139_R2_8dpi.jpg;139;2;8;102186;91.5546;7.8709;0.5705;101685;1337.68;400.75;329.7;1.2155;0.7141;0.9935
139_R3_1dpi.jpg;139;3;1;95433;99.8585;0.1048;0.0346;94916.5;1204.13;393.67;309.92;1.2702;0.8226;0.9947
139_R3_3dpi.jpg;139;3;3;107906;48.6794;34.8229;16.3448;107567;1429.31;398.3;348.16;1.144;0.6617;0.987
139_R3_5dpi.jpg;139;3;5;107627;10.7269;47.594;41.6773;107084;1280.68;392.85;350.33;1.1214;0.8205;0.994
139_R3_8dpi.jpg;139;3;8;107534;0.1339;0.173;98.8562;109100.5;1339.61;405.02;346.43;1.1691;0.764;0.994
140_R1_1dpi.jpg;140;1;1;282413;99.8353;0.137;0.023;281637;2196.54;682.27;545.15;1.2515;0.7335;0.9958
140_R1_3dpi.jpg;140;1;3;290696;99.9649;0.0241;0.0034;289785;2122.38;670.84;557.9;1.2024;0.8084;0.9847
140_R1_5dpi.jpg;140;1;5;284077;99.8525;0.0926;0.0496;283191.5;2061.28;660.22;552.49;1.195;0.8376;0.9876
140_R1_8dpi.jpg;140;1;8;296914;99.191;0.3196;0.3998;296251;2742.41;673.94;570.17;1.182;0.495;0.988
140_R2_1dpi.jpg;140;2;1;106710;98.6018;0.5192;0.6935;106280.5;1646.77;372.3;366.14;1.0168;0.4925;0.9733
140_R2_3dpi.jpg;140;2;3;120585;99.7114;0.1236;0.0199;120043.5;1493.15;398.58;388.6;1.0257;0.6766;0.975
140_R2_5dpi.jpg;140;2;5;128905;99.9659;0.0303;0;128288.5;1497.29;412.63;402.54;1.0251;0.7191;0.965
140_R2_8dpi.jpg;140;2;8;124546;97.2789;1.8981;0.8126;124004.5;1488.12;402.4;394.05;1.0212;0.7037;0.9713
141_R1_1dpi.jpg;141;1;1;226583;98.8216;0.5799;0.5274;225719.5;2120.38;579.69;499.74;1.16;0.6309;0.9939
141_R1_3dpi.jpg;141;1;3;233454;99.5982;0.266;0.1037;232650;1922.46;578.15;516.65;1.119;0.791;0.9939
141_R1_5dpi.jpg;141;1;5;226336;99.5127;0.3848;0.0676;225556;1911.06;572.41;506.69;1.1297;0.7761;0.9937
141_R1_8dpi.jpg;141;1;8;232022;96.6439;2.5916;0.6655;231668;2021.77;579.87;513.89;1.1284;0.7122;0.9913
141_R2_1dpi.jpg;141;2;1;92178;99.1419;0.3428;0.3406;91797.5;1390.95;406.04;294.38;1.3793;0.5962;0.9816
141_R2_3dpi.jpg;141;2;3;116035;99.0037;0.2206;0.3749;115491.5;1869.79;444.92;340.34;1.3073;0.4151;0.9694
141_R2_5dpi.jpg;141;2;5;123429;99.8615;0.1175;0.0081;122878.5;1443.72;454.39;348.81;1.3027;0.7408;0.9862
141_R2_8dpi.jpg;141;2;8;120551;93.499;4.7457;1.7387;120039;1560.61;449.93;345.91;1.3007;0.6194;0.9882
141_R3_1dpi.jpg;141;3;1;151650;99.4982;0.4161;0.0231;151017.5;1578.69;535.78;366.37;1.4624;0.7615;0.9944
141_R3_3dpi.jpg;141;3;3;182515;99.6915;0.2904;0.0055;181814.5;1773.34;578.74;406.75;1.4228;0.7265;0.9909
141_R3_5dpi.jpg;141;3;5;178667;99.3093;0.6873;0.0006;177926;1777.52;569.36;402.33;1.4152;0.7077;0.9932
141_R3_8dpi.jpg;141;3;8;177996;70.9044;10.6963;18.1718;177452;1996.46;573.91;404.78;1.4178;0.5595;0.9899
142_R1_1dpi.jpg;142;1;1;155694;98.7353;0.842;0.3912;155074.5;1796.11;579.1;343.36;1.6866;0.6041;0.9891
142_R1_3dpi.jpg;142;1;3;148394;99.6826;0.2507;0.0371;147761.5;1730.94;560.51;330.63;1.6953;0.6197;0.9891
142_R1_5dpi.jpg;142;1;5;147777;99.7307;0.18;0.0704;147160;1569.58;556.88;341.74;1.6295;0.7506;0.9885
142_R1_8dpi.jpg;142;1;8;154889;96.1269;2.4185;1.1595;154542;2253.7;578.66;343.74;1.6834;0.3824;0.9852
142_R2_1dpi.jpg;142;2;1;112670;99.7098;0.1589;0.0417;112117.5;1653.2;473.34;315.55;1.5;0.5155;0.983
142_R2_3dpi.jpg;142;2;3;116674;99.6846;0.1294;0.0249;116067.5;1564.43;465.56;322.96;1.4415;0.5959;0.9805
142_R2_5dpi.jpg;142;2;5;118493;99.9477;0.0447;0;117912.5;1415.09;471.5;321.35;1.4672;0.7399;0.9887
142_R2_8dpi.jpg;142;2;8;124829;95.4249;4.3532;0.1202;124217.5;1522;486.3;328.74;1.4793;0.6738;0.981
142_R3_1dpi.jpg;142;3;1;173604;99.1861;0.5927;0.1377;172991;1736.73;606.32;373.87;1.6217;0.7207;0.9926
142_R3_3dpi.jpg;142;3;3;165738;99.9517;0.041;0.0006;165031.5;1697.68;618.08;349.64;1.7677;0.7196;0.9879
142_R3_5dpi.jpg;142;3;5;159169;98.2446;1.7108;0.0415;158545.5;1749.08;641.64;333.19;1.9257;0.6512;0.9893
142_R3_8dpi.jpg;142;3;8;149442;63.5952;20.0051;15.3444;149410.5;1820.82;636.35;322.86;1.971;0.5663;0.9887
143_R1_1dpi.jpg;143;1;1;306735;97.059;1.1903;1.7051;305789.5;2257.81;634.6;618.12;1.0267;0.7538;0.9955
143_R1_3dpi.jpg;143;1;3;304009;98.1172;1.5513;0.2756;302348;2481.82;624.44;613.6;1.0177;0.6168;0.9909
143_R1_5dpi.jpg;143;1;5;290634;99.9064;0.0833;0.0028;289764.5;2065.93;614.72;607.53;1.0118;0.8531;0.9885
143_R1_8dpi.jpg;143;1;8;299954;39.8404;56.8717;3.1525;299155;2867.89;628.16;618.79;1.0151;0.4571;0.9902
143_R2_1dpi.jpg;143;2;1;369065;99.6694;0.2024;0.0238;368139.5;3071.42;725.71;648.14;1.1197;0.4904;0.977
143_R2_3dpi.jpg;143;2;3;362315;99.8165;0.0731;0.0119;361353.5;2797.05;713.32;638.26;1.1176;0.5804;0.9839
143_R2_5dpi.jpg;143;2;5;371430;99.9507;0.0283;0.018;370435;2387.9;733.53;643.79;1.1394;0.8164;0.9859
143_R2_8dpi.jpg;143;2;8;373775;58.7838;37.0472;4.1493;372993;2470.08;731.18;658.42;1.1105;0.7682;0.9909
143_R3_1dpi.jpg;143;3;1;291544;99.918;0.0628;0.0144;290879;2256.42;672.99;553.29;1.2163;0.7179;0.9888
143_R3_3dpi.jpg;143;3;3;311932;99.9282;0.0404;0.0269;310980;2199.51;683.93;582.04;1.1751;0.8078;0.9925
143_R3_5dpi.jpg;143;3;5;315550;99.1013;0.7565;0.1413;314791.5;2205.19;695.08;580.79;1.1968;0.8135;0.992
143_R3_8dpi.jpg;143;3;8;315264;94.1846;2.7812;2.9674;314434.5;2285.7;685.03;583.19;1.1746;0.7563;0.9908
144_R1_1dpi.jpg;144;1;1;78840;99.1844;0.6913;0.1205;78409;1077.12;359.98;283.39;1.2703;0.8493;0.9939
144_R1_3dpi.jpg;144;1;3;89251;99.4196;0.4246;0.1244;88734.5;1257.1;370.11;312.13;1.1857;0.7056;0.9797
144_R1_5dpi.jpg;144;1;5;86874;99.9148;0.0771;0.0058;86385.5;1146.27;365.04;307.5;1.1871;0.8262;0.9786
144_R1_8dpi.jpg;144;1;8;85862;98.8656;1.0284;0.0082;85283.5;1389.98;362.54;304.71;1.1898;0.5547;0.9755
145_R1_1dpi.jpg;145;1;1;139352;99.7955;0.1428;0.0553;138697;1578.47;504.8;366.2;1.3785;0.6995;0.9524
145_R1_3dpi.jpg;145;1;3;140477;99.2867;0.4997;0.1993;139873.5;1586.71;524.11;362.08;1.4475;0.6982;0.9513
145_R1_5dpi.jpg;145;1;5;133187;98.7732;0.726;0.449;132529;1585.5;501.01;348.44;1.4378;0.6625;0.9483
145_R1_8dpi.jpg;145;1;8;138135;71.3085;19.0973;9.1534;137945.5;1889.02;523.78;353.69;1.4809;0.4858;0.9401
146_R1_1dpi.jpg;146;1;1;125068;99.6354;0.2663;0.0896;124436;1431.37;474.01;342.32;1.3847;0.7632;0.9905
146_R1_3dpi.jpg;146;1;3;124593;99.9294;0.0522;0.0144;124154.5;1475.15;466.75;351.95;1.3262;0.717;0.9834
146_R1_5dpi.jpg;146;1;5;120294;99.9227;0.0648;0;119986;1388.7;459.19;344.02;1.3348;0.7818;0.9824
146_R1_8dpi.jpg;146;1;8;125485;99.0541;0.7148;0.1626;125032;1822.09;452.73;367.45;1.2321;0.4733;0.9823
146_R2_1dpi.jpg;146;2;1;137693;99.8424;0.0872;0.0138;136905.5;1523.98;435.67;403.16;1.0806;0.7408;0.9905
146_R2_3dpi.jpg;146;2;3;137515;99.1659;0.16;0.0771;137446.5;1820.08;444.58;399.46;1.1129;0.5214;0.979
146_R2_5dpi.jpg;146;2;5;143067;75.3172;8.6155;16.0463;142510.5;1619.98;449.15;408.79;1.0987;0.6824;0.9835
146_R2_8dpi.jpg;146;2;8;135720;1.0654;44.1844;54.7473;135032;1548.59;441.23;390.56;1.1298;0.7076;0.9892
146_R3_1dpi.jpg;146;3;1;133751;99.8071;0.1607;0.0202;133121;1535.01;439.3;396.77;1.1072;0.71;0.9686
146_R3_3dpi.jpg;146;3;3;138883;98.7983;0.4068;0.7827;138260;1470.76;443.36;401.78;1.1035;0.8032;0.979
146_R3_5dpi.jpg;146;3;5;143313;84.014;10.7918;5.1691;142653.5;1566.38;450.45;408.3;1.1032;0.7306;0.9779
146_R3_8dpi.jpg;146;3;8;137391;2.3073;41.4853;53.6047;137910;1568.3;447.62;394.72;1.134;0.7046;0.9788
147_R1_1dpi.jpg;147;1;1;157738;99.3033;0.4083;0.2688;157115;1534.91;479.05;414.08;1.1569;0.838;0.9955
147_R1_3dpi.jpg;147;1;3;152623;93.0502;3.5774;3.3311;151992.5;1558.38;506.35;386.46;1.3102;0.7865;0.9893
147_R1_5dpi.jpg;147;1;5;147758;58.0943;10.6126;31.1753;147154;1504.2;502.28;376.53;1.334;0.8173;0.9879
147_R1_8dpi.jpg;147;1;8;158702;0.0977;3.063;96.7184;158506.5;1923.54;495.91;420.1;1.1805;0.5383;0.9794
147_R2_1dpi.jpg;147;2;1;40140;98.4255;0.7125;0.416;39638;1173.74;279.93;186.16;1.5037;0.3616;0.9613
147_R2_3dpi.jpg;147;2;3;69574;98.5742;0.1595;0.5663;69101;1350.8;325.12;276.4;1.1763;0.4759;0.9814
147_R2_5dpi.jpg;147;2;5;76434;99.9751;0.017;0.0039;75963;1107.12;352.17;278.5;1.2645;0.7788;0.9897
147_R2_8dpi.jpg;147;2;8;73416;98.7619;1.1632;0.0695;72944.5;1123.7;334.34;283.77;1.1782;0.7259;0.9901
148_R1_1dpi.jpg;148;1;1;128697;99.8337;0.1049;0.0085;128057;1838.15;452.56;362.7;1.2477;0.4763;0.989
148_R1_3dpi.jpg;148;1;3;145170;99.6728;0.1846;0.011;144502.5;1832.88;476.78;388.17;1.2283;0.5405;0.9876
148_R1_5dpi.jpg;148;1;5;141655;99.8595;0.1009;0.0388;141050;1487.27;462.85;389.61;1.188;0.8013;0.9904
148_R1_8dpi.jpg;148;1;8;148505;95.5577;3.7447;0.5751;147998;2198.91;488.8;393.59;1.2419;0.3846;0.9816
148_R2_1dpi.jpg;148;2;1;73266;99.1401;0.1501;0.3849;72848.5;1175.1;334.97;283.04;1.1835;0.663;0.9795
148_R2_3dpi.jpg;148;2;3;84992;98.574;0.2106;0.5671;84459.5;1673.62;409.93;271.39;1.5105;0.3789;0.9771
148_R2_5dpi.jpg;148;2;5;96117;99.7597;0.1998;0.0166;95611;1246.08;427.56;289.23;1.4783;0.7738;0.9918
148_R2_8dpi.jpg;148;2;8;91326;98.3039;1.6906;0.0055;90841;1216.22;421.34;286.59;1.4702;0.7717;0.9868
148_R3_1dpi.jpg;148;3;1;170651;99.6021;0.3575;0.0264;169989;1605.3;531.82;409.44;1.2989;0.8289;0.9948
148_R3_3dpi.jpg;148;3;3;156055;99.8648;0.1243;0.0019;155452.5;1599.17;560.62;363.06;1.5441;0.7639;0.9886
148_R3_5dpi.jpg;148;3;5;151900;99.4839;0.4615;0.054;151245;1660.61;555.94;359;1.5486;0.6892;0.985
148_R3_8dpi.jpg;148;3;8;153673;92.0988;2.0843;5.7557;153007.5;1732.31;565.61;358.42;1.5781;0.6407;0.984
149_R1_1dpi.jpg;149;1;1;144532;99.6762;0.2456;0.0201;143836.5;1698.91;457.74;402.76;1.1365;0.6262;0.9843
149_R1_3dpi.jpg;149;1;3;156841;99.6563;0.2863;0.0045;156080;1757.44;476.37;422.08;1.1286;0.635;0.9895
149_R1_5dpi.jpg;149;1;5;150936;99.9602;0.0325;0;150315;1507.9;463.76;414.69;1.1183;0.8307;0.9908
149_R1_8dpi.jpg;149;1;8;154737;98.564;1.266;0.0827;154158;1705.44;475.63;415.87;1.1437;0.666;0.9927
149_R2_1dpi.jpg;149;2;1;131815;97.9767;1.2988;0.5204;131554;1898.07;473.06;361.98;1.3069;0.4589;0.9849
149_R2_3dpi.jpg;149;2;3;162810;99.1561;0.2316;0.2776;162075.5;2199.27;508.67;416.27;1.222;0.4211;0.979
149_R2_5dpi.jpg;149;2;5;165765;99.8836;0.1098;0.0012;165058.5;1672.49;524.8;414.63;1.2657;0.7415;0.9782
149_R2_8dpi.jpg;149;2;8;167971;73.1555;25.1651;1.6759;167194.5;1892.94;531.4;419.63;1.2663;0.5864;0.9744
150_R1_1dpi.jpg;150;1;1;159923;98.6306;0.8023;0.5434;159234;1613.7;470.72;436.93;1.0773;0.7684;0.9863
150_R1_3dpi.jpg;150;1;3;169747;99.4203;0.4041;0.1549;169100;1595.56;494.64;442.65;1.1175;0.8347;0.9853
150_R1_5dpi.jpg;150;1;5;163366;98.1844;1.0718;0.7125;162712.5;1576.4;477.28;438.93;1.0874;0.8228;0.9843
150_R1_8dpi.jpg;150;1;8;166371;30.7872;59.1125;9.6399;165898;2454.96;488.78;444.71;1.0991;0.3459;0.9785
150_R2_1dpi.jpg;150;2;1;141436;99.2428;0.2411;0.1895;140605;2037.83;449.07;403.26;1.1136;0.4255;0.9823
150_R2_3dpi.jpg;150;2;3;145301;99.0778;0.1659;0.2553;144526;2047;446.32;415.35;1.0746;0.4334;0.9811
150_R2_5dpi.jpg;150;2;5;153489;99.8749;0.1088;0.0124;152843;1550.93;460.14;424.29;1.0845;0.7985;0.9954
150_R2_8dpi.jpg;150;2;8;150662;98.409;1.4191;0.156;150175.5;1592.23;459.02;415.54;1.1046;0.7444;0.9949
150_R3_1dpi.jpg;150;3;1;82312;99.0439;0.7472;0.0996;81858.5;1147.24;363.95;287.33;1.2667;0.7816;0.9775
150_R3_3dpi.jpg;150;3;3;102270;92.5677;4.2544;2.6098;102209.5;1273.04;381.32;344.35;1.1073;0.7925;0.9766
150_R3_5dpi.jpg;150;3;5;101392;78.589;11.4131;9.985;100842.5;1280.9;383.96;338.69;1.1337;0.7724;0.9791
150_R3_8dpi.jpg;150;3;8;92633;33.3391;19.9454;45.3111;92467;1280.45;378.41;330.33;1.1456;0.7087;0.9832
151_R1_1dpi.jpg;151;1;1;98619;99.0276;0.3934;0.5455;98358;1349.94;396.02;323.98;1.2224;0.6783;0.992
151_R1_3dpi.jpg;151;1;3;105423;99.5627;0.2884;0.1281;104892.5;1383.78;458.18;326.89;1.4016;0.6884;0.9917
151_R1_5dpi.jpg;151;1;5;105028;99.7867;0.1523;0.0314;104501;1325.79;425.34;322.3;1.3197;0.7471;0.9932
151_R1_8dpi.jpg;151;1;8;110074;95.9291;3.176;0.784;109674.5;1606.91;423.91;342.54;1.2375;0.5337;0.981
151_R2_1dpi.jpg;151;2;1;234964;99.8221;0.1077;0.0387;234079;2033.61;565.26;536.74;1.0531;0.7113;0.9903
151_R2_3dpi.jpg;151;2;3;238646;99.806;0.114;0.0306;237888;2109.41;581.42;530.61;1.0958;0.6718;0.9824
151_R2_5dpi.jpg;151;2;5;246603;99.7952;0.1456;0.0146;245836.5;1986.54;581.32;543.64;1.0693;0.7828;0.98
151_R2_8dpi.jpg;151;2;8;245201;93.1436;4.8797;1.9119;244390;2263.22;592.15;528.74;1.1199;0.5996;0.988
151_R3_1dpi.jpg;151;3;1;102793;99.356;0.5312;0.0827;102249.5;1250.21;392.1;333.55;1.1755;0.8221;0.9933
151_R3_3dpi.jpg;151;3;3;106243;99.9511;0.0471;0;105715;1255.91;402.14;336.26;1.1959;0.8422;0.9916
151_R3_5dpi.jpg;151;3;5;104811;97.796;2.0656;0.1364;104452;1291.37;401.02;333.36;1.203;0.7871;0.9923
151_R3_8dpi.jpg;151;3;8;102673;40.4439;41.6088;16.2886;102566;1400.91;396.93;333.44;1.1904;0.6567;0.9925
152_R1_1dpi.jpg;152;1;1;112253;99.6321;0.2619;0.1042;111700;1303.85;406.54;353.07;1.1514;0.8257;0.9895
152_R1_3dpi.jpg;152;1;3;116565;99.6886;0.2677;0.0369;116039.5;1341.89;415.12;356.01;1.166;0.8098;0.993
152_R1_5dpi.jpg;152;1;5;110321;99.9973;0.0027;0;109784;1270.54;407.96;342.99;1.1894;0.8546;0.993
152_R1_8dpi.jpg;152;1;8;115526;98.8851;1.0621;0.0035;115027;1478.56;409.33;364.32;1.1235;0.6612;0.9918
152_R2_1dpi.jpg;152;2;1;99595;97.527;1.1055;0.7681;99219;1620.1;397.49;323.29;1.2295;0.475;0.9812
152_R2_3dpi.jpg;152;2;3;94849;98.9004;0.369;0.2615;94213;1731.38;386.81;322.44;1.1996;0.3949;0.9757
152_R2_5dpi.jpg;152;2;5;101951;99.7852;0.1991;0;101428.5;1262.66;401.26;322.83;1.2429;0.7995;0.9921
152_R2_8dpi.jpg;152;2;8;98390;39.5884;60.3049;0.0976;97924.5;1256.72;392.36;323.11;1.2143;0.7792;0.9952
152_R3_1dpi.jpg;152;3;1;228623;99.3994;0.4133;0.1513;227870;1936.66;617.62;474.23;1.3024;0.7635;0.9904
152_R3_3dpi.jpg;152;3;3;229168;99.9647;0.0323;0;228396.5;1866.62;621.14;467.5;1.3286;0.8237;0.9927
152_R3_5dpi.jpg;152;3;5;222586;99.9025;0.0925;0;221803;1902.52;625.06;456.13;1.3703;0.7701;0.9916
152_R3_8dpi.jpg;152;3;8;216155;92.1533;6.7868;0.6255;215724;2302.45;624.82;444.08;1.407;0.5114;0.9909
153_R1_1dpi.jpg;153;1;1;127177;99.4197;0.4372;0.0008;126873;1737.42;456.67;354.86;1.2869;0.5282;0.9857
153_R1_3dpi.jpg;153;1;3;128310;99.8395;0.1255;0;127934;1539.9;450.76;364.11;1.238;0.678;0.9919
153_R1_5dpi.jpg;153;1;5;118074;99.9483;0.0432;0.0059;117513.5;1367.01;439.43;341.63;1.2862;0.7902;0.9921
153_R1_8dpi.jpg;153;1;8;122062;98.1976;1.174;0.5907;121711.5;1960.04;445.5;350.13;1.2724;0.3981;0.9766
153_R2_1dpi.jpg;153;2;1;177458;99.1812;0.217;0.4773;176893;2276.54;559.23;412.03;1.3573;0.4289;0.985
153_R2_3dpi.jpg;153;2;3;177780;98.3778;0.0928;0.1412;178269.5;1896.65;561.68;407.53;1.3783;0.6227;0.9918
153_R2_5dpi.jpg;153;2;5;186344;89.7941;2.2099;7.9761;185604.5;1925.08;575.24;414.26;1.3886;0.6294;0.9864
153_R2_8dpi.jpg;153;2;8;169537;17.0818;58.9836;23.9305;170038.5;1789.88;554;396.6;1.3969;0.667;0.9817
153_R3_1dpi.jpg;153;3;1;118225;99.2819;0.5896;0.0812;117653;1392.5;447.28;339.34;1.3181;0.7625;0.9925
153_R3_3dpi.jpg;153;3;3;124081;99.9428;0.0459;0.0105;123500;1385.68;465.8;340.93;1.3662;0.8083;0.9851
153_R3_5dpi.jpg;153;3;5;123656;99.0668;0.6753;0.2523;123150;1445.88;473.42;332.73;1.4229;0.7403;0.9777
153_R3_8dpi.jpg;153;3;8;124558;96.9035;0.9811;2.0264;124044;1449.07;470.1;339.32;1.3854;0.7423;0.9845
154_R1_1dpi.jpg;154;1;1;113083;99.7524;0.2167;0.015;112442;1551.71;389.4;375.24;1.0378;0.5868;0.9784
154_R1_3dpi.jpg;154;1;3;113053;99.8956;0.0849;0.0044;112450;1377.91;400.8;373.92;1.0719;0.7443;0.9868
154_R1_5dpi.jpg;154;1;5;111712;99.6572;0.2166;0.1182;111132;1345.85;401.38;368.97;1.0878;0.771;0.9818
154_R1_8dpi.JPG;154;1;8;115931;96.6437;2.881;0.3571;115453.5;1436.78;396.51;377.27;1.051;0.7028;0.9696
154_R3_1dpi.jpg;154;3;1;98136;99.6739;0.2252;0.0713;97626.5;1229.24;381.19;336.68;1.1322;0.8119;0.9943
154_R3_3dpi.jpg;154;3;3;103788;99.6454;0.3112;0.0096;103282;1246.25;381.9;347.34;1.0995;0.8356;0.993
154_R3_5dpi.jpg;154;3;5;101879;99.5524;0.4446;0.001;101358;1220.6;378.45;349.37;1.0832;0.8549;0.9923
154_R3_8dpi.jpg;154;3;8;94133;79.0233;16.6817;2.2447;94085;1369.91;367.95;338.96;1.0855;0.63;0.9893
155_R1_1dpi.jpg;155;1;1;310454;96.2587;2.4306;1.2772;309934;2188.72;668.18;605.41;1.1037;0.813;0.9795
155_R1_3dpi.jpg;155;1;3;339723;99.1246;0.5778;0.2835;338935;2352.63;688.37;632.88;1.0877;0.7695;0.9773
155_R1_5dpi.jpg;155;1;5;331171;99.8629;0.109;0.0196;330178.5;2312.48;675.14;635.4;1.0625;0.7759;0.974
155_R1_8dpi.jpg;155;1;8;341419;98.7241;0.8936;0.2273;340264;3224.61;684.51;658.91;1.0388;0.4112;0.9706
155_R2_1dpi.jpg;155;2;1;227242;98.9373;0.1479;0.646;226488;2371.19;576.31;506.63;1.1375;0.5062;0.9883
155_R2_3dpi.jpg;155;2;3;207808;93.3496;0.1193;0.0534;212876.5;2086.99;573.66;475.84;1.2056;0.6142;0.9882
155_R2_5dpi.jpg;155;2;5;230690;71.4834;10.2406;18.2622;229857;1985.55;597.96;487.06;1.2277;0.7327;0.9924
155_R2_8dpi.jpg;155;2;8;213628;1.4375;32.5969;65.9511;213203.5;1882.13;576.67;477.06;1.2088;0.7563;0.996
156_R1_1dpi.jpg;156;1;1;109541;99.2158;0.6984;0.0657;109046;1310.48;414.91;343.22;1.2089;0.7979;0.9924
156_R1_3dpi.jpg;156;1;3;111615;99.5458;0.2652;0.1407;111089.5;1314.04;417.12;342;1.2197;0.8085;0.9892
156_R1_5dpi.jpg;156;1;5;106129;99.9124;0.0716;0;105581.5;1297.95;414.34;329.35;1.2581;0.7876;0.9831
156_R1_8dpi.jpg;156;1;8;107048;99.0799;0.6091;0.1429;106657.5;1853.45;422.42;334.92;1.2612;0.3902;0.9834
156_R2_1dpi.jpg;156;2;1;141942;91.6762;0.2466;1.2251;143799;2377.74;501.36;368.38;1.361;0.3196;0.9708
156_R2_3dpi.jpg;156;2;3;126466;61.4948;0.3535;0.8769;138515;3197.21;496.17;359.93;1.3785;0.1703;0.9407
156_R2_5dpi.jpg;156;2;5;147774;93.9232;1.9401;0.2003;148208.5;2330.02;506.76;379.79;1.3343;0.3431;0.9714
156_R2_8dpi.jpg;156;2;8;147730;68.6326;24.7296;6.5538;147088.5;1733.77;507.87;370.34;1.3713;0.6149;0.9867
156_R3_1dpi.jpg;156;3;1;218420;98.5212;0.9253;0.369;217822.5;2042.84;613.81;466.59;1.3155;0.6559;0.9779
156_R3_3dpi.jpg;156;3;3;219436;99.8806;0.0993;0;218599.5;1998.76;612.19;466.76;1.3116;0.6876;0.963
156_R3_5dpi.jpg;156;3;5;209372;99.7903;0.2063;0;208584;1881.26;602.91;450.08;1.3395;0.7406;0.9743
156_R3_8dpi.jpg;156;3;8;209213;92.7748;3.8348;2.9248;209069.5;1980.5;602.59;453.58;1.3285;0.6698;0.9779
157_R1_1dpi.jpg;157;1;1;133254;99.955;0.042;0.0015;132639.5;1431.53;471.38;358.83;1.3137;0.8134;0.9954
157_R1_3dpi.jpg;157;1;3;133721;99.9865;0.0105;0;133103;1472.74;466.22;366.11;1.2734;0.7712;0.986
157_R1_5dpi.jpg;157;1;5;132567;99.9185;0.0769;0.0023;131960;1439.69;463.74;368.38;1.2589;0.8;0.9908
157_R1_8dpi.jpg;157;1;8;137965;98.2749;1.4873;0.05;137480;1935.06;467.28;380.85;1.2269;0.4614;0.9703
157_R2_1dpi.jpg;157;2;1;139292;99.4551;0.1615;0.196;138780;1670.81;483.64;367.61;1.3156;0.6247;0.9911
157_R2_3dpi.jpg;157;2;3;136979;99.1437;0.1767;0.1803;136385.5;1828.33;472.23;368.05;1.283;0.5127;0.9867
157_R2_5dpi.jpg;157;2;5;144158;99.9064;0.0832;0;143548.5;1540.29;483.46;380.02;1.2722;0.7603;0.9951
157_R2_8dpi.jpg;157;2;8;138093;74.0313;25.5965;0.3614;137490;1688.01;470.34;372.91;1.2613;0.6064;0.9919
157_R3_1dpi.jpg;157;3;1;136248;99.0268;0.8514;0.0639;135676.5;1464.49;495.34;349.58;1.417;0.795;0.9948
157_R3_3dpi.jpg;157;3;3;141384;99.7744;0.1917;0.0198;140770;1506.13;481.95;374.46;1.2871;0.7798;0.9942
157_R3_5dpi.jpg;157;3;5;140047;99.8722;0.0914;0.025;139414;1640.09;486.4;367.18;1.3247;0.6513;0.99
157_R3_8dpi.jpg;157;3;8;139228;99.8793;0.0998;0.0007;138593.5;1547.82;480.78;365.61;1.315;0.727;0.9927
158_R1_1dpi.jpg;158;1;1;149976;98.3904;1.3069;0.2534;149470;1555.3;501.17;385.87;1.2988;0.7765;0.9945
158_R1_3dpi.JPG;158;1;3;144266;98.342;0.924;0.7244;143647.5;1502.23;501.2;368.95;1.3584;0.7999;0.9808
158_R1_5dpi.jpg;158;1;5;132169;84.4623;5.8176;9.6422;131605;1500.1;508.98;340;1.497;0.7349;0.9633
158_R1_8dpi.jpg;158;1;8;142777;7.7597;39.1996;52.7697;142522;2041.74;501.02;367.56;1.3631;0.4296;0.9853
158_R2_1dpi.jpg;158;2;1;182566;99.3219;0.2016;0.3073;181751.5;2207.1;518.65;459.02;1.1299;0.4689;0.9873
158_R2_3dpi.jpg;158;2;3;172708;98.3765;0.1204;0.0654;172453.5;1983.14;495.72;448.15;1.1062;0.551;0.989
158_R2_5dpi.jpg;158;2;5;185998;99.3758;0.4489;0.1667;185263.5;1732.26;523.75;461;1.1361;0.7758;0.9915
158_R2_8dpi.jpg;158;2;8;173242;36.2649;51.181;12.5483;172550;1925.04;508.54;440.18;1.1553;0.5851;0.9926
158_R3_1dpi.JPG;158;3;1;129805;99.9723;0.0116;0;129114.5;1551.66;449.28;372.2;1.2071;0.6739;0.9843
158_R3_3dpi.jpg;158;3;3;148121;99.9561;0.0338;0.0007;147483.5;1562.55;481.65;396.62;1.2144;0.7591;0.9903
158_R3_5dpi.jpg;158;3;5;148512;99.9684;0.0303;0;147873;1670.81;482.15;400.91;1.2026;0.6656;0.99
158_R3_8dpi.jpg;158;3;8;149038;99.423;0.2147;0.3617;148363.5;1605.31;474.86;404.86;1.1729;0.7235;0.9869
159_R1_1dpi.jpg;159;1;1;162375;99.8861;0.1084;0.0006;161718;1550.22;520.92;398.46;1.3073;0.8456;0.9943
159_R1_3dpi.jpg;159;1;3;162856;99.7593;0.1738;0.0534;162173.5;1661.74;544.73;379.82;1.4342;0.738;0.9922
159_R1_5dpi.jpg;159;1;5;161324;99.912;0.0676;0.0025;160648;1591.76;540.59;379.78;1.4234;0.7968;0.992
159_R1_8dpi.jpg;159;1;8;164334;92.657;6.931;0.2769;164135;1866.27;569.25;381.49;1.4922;0.5922;0.993
159_R2_1dpi.jpg;159;2;1;185742;98.5372;0.239;0.8943;184920.5;2374.12;575.4;414.77;1.3873;0.4123;0.9839
159_R2_3dpi.jpg;159;2;3;179364;98.6764;0.136;0.1589;179005;2382.39;569.92;406.13;1.4033;0.3963;0.9843
159_R2_5dpi.jpg;159;2;5;193961;99.487;0.415;0.0423;193301.5;1775.08;586.31;422.44;1.3879;0.7709;0.9929
159_R2_8dpi.jpg;159;2;8;186496;75.2804;23.4954;1.2242;185786;1702.81;581.43;410.64;1.4159;0.8052;0.9927
159_R3_1dpi.jpg;159;3;1;172937;99.8647;0.1058;0.0173;172302.5;1682.75;570.93;397.03;1.438;0.7647;0.995
159_R3_3dpi.jpg;159;3;3;173353;99.9683;0.0265;0.0035;172660.5;1666.57;589.84;381.99;1.5441;0.7812;0.9937
159_R3_5dpi.jpg;159;3;5;167893;99.3919;0.5116;0.0852;167186;1661.7;582.99;367.84;1.5849;0.7609;0.9927
159_R3_8dpi.jpg;159;3;8;161913;76.207;12.1361;11.1683;161752.5;1746.48;589.64;349.68;1.6862;0.6664;0.9953
160_R1_1dpi.jpg;160;1;1;105733;99.1497;0.6337;0.1069;104751.5;1503.21;396.23;339.87;1.1658;0.5825;0.986
160_R1_3dpi.jpg;160;1;3;105216;99.4164;0.4534;0.0703;104631;1444.05;396.48;344.63;1.1504;0.6305;0.9864
160_R1_5dpi.jpg;160;1;5;100068;99.8331;0.1449;0.02;99539.5;1236.93;390.51;333.48;1.171;0.8175;0.992
160_R1_8dpi.jpg;160;1;8;101852;98.9593;0.755;0.2572;101310.5;1434.92;396.61;337.12;1.1765;0.6183;0.9873
160_R2_1dpi.jpg;160;2;1;108229;99.4715;0.2744;0.121;107595.5;1737.03;399.01;349.64;1.1412;0.4481;0.9779
160_R2_3dpi.jpg;160;2;3;108446;99.0889;0.1521;0.1263;107939;1586.7;407.24;349.19;1.1662;0.5388;0.9745
160_R2_5dpi.jpg;160;2;5;114284;96.9838;2.0064;0.9651;113715;1375.14;419.61;353.71;1.1863;0.7557;0.9791
160_R2_8dpi.jpg;160;2;8;110282;35.4899;47.0983;17.4036;109719.5;1328.82;417.42;350.65;1.1904;0.7808;0.9738
160_R3_1dpi.jpg;160;3;1;103153;99.3495;0.4401;0.16;102664.5;1263.98;396.3;331.64;1.195;0.8075;0.9884
160_R3_3dpi.jpg;160;3;3;107118;99.6434;0.2549;0.0513;106572.5;1335.15;397.71;347.05;1.146;0.7513;0.9901
160_R3_5dpi.jpg;160;3;5;105606;97.5607;2.1751;0.2509;105076.5;1365.35;391.67;346.36;1.1308;0.7083;0.9848
160_R3_8dpi.jpg;160;3;8;105576;50.3296;12.0406;37.213;105302.5;1306.12;396.32;342.26;1.158;0.7757;0.992
161_R1_1dpi.jpg;161;1;1;79932;97.9795;1.2623;0.6418;79484;1123.63;387.18;262.18;1.4768;0.7911;0.9944
161_R1_3dpi.jpg;161;1;3;80495;54.7214;11.0926;33.2828;81350.5;1337.98;429.63;246.31;1.7442;0.571;0.9862
161_R1_5dpi.jpg;161;1;5;75125;29.781;10.0912;60.0186;74739;1115.28;386.96;250.18;1.5467;0.7551;0.9908
161_R1_8dpi.jpg;161;1;8;71717;0.1102;7.439;92.2278;71176.5;1414.57;394.28;240.47;1.6396;0.447;0.972
161_R2_1dpi.jpg;161;2;1;96597;99.648;0.1667;0.0704;96194;1466.02;416.99;307.44;1.3563;0.5624;0.9844
161_R2_3dpi.jpg;161;2;3;97252;99.7111;0.1152;0;96743;1328.2;421.19;304.75;1.3821;0.6891;0.9927
161_R2_5dpi.jpg;161;2;5;105251;99.4432;0.4969;0.0219;104711.5;1370.04;445.69;312.36;1.4268;0.701;0.9932
161_R2_8dpi.jpg;161;2;8;104344;19.0131;61.4027;19.5699;103817;1289.65;433.12;311.28;1.3914;0.7844;0.9952
161_R3_1dpi.jpg;161;3;1;132491;99.7124;0.1562;0.0921;131966;1603.78;499.3;338.05;1.477;0.6447;0.9922
161_R3_3dpi.jpg;161;3;3;134165;99.6542;0.1886;0.1543;133549.5;1504.29;504.43;345.77;1.4589;0.7416;0.978
161_R3_5dpi.jpg;161;3;5;132913;98.8617;0.705;0.4326;132387.5;1539.8;500.8;340.66;1.4701;0.7017;0.9823
161_R3_8dpi.jpg;161;3;8;130466;84.9578;7.3567;7.3521;130535;1539.64;498.03;343.9;1.4482;0.692;0.9829
162_R1_1dpi.jpg;162;1;1;56459;99.0666;0.7014;0.2143;56060.5;930.77;308.16;236.37;1.3037;0.8132;0.9938
162_R1_3dpi.jpg;162;1;3;59908;97.4377;1.504;0.9982;59585.5;955.79;302.04;253.12;1.1933;0.8197;0.9937
162_R1_5dpi.jpg;162;1;5;56708;99.9929;0.0071;0;56317.5;904.51;294.14;245.63;1.1975;0.865;0.9936
162_R1_8dpi.jpg;162;1;8;57263;99.6071;0.3004;0.0489;56879.5;1062.47;294.67;248.6;1.1854;0.6332;0.9891
162_R2_1dpi.jpg;162;2;1;40248;99.6348;0.2162;0.0199;39865.5;884.99;254.61;210.97;1.2068;0.6396;0.9855
162_R2_3dpi.jpg;162;2;3;46018;99.661;0.1499;0;45630.5;935.56;263.95;223.15;1.1828;0.6551;0.9873
162_R2_5dpi.jpg;162;2;5;47766;99.9833;0.0167;0;47404.5;837.54;269.98;228.93;1.1793;0.8492;0.9935
162_R2_8dpi.jpg;162;2;8;47594;99.0608;0.935;0;47162.5;972.87;265.36;226.27;1.1728;0.6262;0.9853
162_R3_1dpi.jpg;162;3;1;77631;99.6638;0.2821;0.0386;77166.5;1085.5;349.78;283.79;1.2325;0.823;0.9944
162_R3_3dpi.jpg;162;3;3;80092;99.8589;0.1074;0.0275;79625.5;1105.73;348.06;290.14;1.1996;0.8184;0.9926
162_R3_5dpi.jpg;162;3;5;79862;99.7082;0.2617;0.0188;79403;1151.63;347.5;290.5;1.1962;0.7524;0.9923
162_R3_8dpi.jpg;162;3;8;80032;99.6914;0.2511;0.0125;79617.5;1200.44;357.88;284.2;1.2592;0.6943;0.993
163_R1_1dpi.jpg;163;1;1;180374;99.8292;0.1563;0.0128;179661;1724.34;535.02;444.8;1.2028;0.7593;0.9874
163_R1_3dpi.jpg;163;1;3;187687;99.2338;0.5142;0.2488;186949;1778.99;544.35;442.83;1.2292;0.7423;0.9946
163_R1_5dpi.jpg;163;1;5;188506;91.5562;4.532;3.8487;187778.5;1732.38;533.69;454.27;1.1748;0.7863;0.9954
163_R1_8dpi.jpg;163;1;8;192305;8.0362;22.4472;69.2462;191742;2315.86;554.83;455.97;1.2168;0.4493;0.9801
163_R2_1dpi.jpg;163;2;1;111466;99.2365;0.314;0.2458;110950.5;1682.29;436.83;334.3;1.3067;0.4927;0.9853
163_R2_3dpi.jpg;163;2;3;110348;99.7209;0.0852;0.0082;109806;1459.88;425.05;333.67;1.2739;0.6474;0.9899
163_R2_5dpi.jpg;163;2;5;118656;99.9006;0.0775;0;118090;1340.54;443.12;347.68;1.2745;0.8258;0.9928
163_R2_8dpi.jpg;163;2;8;116226;84.6945;12.7743;2.5261;115617.5;1454.78;432.6;347.04;1.2466;0.6865;0.9921
163_R3_1dpi.jpg;163;3;1;242570;99.4356;0.3578;0.1773;241851;2108.78;610.64;513.7;1.1887;0.6834;0.9943
163_R3_3dpi.jpg;163;3;3;245452;99.7845;0.1577;0.0432;244643.5;1925.34;617.42;510.76;1.2088;0.8293;0.9953
163_R3_5dpi.jpg;163;3;5;237250;95.1718;4.1058;0.7212;236441.5;1949.62;601.64;503.63;1.1946;0.7817;0.9941
163_R3_8dpi.jpg;163;3;8;234259;66.7816;11.0655;22.032;233490.5;2023.71;600.6;500.58;1.1998;0.7164;0.994
164_R1_1dpi.jpg;164;1;1;88336;99.511;0.3747;0.1064;87895.5;1175.87;400.93;286.77;1.3981;0.7988;0.9947
164_R1_3dpi.jpg;164;1;3;93758;97.2749;2.0254;0.6314;93366;1249.77;415.6;296.64;1.401;0.7512;0.993
164_R1_5dpi.jpg;164;1;5;86390;97.8192;1.0105;1.1344;85926;1154.86;395.07;279.67;1.4126;0.8096;0.9946
164_R1_8dpi.jpg;164;1;8;85773;82.4024;12.2987;5.1671;85229;1366.91;402.14;282.96;1.4212;0.5732;0.9829
164_R2_1dpi.jpg;164;2;1;87352;99.3715;0.3068;0.0973;86622.5;1542.43;408.62;278.06;1.4695;0.4575;0.9768
164_R2_3dpi.jpg;164;2;3;83935;99.1184;0.4801;0.1382;83405;1360.36;391.28;276.37;1.4158;0.5664;0.9809
164_R2_5dpi.jpg;164;2;5;87648;97.2184;1.287;1.3976;87299.5;1178.58;393.25;286.13;1.3744;0.7898;0.9939
164_R2_8dpi.jpg;164;2;8;87801;37.7274;47.7705;14.4862;87316.5;1180.3;398.41;281.62;1.4147;0.7876;0.9792
164_R3_1dpi.jpg;164;3;1;75104;99.6778;0.1811;0.1318;74637;1088.77;360.68;268.29;1.3444;0.7912;0.9899
164_R3_3dpi.jpg;164;3;3;78771;99.9784;0.0114;0;78283.5;1113.9;373.2;270.69;1.3787;0.7928;0.9876
164_R3_5dpi.jpg;164;3;5;80539;99.6759;0.2843;0.0335;80052;1160.37;379.76;273.19;1.3901;0.7471;0.9888
164_R3_8dpi.jpg;164;3;8;77149;92.6428;3.5438;1.4634;76879;1354.17;367.55;270.1;1.3608;0.5268;0.9811
165_R1_1dpi.jpg;165;1;1;60186;99.877;0.0714;0.0233;59794;952.37;304.19;250.21;1.2157;0.8284;0.994
165_R1_3dpi.jpg;165;1;3;62159;72.3934;6.847;20.7227;61762.5;965.16;308.9;254.39;1.2143;0.8332;0.9944
165_R1_5dpi.jpg;165;1;5;60064;27.4424;18.6834;53.7793;59704.5;940.53;303.6;252.18;1.2039;0.8481;0.9946
165_R1_8dpi.jpg;165;1;8;59620;5.3807;14.9061;79.5253;59497;1077.74;306.63;250.2;1.2255;0.6437;0.9913
165_R2_1dpi.jpg;165;2;1;85709;98.2266;0.2007;1.1049;85327.5;1415.49;362.03;306.03;1.183;0.5352;0.986
165_R2_3dpi.jpg;165;2;3;80298;97.5566;0.1731;0.1494;80076.5;1385.78;353.78;290.34;1.2185;0.524;0.9823
165_R2_5dpi.jpg;165;2;5;88131;99.9115;0.0783;0.0034;87638;1182.31;368.08;306.2;1.2021;0.7878;0.9867
165_R2_8dpi.jpg;165;2;8;82367;92.7313;6.2209;1.038;81940;1206.82;356.65;291.6;1.2231;0.707;0.9914
165_R3_1dpi.jpg;165;3;1;78212;98.5654;0.8081;0.5728;77761.5;1114.92;355.38;287.53;1.236;0.7861;0.9829
165_R3_3dpi.jpg;165;3;3;84046;97.399;0.9566;1.6134;83600.5;1139.95;378.1;286.39;1.3203;0.8084;0.984
165_R3_5dpi.jpg;165;3;5;81982;93.5876;3.2129;3.1946;81463;1244.62;361.7;289.3;1.2503;0.6608;0.9646
165_R3_8dpi.jpg;165;3;8;82017;73.4384;6.9144;19.4911;81610.5;1279.55;373.75;288.83;1.294;0.6264;0.9783
166_R1_1dpi.jpg;166;1;1;113766;99.9921;0.0062;0.0009;113216.5;1314.12;403.36;355.98;1.1331;0.8239;0.9888
166_R1_3dpi.jpg;166;1;3;115515;99.9576;0.0294;0;114976;1314.85;415.8;353.85;1.1751;0.8357;0.9932
166_R1_5dpi.jpg;166;1;5;112407;99.7696;0.1601;0.0543;111904;1301.53;405.95;351.99;1.1533;0.8301;0.9916
166_R1_8dpi.jpg;166;1;8;121327;94.8313;4.2233;0.8283;120904;1526.07;419.7;367.75;1.1413;0.6524;0.9895
166_R2_1dpi.jpg;166;2;1;143854;99.464;0.228;0.121;143258;1846.98;475.88;385.87;1.2333;0.5277;0.9891
166_R2_3dpi.jpg;166;2;3;137887;99.7099;0.0892;0.0754;137280;1570.87;464.01;382.54;1.213;0.6991;0.9922
166_R2_5dpi.jpg;166;2;5;146243;99.8667;0.1149;0;145620.5;1474.89;472.87;394.84;1.1976;0.8412;0.9947
166_R2_8dpi.jpg;166;2;8;141884;97.45;2.514;0.0345;141927.5;1482.43;463.57;391.15;1.1852;0.8116;0.9949
166_R3_1dpi.jpg;166;3;1;193407;99.9302;0.0553;0.0052;192655.5;1984.02;510.23;486.29;1.0492;0.615;0.9688
166_R3_3dpi.jpg;166;3;3;204767;99.9702;0.0176;0.002;204012.5;1853.22;531.05;492.78;1.0777;0.7465;0.9654
166_R3_5dpi.jpg;166;3;5;205461;99.9601;0.0394;0;204675.5;1882.25;526.53;498.18;1.0569;0.726;0.9633
166_R3_8dpi.jpg;166;3;8;207149;99.8112;0.1294;0.0174;206332.5;2079.53;525.05;500;1.0501;0.5996;0.9759
167_R1_1dpi.jpg;167;1;1;141987;97.5103;1.0212;1.4142;141352;1485.22;455.28;407.84;1.1163;0.8052;0.9955
167_R1_3dpi.jpg;167;1;3;134508;98.8595;0.5576;0.5561;133895.5;1431.93;461.75;380.77;1.2127;0.8206;0.985
167_R1_5dpi.jpg;167;1;5;130958;93.6399;2.3664;3.96;130353.5;1401.38;460.39;365.72;1.2589;0.8341;0.9917
167_R1_8dpi.jpg;167;1;8;131209;9.7874;54.4688;35.4899;130778.5;2001.36;476;362.19;1.3142;0.4103;0.9842
167_R2_1dpi.jpg;167;2;1;63884;97.4626;0.3193;0.7733;63445.5;1517.78;334.83;245.12;1.366;0.3461;0.9721
167_R2_3dpi.jpg;167;2;3;69272;97.8086;0.3205;0.2671;68652.5;1643.17;356.09;248.37;1.4337;0.3195;0.9677
167_R2_5dpi.jpg;167;2;5;75701;98.9987;0.8388;0.0898;75248;1096.92;369.86;267.92;1.3805;0.7859;0.9882
167_R2_8dpi.jpg;167;2;8;74956;76.3501;22.8534;0.7925;74508.5;1067.36;371.31;264.57;1.4034;0.8219;0.9948
167_R3_1dpi.jpg;167;3;1;48819;87.6995;3.2037;0.1925;48907;953.44;287.04;218.15;1.3158;0.6761;0.9901
167_R3_3dpi.jpg;167;3;3;31595;12.4387;15.3759;36.6545;24264.5;2025.75;256.4;195.58;1.311;0.0743;0.603
167_R3_5dpi.jpg;167;3;5;52991;4.0422;65.3903;30.3655;52812;946.75;293.7;233.41;1.2583;0.7404;0.9868
167_R3_8dpi.jpg;167;3;8;25332;0.1184;7.682;86.673;17550.5;1451.88;239.58;113.34;2.1139;0.1046;0.7103
168_R1_1dpi.jpg;168;1;1;86893;99.8757;0.1059;0.0023;86334.5;1530.29;390.84;289.78;1.3488;0.4633;0.9074
168_R1_3dpi.jpg;168;1;3;88354;96.6838;1.4306;1.8652;87804.5;1476.97;396.77;285.54;1.3895;0.5058;0.9192
168_R1_5dpi.jpg;168;1;5;87567;94.8234;2.2748;2.8709;86968;1506.79;401.71;282.14;1.4238;0.4814;0.9164
168_R1_8dpi.jpg;168;1;8;94754;52.1276;37.8549;9.4402;94460.5;2017.76;402.33;301.39;1.3349;0.2916;0.943
168_R2_1dpi.jpg;168;2;1;85683;98.645;1.0084;0.1085;84980.5;1687.94;409.42;274.27;1.4927;0.3748;0.8995
168_R2_3dpi.jpg;168;2;3;84722;99.6176;0.1475;0.0366;84018;1722.21;410.53;266.71;1.5393;0.356;0.8821
168_R2_5dpi.jpg;168;2;5;88908;99.5827;0.3532;0.018;88251;1612.87;414.57;277.49;1.494;0.4263;0.891
168_R2_8dpi.jpg;168;2;8;92366;74.9053;24.076;0.7633;91806;1566.24;424.93;275.24;1.5438;0.4703;0.9543
168_R3_1dpi.jpg;168;3;1;68141;98.6821;1.0332;0.1908;67715;1233.51;369.96;246.24;1.5025;0.5593;0.9473
168_R3_3dpi.jpg;168;3;3;70444;99.7856;0.2058;0;69902.5;1265.98;362.29;256.77;1.4109;0.5481;0.9324
168_R3_5dpi.jpg;168;3;5;71231;99.8133;0.1671;0.0056;70704;1248.88;363.28;259.58;1.3995;0.5697;0.9255
168_R3_8dpi.jpg;168;3;8;72842;99.1296;0.7949;0.0371;72380;1189.45;370.31;256.09;1.446;0.6429;0.9614
169_R1_1dpi.jpg;169;1;1;71267;99.9256;0.0631;0.0014;70874;1144.88;343.14;266.9;1.2856;0.6795;0.9915
169_R1_3dpi.jpg;169;1;3;71999;99.7958;0.1667;0.0306;71554.5;1117.47;342.21;266.15;1.2858;0.7201;0.9883
169_R1_5dpi.jpg;169;1;5;68718;99.9476;0.0291;0.0233;68316.5;1011.64;336.16;256.62;1.3099;0.8388;0.9939
169 _R1_8dpi.jpg;169;1;8;70183;98.8245;0.9789;0.0997;69758.5;1199.07;344.96;261.1;1.3212;0.6097;0.9873
169_R2_1dpi.jpg;169;2;1;104777;99.8578;0.0697;0.0029;104220;1511.3;421.68;320.78;1.3145;0.5734;0.988
169_R2_3dpi.jpg;169;2;3;105066;99.3138;0.1247;0.0723;104657.5;1538.03;427.39;315.7;1.3538;0.556;0.9858
169_R2_5dpi.jpg;169;2;5;108826;99.2557;0.5918;0.1433;108315.5;1310.69;432.19;322.86;1.3386;0.7923;0.9941
169_R2_8dpi.jpg;169;2;8;108525;4.9841;55.2711;39.7346;107969;1435.01;426.89;324.86;1.3141;0.6589;0.9919
169_R3_1dpi.jpg;169;3;1;112220;98.9761;0.9125;0.0659;111681;1297.45;424.99;336.29;1.2638;0.8337;0.9926
169_R3_3dpi.jpg;169;3;3;115050;99.9765;0.0217;0;114499.5;1329.43;434.41;339.38;1.28;0.8141;0.9861
169_R3_5dpi.jpg;169;3;5;112842;99.4612;0.522;0.0115;112271.5;1366.75;430.17;335.4;1.2826;0.7553;0.984
169_R3_8dpi.jpg;169;3;8;112831;70.2192;17.8843;11.7734;112581;1531.1;435.93;331.25;1.316;0.6035;0.979
170_R1_1dpi.jpg;170;1;1;149885;98.8204;0.8446;0.3196;149411;1597.07;466.23;414.95;1.1236;0.7361;0.9945
170_R1_3dpi.jpg;170;1;3;156911;99.8878;0.0981;0.0096;156218.5;1609.66;473.97;427.21;1.1095;0.7577;0.9918
170_R1_5dpi.jpg;170;1;5;154945;99.8561;0.12;0.0207;154293;1516.76;468.15;427.91;1.0941;0.8428;0.9908
170_R1_8dpi.jpg;170;1;8;164248;44.9838;20.55;33.97;163994.5;2028.39;483.89;423.87;1.1416;0.5009;0.983
170_R2_1dpi.jpg;170;2;1;155834;99.0483;0.2406;0.2644;154948.5;2177.67;476.38;424.93;1.1211;0.4106;0.9832
170_R2_3dpi.jpg;170;2;3;156308;98.5887;0.231;0.1676;155426.5;2254.42;472.9;420.78;1.1239;0.3843;0.9797
170_R2_5dpi.jpg;170;2;5;167814;99.798;0.1817;0.0012;167196;1656.81;489.07;440.5;1.1103;0.7654;0.9951
170_R2_8dpi.jpg;170;2;8;162817;71.6461;22.4491;5.9023;162200;1662.73;486.3;429.3;1.1328;0.7373;0.9933
171_R1_1dpi.jpg;171;1;1;105481;98.504;1.3424;0.1043;105014.5;1268.92;403.22;329.57;1.2235;0.8196;0.995
171_R1_3dpi.jpg;171;1;3;89565;86.6522;7.7084;5.5167;89325;1354.02;432.32;269.92;1.6017;0.6123;0.9831
171_R1_5dpi.jpg;171;1;5;92993;8.2931;25.5374;66.062;92517;1207.11;407.11;291.24;1.3978;0.7979;0.9812
171_R1_8dpi.jpg;171;1;8;97784;1.9257;9.5895;88.2271;97228;1796.12;392.43;325.07;1.2072;0.3787;0.9715
171_R2_1dpi.jpg;171;2;1;56084;97.2345;0.3388;2.0148;55866;1250.96;327.12;219.42;1.4909;0.4486;0.9794
171_R2_3dpi.jpg;171;2;3;65373;99.2061;0.2142;0.26;64912.5;1332.12;351.93;241.42;1.4578;0.4597;0.9797
171_R2_5dpi.jpg;171;2;5;71420;99.881;0.1106;0.0014;70976.5;1109.95;367.31;251.2;1.4622;0.724;0.9916
171_R2_8dpi.jpg;171;2;8;68602;98.8878;1.1064;0.0044;68167;1090.05;356.21;245.72;1.4497;0.7209;0.9893
171_R3_1dpi.jpg;171;3;1;91779;99.6394;0.1209;0.2255;91291;1329.68;407.38;287.25;1.4182;0.6489;0.9929
171_R3_3dpi.jpg;171;3;3;94809;99.9694;0.0232;0.0021;94350;1237.73;408;296.24;1.3773;0.7739;0.9904
171_R3_5dpi.jpg;171;3;5;97503;99.8174;0.1374;0.0041;96995.5;1290.81;415.63;299.71;1.3868;0.7315;0.9894
171_R3_8dpi.jpg;171;3;8;97119;93.6954;0.9174;5.2976;96650.5;1266.52;406.29;295.81;1.3735;0.7572;0.9944
172_R1_1dpi.jpg;172;1;1;146217;99.576;0.2195;0.1765;145611;1473.47;442.88;419.94;1.0546;0.8428;0.9957
172_R1_3dpi.jpg;172;1;3;148049;96.6146;1.8372;1.5333;147498;1525.82;442.45;423.78;1.044;0.7961;0.9932
172_R1_5dpi.jpg;172;1;5;143211;91.1906;3.4013;5.3858;142591.5;1488.46;432.29;422.71;1.0227;0.8088;0.9933
172_R1_8dpi.jpg;172;1;8;150071;25.6745;50.3988;21.7704;150616.5;1878.88;451.02;425.87;1.0591;0.5361;0.9917
172_R2_1dpi.jpg;172;2;1;168341;99.7155;0.0968;0.0772;167290;1804.98;507.64;423.4;1.199;0.6453;0.9896
172_R2_3dpi.jpg;172;2;3;171143;99.8411;0.0374;0.0152;170484.5;1720.97;515.19;429.59;1.1993;0.7233;0.9876
172_R2_5dpi.jpg;172;2;5;180310;99.9817;0.0155;0;179609;1672.93;531.96;442.06;1.2034;0.8065;0.9933
172_R2_8dpi.jpg;172;2;8;177801;99.6091;0.3639;0.0062;177069;1942.78;504.64;443.31;1.1383;0.5895;0.9901
172_R3_1dpi.jpg;172;3;1;237165;99.6977;0.191;0.0822;236273.5;2014.12;613.51;508.87;1.2056;0.7319;0.9939
172_R3_3dpi.jpg;172;3;3;241841;99.9438;0.05;0.0025;240950.5;1983.86;618.3;508.94;1.2149;0.7693;0.9946
172_R3_5dpi.jpg;172;3;5;239992;99.6446;0.3092;0.0442;239136.5;1928.2;607.47;507.47;1.1971;0.8083;0.9934
172_R3_8dpi.jpg;172;3;8;230174;88.7272;7.583;3.4939;229487;2026.55;606.3;486.49;1.2463;0.7022;0.9925
173_R1_1dpi.jpg;173;1;1;128451;98.8509;0.6711;0.4624;127896.5;1416.86;475.04;347.82;1.3658;0.8006;0.995
173_R1_3dpi.jpg;173;1;3;143877;97.9983;0.6436;1.3247;143256;1514.65;488.84;375.48;1.3019;0.7847;0.9949
173_R1_5dpi.jpg;173;1;5;143437;95.2321;1.2089;3.4831;142836.5;1483.17;499.49;371.98;1.3428;0.816;0.9934
173_R1_8dpi.jpg;173;1;8;144103;66.6218;14.9574;18.2064;143117.5;2422.91;500.46;373.4;1.3403;0.3064;0.975
173_R2_1dpi.jpg;173;2;1;129400;99.5325;0.2195;0.1437;128612.5;1656.14;456.88;363.81;1.2558;0.5892;0.9889
173_R2_3dpi.jpg;173;2;3;132468;99.5425;0.1819;0.1404;131749.5;1696.43;471.2;365.16;1.2904;0.5753;0.9884
173_R2_5dpi.jpg;173;2;5;137884;99.728;0.1668;0.0899;137273.5;1472.66;485.17;365.87;1.3261;0.7954;0.9917
173_R2_8dpi.jpg;173;2;8;134736;95.9179;3.4;0.6813;134121.5;1440.38;469.04;362.97;1.2922;0.8124;0.996
174_R1_1dpi.jpg;174;1;1;89723;99.5921;0.331;0.0513;89229;1171.65;378.77;302.5;1.2521;0.8168;0.9834
174_R1_3dpi.jpg;174;1;3;88627;99.754;0.1873;0.0417;88167.5;1192.38;394.47;291.04;1.3554;0.7793;0.9848
174_R1_5dpi.jpg;174;1;5;82918;99.9288;0.041;0;82441;1139.31;388.14;276.79;1.4023;0.7981;0.9872
174_R1_8dpi.jpg;174;1;8;86505;96.3702;2.5328;0.7965;86261.5;1466.55;410.21;267.88;1.5314;0.504;0.9774
174_R2_1dpi.jpg;174;2;1;56026;99.5859;0.3177;0.0018;55486.5;1076.7;287.27;256.53;1.1198;0.6015;0.9798
174_R2_3dpi.jpg;174;2;3;47716;93.6353;0.0796;0.3814;48005;1109.63;281.26;226.07;1.2441;0.4899;0.9576
174_R2_5dpi.jpg;174;2;5;47036;14.3911;21.5537;63.9616;46697;906.92;267.17;235.35;1.1352;0.7135;0.9532
174_R2_8dpi.jpg;174;2;8;40062;0;0.1847;99.8103;40212.5;1288.63;247.08;204.47;1.2084;0.3043;0.9395
174_R3_1dpi.jpg;174;3;1;77984;99.4345;0.4591;0.0949;77510;1120.37;350.5;281.73;1.2441;0.776;0.9669
174_R3_3dpi.jpg;174;3;3;80007;99.5388;0.2662;0.1762;79516;1138.09;354.58;284.41;1.2467;0.7715;0.9648
174_R3_5dpi.jpg;174;3;5;80462;96.0764;3.2512;0.6637;79967;1152.66;356.64;285.98;1.2471;0.7563;0.9633
174_R3_8dpi.jpg;174;3;8;80408;67.7557;12.2674;15.0259;81734.5;1151.44;364.37;284.88;1.279;0.7747;0.9799
175_R1_1dpi.jpg;175;1;1;157104;98.7461;1.2113;0.0286;156484.5;1541.78;500.02;401.04;1.2468;0.8273;0.9961
175_R1_3dpi.jpg;175;1;3;153527;99.122;0.6201;0.2417;152887.5;1536.89;506.17;387.48;1.3063;0.8134;0.9955
175_R1_5dpi.jpg;175;1;5;155378;96.1745;2.0086;1.7628;154723.5;1553.98;501.93;396.48;1.266;0.8052;0.9942
175_R1_8dpi.jpg;175;1;8;159564;10.8138;61.8504;26.8808;158801.5;1847.26;502.88;410.43;1.2253;0.5848;0.9886
175_R2_1dpi.jpg;175;2;1;202320;98.4871;0.2135;0.1938;201447;2541.43;604.7;439.58;1.3756;0.3919;0.9856
175_R2_3dpi.jpg;175;2;3;199899;98.1271;0.1756;0.2311;199598.5;2529.35;601.08;441.68;1.3609;0.3921;0.9689
175_R2_5dpi.jpg;175;2;5;208512;98.6543;1.0762;0.2024;207771;1875.96;630.15;438.8;1.4361;0.7419;0.9846
175_R2_8dpi.jpg;175;2;8;207858;29.3013;44.8109;25.8806;207332.5;2049.22;645.55;432.02;1.4942;0.6204;0.9804
175_R3_1dpi.jpg;175;3;1;192368;99.0627;0.7543;0.0925;191727;1891.3;551.02;448.15;1.2296;0.6736;0.9936
175_R3_3dpi.jpg;175;3;3;197303;99.9488;0.0426;0;196544;1742.16;560.77;452.84;1.2383;0.8138;0.9949
175_R3_5dpi.jpg;175;3;5;191347;99.7575;0.2252;0.0146;190692.5;1711.31;562.11;442.96;1.269;0.8182;0.9942
175_R3_8dpi.jpg;175;3;8;191816;98.7858;0.7924;0.3326;191287;1946.23;559.93;440.95;1.2698;0.6346;0.9935
176_R1_1dpi.JPG;176;1;1;157222;99.8963;0.0687;0.0254;156507.5;1512.3;483.2;426.84;1.132;0.8599;0.9878
176_R1_3dpi.jpg;176;1;3;165551;99.2009;0.7599;0.0079;165167;1644.56;483.2;442.77;1.0913;0.7674;0.9937
176_R1_5dpi.jpg;176;1;5;154160;99.4765;0.3036;0.216;153517;1514.76;481.4;408.57;1.1783;0.8408;0.9933
176_R1_8dpi.JPG;176;1;8;155624;81.6757;15.5464;2.4848;154565;1563.45;479.79;416.18;1.1528;0.7946;0.9907
176_R2_1dpi.jpg;176;2;1;129140;98.7742;0.2517;0.5932;128329.5;2310.73;459.93;361.24;1.2732;0.302;0.9804
176_R2_3dpi.jpg;176;2;3;125224;98.9515;0.3074;0.1405;124506.5;1978.36;445.91;359.76;1.2395;0.3998;0.9834
176_R2_5dpi.jpg;176;2;5;132068;98.681;0.6724;0.5785;131643;1446.44;446.54;376.91;1.1847;0.7907;0.9932
176_R2_8dpi.jpg;176;2;8;127866;72.3609;27.0502;0.5686;127414;1538.18;443.27;368.18;1.204;0.6767;0.9941
176_R3_1dpi.jpg;176;3;1;139101;99.5881;0.2423;0.1474;138535.5;1481.01;496.25;359.89;1.3789;0.7937;0.9951
176_R3_3dpi.jpg;176;3;3;146101;99.8145;0.1506;0.0253;145447;1520.42;496.63;373.71;1.3289;0.7907;0.992
176_R3_5dpi.jpg;176;3;5;143206;99.7458;0.2493;0.0014;142541.5;1539.43;498.17;366.38;1.3597;0.7558;0.9877
176_R3_8dpi.jpg;176;3;8;147176;89.0899;5.8909;4.6889;146669.5;2086.5;501.75;376.1;1.3341;0.4234;0.9862
177_R1_1dpi.jpg;177;1;1;33977;99.8293;0.1707;0;33674;721.49;241.53;180.46;1.3384;0.8129;0.9923
177_R1_3dpi.jpg;177;1;3;35905;92.1877;2.8659;4.9213;35586.5;751.39;243.61;189.14;1.288;0.7921;0.9918
177_R1_5dpi.jpg;177;1;5;35242;79.0931;5.8793;14.9679;34944.5;734.28;239.78;187.96;1.2757;0.8144;0.9904
177_R1_8dpi.jpg;177;1;8;36052;48.6852;20.3345;30.6474;35700.5;887.08;250.66;183.49;1.3661;0.5701;0.9808
177_R2_1dpi.jpg;177;2;1;54972;99.7817;0.1564;0;54481;1071.57;292.38;246.16;1.1877;0.5962;0.9838
177_R2_3dpi.jpg;177;2;3;54412;95.58;0.1856;0.2352;54755.5;1080.07;298.2;242.32;1.2306;0.5898;0.9791
177_R2_5dpi.jpg;177;2;5;56637;48.4948;9.7781;41.6883;56230.5;970.76;294.07;248.71;1.1824;0.7498;0.9803
177_R2_8dpi.jpg;177;2;8;55923;0.0232;5.2125;94.7642;55608.5;921.79;301.47;248.06;1.2153;0.8224;0.9903
177_R3_1dpi.jpg;177;3;1;39222;98.9113;0.8159;0.2014;38874;825.15;254.66;202.18;1.2596;0.7175;0.9684
177_R3_3dpi.jpg;177;3;3;41222;99.1243;0.6526;0.1892;40874.5;825.82;262.08;204.92;1.2789;0.7532;0.9698
177_R3_5dpi.jpg;177;3;5;40752;98.5105;1.2883;0.1963;40395;831.15;259.16;205.5;1.2611;0.7348;0.9649
177_R3_8dpi.jpg;177;3;8;40264;39.7949;24.7343;34.5097;40089;897.72;270.57;196.62;1.3761;0.6251;0.987
178_R1_1dpi.jpg;178;1;1;246749;99.6466;0.2736;0.0373;245767;2273.22;664.35;481.29;1.3804;0.5977;0.9922
178_R1_3dpi.jpg;178;1;3;263228;99.0643;0.6443;0.1839;263490.5;2529.83;676.21;507.14;1.3334;0.5174;0.9881
178_R1_5dpi.jpg;178;1;5;249469;97.7616;0.9713;1.2551;248704.5;2014.99;654.73;495.35;1.3218;0.7697;0.9891
178_R1_8dpi.jpg;178;1;8;251592;86.2563;8.4657;5.1607;251788;2349.1;673.73;504.16;1.3363;0.5734;0.9703
178_R2_1dpi.jpg;178;2;1;46113;99.1998;0.2125;0.412;46031.5;1054.05;320.89;196.6;1.6322;0.5207;0.9488
178_R2_3dpi.jpg;178;2;3;44215;99.749;0.104;0.0136;44022;960.41;318.22;185.56;1.7149;0.5997;0.9413
178_R2_5dpi.jpg;178;2;5;48692;99.8028;0.152;0.0041;48373.5;956.65;331.83;196.13;1.6919;0.6642;0.9717
178_R2_8dpi.jpg;178;2;8;41038;91.5054;6.4477;1.9348;40719;959.86;316.49;170.91;1.8518;0.5554;0.9361
178_R3_1dpi.jpg;178;3;1;244515;99.5469;0.3186;0.1112;243715;1983.9;626.41;507.35;1.2347;0.7781;0.9873
178_R3_3dpi.jpg;178;3;3;260468;99.6721;0.2534;0.0184;259868;2015.1;642.24;524.74;1.2239;0.8042;0.989
178_R3_5dpi.jpg;178;3;5;255920;99.4877;0.4201;0.0844;255087;2183.29;630.63;523.65;1.2043;0.6725;0.9911
178_R3_8dpi.jpg;178;3;8;236938;81.2415;11.9078;6.4641;240879;2109.89;612.75;516.78;1.1857;0.68;0.9856
179_R1_1dpi.jpg;179;1;1;217246;99.8223;0.1316;0.0281;216499;2035.44;577.06;484.48;1.1911;0.6567;0.9928
179_R1_3dpi.jpg;179;1;3;170949;67.9828;12.4856;18.1469;171221;1820.16;576.39;388.6;1.4833;0.6495;0.9668
179_R1_5dpi.jpg;179;1;5;183763;17.164;11.9806;70.1001;183564;1910.24;564.01;411.5;1.3706;0.6321;0.9748
179_R1_8dpi.jpg;179;1;8;191355;3.782;10.8975;84.3803;191796;2665.44;577.68;429.94;1.3436;0.3392;0.9678
179_R2_1dpi.jpg;179;2;1;55150;99.2548;0.5476;0.0453;54690;1168.77;350.72;220.49;1.5906;0.5031;0.9662
179_R2_3dpi.jpg;179;2;3;67013;99.0614;0.2119;0.2895;66310;1422.76;377.45;258.25;1.4616;0.4116;0.907
179_R2_5dpi.jpg;179;2;5;73989;99.8689;0.1095;0;73485.5;1168.96;390.37;260.89;1.4963;0.6758;0.9465
179_R2_8dpi.jpg;179;2;8;76462;85.3875;8.3061;6.3064;75961;1218.31;386.46;268.96;1.4369;0.6431;0.953
179_R3_1dpi.jpg;179;3;1;255333;99.1023;0.4751;0.3768;254748.5;2130.51;632.23;527.19;1.1993;0.7053;0.9899
179_R3_3dpi.jpg;179;3;3;288785;95.9617;2.7377;1.2213;287934;2163.78;668.16;563.49;1.1858;0.7728;0.9692
179_R3_5dpi.jpg;179;3;5;225342;91.7077;7.7784;0.5121;261359.5;2969.11;627.07;534.72;1.1727;0.3726;0.9562
179_R3_8dpi.jpg;179;3;8;269553;0.0338;0.614;99.1252;270412.5;2288.76;646.42;542.83;1.1909;0.6487;0.9856
180_R1_1dpi.jpg;180;1;1;201951;99.8311;0.154;0.0129;201253.5;1746.74;523.14;491.72;1.0639;0.8289;0.9822
180_R1_3dpi.jpg;180;1;3;200434;60.1575;24.8855;14.6193;199787.5;1816.88;539.16;483.11;1.116;0.7605;0.9724
180_R1_5dpi.jpg;180;1;5;193125;13.0496;10.1478;76.6317;192811;1813.44;533.78;475.92;1.1216;0.7368;0.9634
180_R1_8dpi.jpg;180;1;8;186752;2.5676;5.526;91.7195;186603;2223.8;519.52;469.4;1.1068;0.4742;0.9689
180_R2_1dpi.jpg;180;2;1;37348;99.8474;0.1151;0.0027;37054;848.83;260.53;181.85;1.4327;0.6463;0.9785
180_R2_3dpi.jpg;180;2;3;41507;99.8265;0.0626;0;41132;894.57;309.62;182.21;1.6993;0.6459;0.9297
180_R2_5dpi.jpg;180;2;5;42853;99.9697;0.0233;0;42484;894.23;317.12;182.93;1.7336;0.6676;0.9285
180_R2_8dpi.jpg;180;2;8;51411;99.7238;0.247;0;51100;952.57;319.62;209.76;1.5237;0.7077;0.9741
180_R3_1dpi.jpg;180;3;1;116404;99.8308;0.1452;0.0009;115823.5;1654.74;461.29;320.7;1.4384;0.5316;0.9829
180_R3_3dpi.jpg;180;3;3;113402;89.7594;6.6471;3.3253;112948;1431.33;450.31;328.67;1.3701;0.6928;0.9815
180_R3_5dpi.jpg;180;3;5;111969;19.6179;45.7198;34.6417;111613;1397.19;425.16;335.2;1.2684;0.7185;0.982
180_R3_8dpi.jpg;180;3;8;104124;0.073;0.3822;98.2271;105031.5;2207.5;419.78;315.14;1.332;0.2709;0.9599
181_R1_1dpi.JPG;181;1;1;256198;99.9785;0.0191;0;255280.5;1973.73;625.36;552.34;1.1322;0.8235;0.9884
181_R1_3dpi.jpg;181;1;3;263893;99.9454;0.0474;0.0023;262959.5;2058.18;653.37;542.03;1.2054;0.7801;0.9936
181_R1_5dpi.jpg;181;1;5;254724;99.9556;0.0349;0.0004;253857;1932.82;630.84;537.98;1.1726;0.8539;0.9969
181_R1_8dpi.jpg;181;1;8;266936;98.7769;0.9688;0.1307;266187;2342.13;636.57;566.93;1.1228;0.6098;0.994
181_R2_1dpi.jpg;181;2;1;82718;99.8924;0.0218;0.0036;82190;1325.43;449.55;239.19;1.8795;0.5879;0.9883
181_R2_3dpi.jpg;181;2;3;86549;99.7031;0.0786;0.0959;86042;1309.08;444.61;249.83;1.7796;0.6309;0.9899
181_R2_5dpi.jpg;181;2;5;88180;99.8775;0.1179;0.0011;87628.5;1288.35;448.55;254.18;1.7647;0.6634;0.9901
181_R2_8dpi.jpg;181;2;8;92973;99.1869;0.7045;0.0796;92340.5;1596.08;448.02;261.85;1.711;0.4555;0.9831
181_R3_1dpi.jpg;181;3;1;83063;99.8134;0.1661;0.0157;82581.5;1126.45;379.77;282.68;1.3435;0.8178;0.996
181_R3_3dpi.jpg;181;3;3;102793;99.9582;0.0418;0;102247;1263;410.37;326.62;1.2564;0.8055;0.9889
181_R3_5dpi.jpg;181;3;5;105338;99.7722;0.2193;0;104839;1295.48;412.09;330.12;1.2483;0.785;0.9889
181_R3_8dpi.jpg;181;3;8;105942;93.8542;2.2758;3.8106;105482.5;1312.35;426.05;320.54;1.3292;0.7696;0.9908
182_R1_1dpi.jpg;182;1;1;223502;98.7803;0.8729;0.3257;222754;1928.75;592.62;490.49;1.2082;0.7525;0.9927
182_R1_3dpi.jpg;182;1;3;228277;99.2461;0.4998;0.2274;227502;1911.52;577.38;498.98;1.1571;0.7824;0.9936
182_R1_5dpi.jpg;182;1;5;214298;99.7284;0.2347;0.028;213531;1789.5;583.5;466.66;1.2504;0.8379;0.9921
182_R1_8dpi.jpg;182;1;8;228616;78.3139;17.9707;3.3729;228404.5;2045.39;581.31;502.06;1.1579;0.6861;0.9952
182_R2_1dpi.jpg;182;2;1;299466;98.8065;0.6401;0.4495;299178;2619.7;667.98;571.39;1.169;0.5478;0.9917
182_R2_3dpi.JPG;182;2;3;284992;99.7705;0.0533;0.0758;283896;2408.4;654.91;563.08;1.1631;0.6151;0.9851
182_R2_5dpi.jpg;182;2;5;295857;99.9479;0.0473;0;294987.5;2184.84;663.99;572.04;1.1607;0.7766;0.9948
182_R2_8dpi.jpg;182;2;8;288602;99.6511;0.3292;0.0156;287714.5;2511.72;664.14;563.72;1.1781;0.5731;0.9854
182_R3_1dpi.jpg;182;3;1;99497;99.4975;0.3638;0.1337;99001;1239.22;393.69;320.62;1.2279;0.8101;0.9944
182_R3_3dpi.jpg;182;3;3;105561;98.6747;0.4206;0.8876;105037.5;1300.95;400.45;336.13;1.1913;0.7799;0.9937
182_R3_5dpi.jpg;182;3;5;104228;94.821;2.6308;2.5444;103751;1325.73;398.21;331.35;1.2018;0.7418;0.9907
182_R3_8dpi.jpg;182;3;8;103896;75.155;8.0571;16.7167;103471.5;1402.2;402.33;328.4;1.2251;0.6613;0.9895
183_R1_1dpi.jpg;183;1;1;83525;98.4711;1.0129;0.4921;82989;1250.05;345.69;307.31;1.1249;0.6674;0.9879
183_R1_3dpi.jpg;183;1;3;97499;98.9005;0.8574;0.1877;96918.5;1379.07;365.85;342.81;1.0672;0.6404;0.9814
183_R1_5dpi.jpg;183;1;5;92446;99.9264;0.0627;0;91955.5;1166.98;355.25;329.38;1.0785;0.8485;0.9949
183_R1_8dpi.jpg;183;1;8;96535;98.6243;0.8981;0.3605;96216;1468.24;376.58;330.28;1.1402;0.5609;0.9872
183_R2_1dpi.jpg;183;2;1;161696;99.7613;0.1719;0.0068;161052.5;1705.08;487.52;424.98;1.1471;0.6961;0.9913
183_R2_3dpi.jpg;183;2;3;157289;96.1135;0.1176;0.1519;157979.5;1966.44;486.59;418.96;1.1614;0.5134;0.9879
183_R2_5dpi.jpg;183;2;5;170821;57.1698;9.1341;33.5854;170173.5;1688.25;502.59;433.05;1.1606;0.7503;0.9946
183_R2_8dpi.jpg;183;2;8;152552;0.2897;10.1205;89.5118;159517.5;2196.73;476.87;424.59;1.1231;0.4154;0.9726
183_R3_1dpi.jpg;183;3;1;91129;99.1814;0.53;0.1909;90670.5;1238.15;374.98;308.43;1.2158;0.7432;0.985
183_R3_3dpi.jpg;183;3;3;119655;99.9373;0.046;0.0084;119078;1344.2;424.85;365.11;1.1636;0.8282;0.9808
183_R3_5dpi.jpg;183;3;5;123699;99.447;0.3872;0.114;123160.5;1416.44;430.22;368.56;1.1673;0.7714;0.9912
183_R3_8dpi.jpg;183;3;8;120918;88.842;7.9649;3.1393;120391.5;1378.78;429.51;364.43;1.1786;0.7958;0.9907
184_R1_1dpi.jpg;184;1;1;198143;99.8249;0.1242;0.0469;197386.5;1745.17;540.26;465.82;1.1598;0.8144;0.98
184_R1_3dpi.jpg;184;1;3;203879;99.6925;0.1962;0.104;203104;1863.07;548.02;472.79;1.1591;0.7353;0.9759
184_R1_5dpi.jpg;184;1;5;195809;99.6869;0.1803;0.1241;195048.5;1745.43;534.1;468.7;1.1395;0.8045;0.9796
184_R1_8dpi.jpg;184;1;8;200242;94.4208;4.7752;0.6757;200117.5;2061.85;556.14;464.76;1.1966;0.5915;0.9729
184_R2_1dpi.jpg;184;2;1;99896;99.4444;0.2473;0.1191;99190;1647.93;381.47;332.32;1.1479;0.459;0.9832
184_R2_3dpi.jpg;184;2;3;104502;99.7646;0.1072;0.0144;103911;1422.36;376.97;350.97;1.0741;0.6454;0.9797
184_R2_5dpi.jpg;184;2;5;109593;99.6742;0.1871;0.0803;109116.5;1314.52;391.32;354.91;1.1026;0.7935;0.9885
184_R2_8dpi.jpg;184;2;8;111817;98.3723;1.4586;0.1646;111284.5;1320.09;398.48;356.26;1.1185;0.8025;0.9949
184_R3_1dpi.jpg;184;3;1;182326;99.3023;0.5622;0.119;181550.5;1738.97;539.46;429.16;1.257;0.7544;0.984
184_R3_3dpi.jpg;184;3;3;192094;99.9969;0.0031;0;191343.5;1777.6;566.91;434.26;1.3055;0.7609;0.982
184_R3_5dpi.jpg;184;3;5;190316;99.9207;0.0746;0;189483;1959.18;565.62;433.9;1.3036;0.6203;0.98
184_R3_8dpi.jpg;184;3;8;188055;88.865;6.3886;4.5561;187534.5;2049.36;565.39;432.16;1.3083;0.5611;0.9807
185_R1_1dpi.jpg;185;1;1;131090;95.7258;3.1108;1.0825;130856;1521.91;463.1;371.64;1.2461;0.7099;0.9847
185_R1_3dpi.jpg;185;1;3;116196;99.9604;0.0396;0;115631;1352.14;457.4;326.94;1.399;0.7948;0.9906
185_R1_5dpi.jpg;185;1;5;120248;99.9435;0.0507;0;119665.5;1366.92;465.38;330.36;1.4087;0.8048;0.9951
185_R1_8dpi.jpg;185;1;8;133254;99.5565;0.3227;0.0105;132361.5;1857.79;474.05;359.83;1.3174;0.4819;0.9782
185_R2_1dpi.jpg;185;2;1;120373;97.7088;0.2816;1.2129;120249;2018.54;433.92;353.18;1.2286;0.3709;0.9807
185_R2_3dpi.jpg;185;2;3;116476;98.8684;0.1872;0.1554;116364;1973.86;440.67;349.44;1.2611;0.3753;0.9614
185_R2_5dpi.jpg;185;2;5;121065;99.554;0.2858;0.1305;121997;1496.47;445.83;357.09;1.2485;0.6846;0.9748
185_R2_8dpi.jpg;185;2;8;120918;97.5711;1.8947;0.5235;121483.5;1490.65;448.11;359.7;1.2458;0.687;0.9927
185_R3_1dpi.jpg;185;3;1;241288;99.6378;0.2748;0.0638;240493;1940.13;617.89;506.9;1.219;0.8029;0.9872
185_R3_3dpi.jpg;185;3;3;244671;99.8026;0.1684;0.0204;243861.5;1940.43;620.94;515.36;1.2048;0.8139;0.9841
185_R3_5dpi.jpg;185;3;5;241704;97.1738;2.8204;0.0046;240873;1948.21;620.61;503.8;1.2318;0.7975;0.9875
185_R3_8dpi.jpg;185;3;8;239288;69.085;10.5455;19.8267;239410;2193.15;622.44;510.63;1.219;0.6255;0.9823
186_R1_1dpi.jpg;186;1;1;285794;98.0647;1.2058;0.5927;284983;2148.01;649.65;567.33;1.1451;0.7762;0.9884
186_R1_3dpi.jpg;186;1;3;309539;96.6515;2.9466;0.2675;309535.5;2284.51;678.63;591.31;1.1477;0.7453;0.9925
186_R1_5dpi.jpg;186;1;5;278678;99.8342;0.1285;0.0151;277805;2096.61;643.45;556;1.1573;0.7942;0.9714
186_R1_8dpi.jpg;186;1;8;293232;99.319;0.4665;0.0999;292723;3018.35;642;582.95;1.1013;0.4038;0.987
186_R2_1dpi.jpg;186;2;1;69979;99.8542;0.04;0.0014;69464.5;1145.08;363.76;252.82;1.4388;0.6657;0.9873
186_R2_3dpi.jpg;186;2;3;76714;99.7471;0.0847;0.0039;76209;1251.37;404.18;256.22;1.5774;0.6116;0.9655
186_R2_5dpi.jpg;186;2;5;81661;99.9498;0.0453;0;81167;1245.59;393.86;269.23;1.4629;0.6574;0.9763
186_R2_8dpi.jpg;186;2;8;82651;99.3055;0.6679;0.0097;82127;1319.73;393.69;271.71;1.4489;0.5925;0.9867
186_R3_1dpi.jpg;186;3;1;181148;97.507;1.2802;1.0903;180614;1722.67;560.19;421.24;1.3299;0.7648;0.9918
186_R3_3dpi.jpg;186;3;3;190816;99.7385;0.1829;0.0634;190112;1679.93;537.76;453.72;1.1852;0.8465;0.9944
186_R3_5dpi.jpg;186;3;5;185235;99.8213;0.0977;0.0794;184554;1742.21;541.07;441.14;1.2265;0.7641;0.9883
186_R3_8dpi.jpg;186;3;8;188355;96.0107;1.3374;2.6296;187728.5;1950.73;533.62;447.61;1.1922;0.6199;0.9932
187_R1_1dpi.jpg;187;1;1;94101;98.7513;0.6323;0.5898;93589.5;1198.07;388.98;310.04;1.2546;0.8194;0.9949
187_R1_3dpi.jpg;187;1;3;98626;99.7769;0.1643;0.0193;98078.5;1260.7;400.16;312.83;1.2792;0.7755;0.9917
187_R1_5dpi.jpg;187;1;5;94664;99.7708;0.1838;0.038;94156;1183.83;388.83;309.28;1.2572;0.8443;0.9926
187_R1_8dpi.jpg;187;1;8;98285;97.7006;1.4865;0.6817;98146;1379.73;400.23;316.47;1.2647;0.6479;0.993
187_R2_1dpi.jpg;187;2;1;67268;98.0689;0.2141;0.7478;66658.5;1403.75;331.8;258.58;1.2832;0.4251;0.9685
187_R2_3dpi.jpg;187;2;3;65312;98.0371;0.2419;0.2986;64769;1546.33;315.92;264.37;1.195;0.3404;0.9645
187_R2_5dpi.jpg;187;2;5;69006;97.8132;1.7491;0.313;68587;1103.69;321.44;275.18;1.1681;0.7076;0.974
187_R2_8dpi.jpg;187;2;8;67924;62.5523;25.8936;11.5453;67483.5;1031.84;310.04;278.46;1.1134;0.7965;0.977
187_R3_1dpi.jpg;187;3;1;159037;99.5718;0.2641;0.1113;158364.5;1831.97;532.41;387.04;1.3756;0.593;0.9914
187_R3_3dpi.jpg;187;3;3;161799;99.9487;0.0414;0;161134;1640.79;531.25;389.52;1.3638;0.7521;0.9879
187_R3_5dpi.jpg;187;3;5;162176;99.9772;0.0216;0;161452;1632.08;537.52;389.18;1.3811;0.7617;0.9892
187_R3_8dpi.jpg;187;3;8;162188;92.6191;2.4922;4.8394;161581;1642.02;539.08;388.14;1.3889;0.7531;0.9917
188_R1_1dpi.jpg;188;1;1;134316;99.761;0.1951;0.0283;133683;1535.02;469.73;367.42;1.2785;0.7129;0.9753
188_R1_3dpi.jpg;188;1;3;162734;99.8851;0.0701;0.0129;161987;1805.42;510.5;427.79;1.1933;0.6245;0.9723
188_R1_5dpi.jpg;188;1;5;153133;99.8746;0.1064;0;152457;1699.02;478.87;437.47;1.0946;0.6637;0.9518
188_R1_8dpi.jpg;188;1;8;159759;98.4295;0.8826;0.5189;159616.5;2137.46;491.96;456.07;1.0787;0.439;0.9665
188_R2_1dpi.jpg;188;2;1;233570;99.428;0.1597;0.2629;232810.5;2432.32;590.38;511.42;1.1544;0.4945;0.9738
188_R2_3dpi.jpg;188;2;3;232966;99.733;0.0743;0.0331;231923;2110.8;573.43;523.9;1.0945;0.6541;0.9774
188_R2_5dpi.jpg;188;2;5;255413;99.7408;0.224;0.0223;254597.5;2007.3;600.16;549.09;1.093;0.794;0.9792
188_R2_8dpi.jpg;188;2;8;245283;98.885;1.0788;0.031;244701;2111.35;586.02;539.13;1.087;0.6898;0.9768
188_R3_1dpi.jpg;188;3;1;272080;99.9386;0.0434;0.0004;271241.5;2062.96;665.13;531.14;1.2523;0.8009;0.9857
188_R3_3dpi.jpg;188;3;3;276154;98.8782;0.4718;0.6435;275273;2204.86;671.53;539.42;1.2449;0.7116;0.9753
188_R3_5dpi.jpg;188;3;5;281091;96.8615;1.6536;1.4814;283159;2307.19;681.14;542.23;1.2562;0.6685;0.9794
188_R3_8dpi.jpg;188;3;8;274001;43.8429;25.8247;29.6353;274176.5;2454.29;661.98;538.99;1.2282;0.572;0.9791
189_R1_1dpi.jpg;189;1;1;242136;99.0551;0.7165;0.0987;243249;2083.18;585.54;542.15;1.08;0.7044;0.9924
189_R1_3dpi.jpg;189;1;3;240848;99.8734;0.103;0.0025;240039.5;1882.51;576.32;537.26;1.0727;0.8512;0.9956
189_R1_5dpi.jpg;189;1;5;236001;99.5644;0.289;0.0869;235220;1843.9;566.22;536.35;1.0557;0.8694;0.9964
189_R1_8dpi.jpg;189;1;8;245330;65.5167;29.969;4.2869;245346;2141.12;591.51;548.66;1.0781;0.6725;0.9863
189_R2_1dpi.jpg;189;2;1;131741;99.0671;0.3818;0.3902;131374.5;1653.31;441.85;383.82;1.1512;0.604;0.9895
189_R2_3dpi.jpg;189;2;3;150987;99.4437;0.1676;0.1186;150153.5;1913.45;471.5;414.53;1.1374;0.5154;0.9854
189_R2_5dpi.jpg;189;2;5;157618;99.9042;0.0933;0;156994;1538.79;485.81;420.62;1.155;0.8332;0.9951
189_R2_8dpi.jpg;189;2;8;155863;68.1008;27.2701;4.6182;155228.5;1786.39;474.86;425.95;1.1148;0.6113;0.9912
189_R3_1dpi.jpg;189;3;1;150632;99.7019;0.2091;0.0398;150304.5;1641.72;480.84;405.36;1.1862;0.7008;0.9937
189_R3_3dpi.jpg;189;3;3;177831;99.9904;0.0039;0;177115;1662.5;531.61;429.28;1.2384;0.8053;0.9954
189_R3_5dpi.jpg;189;3;5;178650;99.9743;0.0246;0;177911;1672.85;529.42;434.44;1.2186;0.7989;0.9919
189_R3_8dpi.jpg;189;3;8;176362;98.5099;0.3674;1.096;175679.5;1674.75;522.5;428.2;1.2202;0.7871;0.994
190_R1_1dpi.jpg;190;1;1;59281;94.4738;3.9287;1.4271;59047.5;960.45;312.13;258.13;1.2092;0.8044;0.9913
190_R1_3dpi.jpg;190;1;3;59019;96.6418;2.0925;1.1149;58685;1075.63;297.99;259.45;1.1486;0.6374;0.9782
190_R1_5dpi.jpg;190;1;5;54901;99.6412;0.3169;0;54538;921.12;282.28;248.13;1.1376;0.8078;0.9813
190_R1_8dpi.jpg;190;1;8;57646;98.9956;0.7078;0.1214;57203;1215.17;302.11;250.61;1.2055;0.4868;0.9739
190_R2_1dpi.jpg;190;2;1;33139;99.8099;0.0785;0.0151;32821;755.44;227.1;199.54;1.1381;0.7227;0.985
190_R2_3dpi.jpg;190;2;3;40512;99.5631;0.1308;0.0469;40131;893.18;257.56;201.95;1.2754;0.6321;0.9738
190_R2_5dpi.jpg;190;2;5;42482;99.8423;0.1436;0;42133.5;832.31;270.28;205.4;1.3159;0.7643;0.9781
190_R2_8dpi.jpg;190;2;8;47080;91.285;8.2901;0.4036;46767;889.72;275.47;218.43;1.2611;0.7424;0.9916
190_R3_1dpi.jpg;190;3;1;65407;98.5047;0.636;0.8011;65025;1000.17;333.35;254.2;1.3114;0.8168;0.9934
190_R3_3dpi.jpg;190;3;3;70826;99.815;0.1454;0.0141;70409;1047.97;332.44;274;1.2133;0.8056;0.9887
190_R3_5dpi.jpg;190;3;5;69859;99.7724;0.2176;0.0043;69414;1117.71;334.34;273.93;1.2205;0.6982;0.9816
190_R3_8dpi.jpg;190;3;8;70812;54.005;15.1443;30.5937;70743.5;1212.92;341.98;276.57;1.2365;0.6043;0.98
191_R1_1dpi.jpg;191;1;1;114422;99.7439;0.215;0.0253;113881.5;1340.92;425.97;340.8;1.2499;0.7959;0.9934
191_R1_3dpi.jpg;191;1;3;123042;98.9573;0.5128;0.5128;122469.5;1358.32;445.24;354.47;1.2561;0.8341;0.9927
191_R1_5dpi.jpg;191;1;5;122000;96.523;1.3795;2.018;121433.5;1361.09;436.72;354.81;1.2309;0.8237;0.9938
191_R1_8dpi.jpg;191;1;8;128629;3.7076;63.0449;32.1825;128378.5;1742.31;464.06;361.94;1.2821;0.5314;0.976
191_R2_1dpi.jpg;191;2;1;73842;99.9106;0.042;0;73310;1150.45;364.48;261.01;1.3964;0.696;0.9891
191_R2_3dpi.jpg;191;2;3;77398;99.863;0.0375;0.0026;76937.5;1156.15;374.16;263.6;1.4194;0.7233;0.9925
191_R2_5dpi.jpg;191;2;5;79652;99.9623;0.0377;0;79185;1109.34;378.18;267.66;1.4129;0.8086;0.9941
191_R2_8dpi.jpg;191;2;8;79335;98.6841;1.2428;0.0706;78858;1164.2;376.62;268.16;1.4045;0.7311;0.9906
191_R3_1dpi.jpg;191;3;1;179810;99.6975;0.2447;0.04;179168.5;1658.2;554.49;419.08;1.3231;0.8188;0.9957
191_R3_3dpi.jpg;191;3;3;190032;99.7806;0.1468;0.0589;189308.5;1706.63;563.62;432.4;1.3035;0.8168;0.9922
191_R3_5dpi.jpg;191;3;5;190031;99.5706;0.3126;0.1079;189332.5;1737.66;560.21;434.16;1.2903;0.788;0.9943
191_R3_8dpi.jpg;191;3;8;184516;93.348;1.8188;4.8169;183928;1659.82;557.76;428.94;1.3003;0.839;0.9968
192_R1_1dpi.jpg;192;1;1;272449;99.0105;0.737;0.2136;271424;2294.57;661.37;521.74;1.2676;0.6478;0.9879
192_R1_3dpi.jpg;192;1;3;276702;99.9118;0.0781;0.0033;275898.5;2110.41;682.76;516.19;1.3227;0.7784;0.9919
192_R1_5dpi.jpg;192;1;5;267311;99.902;0.0838;0.0037;266462.5;2126.04;669.02;508.78;1.3149;0.7408;0.9948
192_R1_8dpi.jpg;192;1;8;279346;98.0036;1.6578;0.2577;278430;2652.7;685.89;525.62;1.3049;0.4972;0.9771
192_R2_1dpi.jpg;192;2;1;147995;99.752;0.1588;0.0338;147133.5;1880.37;462.73;418.24;1.1064;0.5229;0.9756
192_R2_3dpi.jpg;192;2;3;139315;96.4591;0.1278;0.0165;140204;1750.33;453.09;406.17;1.1155;0.5751;0.9713
192_R2_5dpi.jpg;192;2;5;150519;37.8676;19.454;42.5793;149906.5;1549.92;459.29;423.65;1.0841;0.7842;0.9783
192_R2_8dpi.jpg;192;2;8;135543;0.0052;0.3527;99.6097;139977.5;1765.77;437.48;424.15;1.0314;0.5642;0.9651
193_R1_1dpi.jpg;193;1;1;24022;96.3617;1.3404;2.1064;23740;708.87;230.01;145.49;1.5809;0.5937;0.9767
193_R1_3dpi.jpg;193;1;3;23751;75.3695;7.0734;16.9719;23579.5;767.39;231.58;140.09;1.6531;0.5032;0.9586
193_R1_5dpi.jpg;193;1;5;22376;12.3034;13.7424;72.7744;22178.5;640.14;222.32;137.26;1.6197;0.6801;0.9697
193_R1_8dpi.jpg;193;1;8;23070;1.5215;7.2605;90.984;22999.5;663.65;228.1;136.83;1.6671;0.6562;0.9635
194_R1_1dpi.jpg;194;1;1;210741;99.8206;0.1253;0.0294;209893;2051.83;589.14;458.32;1.2855;0.6265;0.9842
194_R1_3dpi.jpg;194;1;3;214071;96.1957;1.9433;1.7532;213357.5;1920.34;586.29;472.87;1.2399;0.727;0.9828
194_R1_5dpi.jpg;194;1;5;178760;68.8857;9.9262;20.89;178419.5;2005.81;566.4;407.88;1.3886;0.5573;0.9818
194_R1_8dpi.jpg;194;1;8;192249;2.3428;18.0823;79.396;196191.5;2387.8;589.77;442.92;1.3315;0.4324;0.9835
194_R2_1dpi.jpg;194;2;1;202104;98.859;0.6155;0.4122;201726;2147.15;564.95;467.6;1.2082;0.5499;0.9728
194_R2_3dpi.jpg;194;2;3;197319;99.6371;0.1196;0.0557;196678.5;1992.33;561.76;457.03;1.2292;0.6226;0.9749
194_R2_5dpi.jpg;194;2;5;207455;99.8216;0.1422;0.0265;206761;1940.64;574.49;463.13;1.2405;0.6899;0.9781
194_R2_8dpi.jpg;194;2;8;185520;46.8122;30.5336;22.6504;184750;1885.32;563.92;441.91;1.2761;0.6532;0.9723
194_R3_1dpi.jpg;194;3;1;123623;99.9045;0.0793;0.0057;123003.5;1476.43;478.41;330.34;1.4482;0.7091;0.9931
194_R3_3dpi.jpg;194;3;3;128290;99.979;0.0156;0;127680.5;1439.86;486.39;338.89;1.4352;0.7739;0.9948
194_R3_5dpi.jpg;194;3;5;126392;99.5941;0.4051;0;125824.5;1431.72;489.37;328.55;1.4895;0.7714;0.9936
194_R3_8dpi.jpg;194;3;8;88530;95.2784;2.7945;1.6435;88542.5;1481.6;446.99;262.3;1.7041;0.5069;0.9843
195_R1_1dpi.jpg;195;1;1;118931;98.8548;0.8955;0.2052;118361;1362.34;426.39;353.76;1.2053;0.8014;0.9904
195_R1_3dpi.jpg;195;1;3;118023;89.3826;4.7262;5.8124;117460;1401.22;433.17;348.77;1.242;0.7518;0.9812
195_R1_5dpi.jpg;195;1;5;116625;53.5666;8.9415;37.2613;116110.5;1328.78;418.82;355.78;1.1772;0.8264;0.9882
195_R1_8dpi.jpg;195;1;8;118537;11.7314;11.3855;76.6588;118345.5;1500.69;418.59;364.56;1.1482;0.6604;0.9837
195_R2_1dpi.jpg;195;2;1;106701;97.7095;0.5098;1.0281;106571;1668.65;425.46;325.92;1.3054;0.481;0.9844
195_R2_3dpi.jpg;195;2;3;106411;97.0586;0.1259;0.2951;106500.5;1773.94;411.86;334.44;1.2315;0.4253;0.9697
195_R2_5dpi.jpg;195;2;5;116620;99.5893;0.277;0.1218;116043;1389.02;429.34;348.04;1.2336;0.7558;0.9757
195_R2_8dpi.jpg;195;2;8;109719;94.8386;4.6327;0.5131;109169;1387.22;418.55;339.25;1.2338;0.7129;0.9806
195_R3_1dpi.jpg;195;3;1;74274;98.8394;0.8172;0.3124;73786;1129.26;357.48;270.72;1.3205;0.7271;0.9809
195_R3_3dpi.jpg;195;3;3;80723;54.2187;11.0464;34.611;80249;1156.51;365.34;283.94;1.2867;0.754;0.9754
195_R3_5dpi.jpg;195;3;5;78439;12.5767;17.0017;70.4191;77964.5;1144.33;357.95;284.77;1.257;0.7482;0.9727
195_R3_8dpi.jpg;195;3;8;76365;1.5531;6.5606;91.3521;76016;1139.12;354.49;281.06;1.2613;0.7362;0.9808
196_R1_1dpi.jpg;196;1;1;77628;99.7565;0.1662;0.0644;77145.5;1106.51;354.12;276.29;1.2817;0.7918;0.991
196_R1_3dpi.jpg;196;1;3;82021;90.2598;3.1577;6.552;81523.5;1168.1;376.67;283.62;1.3281;0.7508;0.9927
196_R1_5dpi.jpg;196;1;5;78862;61.4123;6.8284;31.5792;78392.5;1124.71;362.44;287.48;1.2608;0.7788;0.9899
196_R1_8dpi.jpg;196;1;8;80414;18.9084;20.7004;60.2034;80341.5;1142.53;372.26;281.03;1.3247;0.7734;0.9906
196_R2_1dpi.jpg;196;2;1;86292;98.9339;0.4705;0.4207;85706.5;1529.69;375.27;305.37;1.2289;0.4603;0.9742
196_R2_3dpi.jpg;196;2;3;82235;99.6461;0.1009;0.1094;81786.5;1176.61;366.02;294.4;1.2432;0.7424;0.987
196_R2_5dpi.jpg;196;2;5;88892;99.8279;0.1496;0;88385.5;1173.16;390.79;300.45;1.3007;0.807;0.9794
196_R2_8dpi.jpg;196;2;8;86105;98.5239;1.4413;0.0348;85615;1158.77;377.66;301.56;1.2523;0.8012;0.9775
196_R3_1dpi.jpg;196;3;1;89818;99.5168;0.3184;0.1358;89339.5;1231.12;425.16;270.86;1.5697;0.7407;0.9942
196_R3_3dpi.jpg;196;3;3;93294;99.6398;0.1704;0.1844;92766;1266.48;431.05;277.58;1.5529;0.7268;0.9772
196_R3_5dpi.jpg;196;3;5;91963;98.7941;0.4959;0.7068;91443.5;1300.32;418.32;280.08;1.4936;0.6796;0.973
196_R3_8dpi.jpg;196;3;8;93285;83.529;5.7737;10.3972;92914.5;1300.04;428.53;281.04;1.5248;0.6908;0.9935
197_R1_1dpi.jpg;197;1;1;215614;99.3683;0.4323;0.1795;214979.5;1838.95;592.44;471.28;1.2571;0.7989;0.9813
197_R1_3dpi.jpg;197;1;3;222661;96.8023;1.4349;1.7102;221875;1955.01;602.85;492.39;1.2243;0.7295;0.9755
197_R1_5dpi.jpg;197;1;5;217053;67.1523;9.4848;23.1989;216444;1861.42;572.36;486.93;1.1754;0.785;0.9887
197_R1_8dpi.jpg;197;1;8;222712;21.9656;22.4941;55.3863;227626;1980.81;588.63;508.77;1.157;0.729;0.9899
197_R2_1dpi.jpg;197;2;1;251533;99.1576;0.3483;0.3566;250968;2499.14;659.5;491.09;1.3429;0.505;0.9798
197_R2_3dpi.jpg;197;2;3;245511;98.8176;0.0888;0.2643;245514;2501.54;644.4;492.49;1.3085;0.493;0.9806
197_R2_5dpi.jpg;197;2;5;267457;94.6709;3.3284;1.9958;266622.5;2059.59;669.73;520.02;1.2879;0.7899;0.9858
197_R2_8dpi.jpg;197;2;8;238996;47.805;21.1276;31.0549;238235;2155.55;640.1;485.53;1.3184;0.6443;0.9926
197_R3_1dpi.jpg;197;3;1;200086;99.8955;0.0785;0.019;199324;1929;593.38;437.94;1.3549;0.6731;0.9833
197_R3_3dpi.jpg;197;3;3;213516;99.9902;0.0084;0;212702.5;1895.36;600.32;464.48;1.2925;0.744;0.965
197_R3_5dpi.jpg;197;3;5;217549;99.2903;0.6127;0.0823;216798.5;1928.62;608.71;468;1.3007;0.7324;0.9777
197_R3_8dpi.jpg;197;3;8;207219;84.9391;10.5709;3.2598;207656;1963.06;597.36;444.04;1.3453;0.6772;0.974
198_R1_1dpi.jpg;198;1;1;64063;99.8548;0.1264;0.0078;63636.5;1017.84;340.51;243.39;1.399;0.7719;0.9927
198_R1_3dpi.jpg;198;1;3;64982;99.6307;0.2924;0.0431;64565;1022.23;343.51;243.86;1.4086;0.7764;0.9922
198_R1_5dpi.jpg;198;1;5;60765;99.7137;0.2337;0.051;60359;973.2;330.88;239.63;1.3808;0.8008;0.992
198_R1_8dpi.jpg;198;1;8;64768;98.0639;1.2367;0.44;64498;1163.37;351.95;240.97;1.4606;0.5989;0.9868
198_R2_1dpi.jpg;198;2;1;57038;99.9229;0.0158;0.0351;56620.5;1078.67;324.62;230.2;1.4102;0.6115;0.9859
198_R2_3dpi.jpg;198;2;3;56855;99.8628;0.0528;0.0299;56462;978.89;327.86;225.36;1.4548;0.7405;0.9918
198_R2_5dpi.jpg;198;2;5;59069;99.9391;0.0508;0;58665.5;968.85;331.84;229.2;1.4478;0.7854;0.9934
198_R2_8dpi.jpg;198;2;8;56962;97.4913;2.2138;0.2879;56543.5;1036.93;322.96;224.63;1.4378;0.6608;0.9911
199_R1_1dpi.jpg;199;1;1;161781;99.7596;0.183;0.0136;161101;1722.85;492.02;425.73;1.1557;0.682;0.9918
199_R1_3dpi.jpg;199;1;3;170566;85.5798;6.9328;6.9949;170195;1850.49;510.87;435.15;1.174;0.6246;0.9824
199_R1_5dpi.jpg;199;1;5;159740;49.1661;11.6226;39.0021;159355;1625.39;486.55;430.81;1.1294;0.758;0.9767
199_R1_8dpi.jpg;199;1;8;167336;0.7153;13.8225;85.3923;166864;1627.94;478.51;446.44;1.0718;0.7912;0.9869
199_R2_1dpi.jpg;199;2;1;156591;99.8921;0.0651;0.0019;155915.5;1720.86;523.79;388.81;1.3472;0.6616;0.9888
199_R2_3dpi.jpg;199;2;3;165741;96.5627;0.0833;0.3469;166186.5;1876.89;525.02;411.22;1.2767;0.5928;0.9802
199_R2_5dpi.jpg;199;2;5;176481;52.0158;18.2841;29.5307;175929;1777.07;548.8;415.92;1.3195;0.7001;0.986
199_R2_8dpi.jpg;199;2;8;157387;1.4112;21.829;76.7586;160807.5;3137.82;542.19;381.05;1.4229;0.2052;0.9404
199_R3_1dpi.jpg;199;3;1;57541;99.9739;0.0122;0.0052;57142.5;963.13;302.2;243.6;1.2405;0.7741;0.9884
199_R3_3dpi.jpg;199;3;3;74263;99.9838;0.0121;0;73760.5;1107.31;371.62;269.57;1.3786;0.756;0.989
199_R3_5dpi.jpg;199;3;5;74714;99.9612;0.0388;0;74966.5;1304.05;363.27;282.46;1.2861;0.554;0.9796
199_R3_8dpi.jpg;199;3;8;78144;73.4452;14.7625;11.6848;77675.5;1347.84;370.25;306.09;1.2096;0.5373;0.9814
200_R1_1dpi.jpg;200;1;1;69130;99.9566;0.0376;0.0058;68704.5;1022.9;343.57;258.97;1.3267;0.8251;0.993
200_R1_3dpi.jpg;200;1;3;75837;99.9552;0.0409;0;75408.5;1065.38;370.74;262.79;1.4108;0.8349;0.9963
200_R1_5dpi.jpg;200;1;5;74894;99.8812;0.1041;0.0027;74453;1053.14;358;267.02;1.3407;0.8436;0.9948
200_R1_8dpi.jpg;200;1;8;78250;98.5879;1.1885;0.1904;77854;1145.71;363.7;272.1;1.3367;0.7453;0.9927
200_R2_1dpi.jpg;200;2;1;151236;99.9081;0.039;0.0007;150567.5;1593.15;518.38;376.01;1.3786;0.7455;0.9931
200_R2_3dpi.jpg;200;2;3;150452;97.566;0.1668;0.1097;151078.5;1822.74;530.98;372.13;1.4269;0.5714;0.9867
200_R2_5dpi.jpg;200;2;5;158489;36.2132;15.4825;48.2765;157831.5;1576.86;529.82;388.61;1.3634;0.7977;0.9958
200_R2_8dpi.jpg;200;2;8;150275;0;0.0985;99.8989;152086;1756.67;524.45;376.46;1.3931;0.6193;0.9889
200_R3_1dpi.jpg;200;3;1;133369;99.1152;0.7625;0.063;132766;1523.59;512.22;336.35;1.5229;0.7187;0.9906
200_R3_3dpi.jpg;200;3;3;139165;99.6723;0.2565;0.0438;138546;1525.73;529.24;341.02;1.5519;0.7479;0.9936
200_R3_5dpi.jpg;200;3;5;136934;99.1018;0.8267;0.0716;136291;1508.22;530.63;335.89;1.5798;0.7529;0.994
200_R3_8dpi.jpg;200;3;8;136995;93.491;2.3001;4.1169;136419.5;1724.94;517.22;342.35;1.5108;0.5762;0.9918
201_R1_1dpi.jpg;201;1;1;148235;98.3479;0.96;0.6119;147656.5;1590.23;453.82;414.63;1.0945;0.7337;0.9853
201_R1_3dpi.jpg;201;1;3;152958;99.9327;0.0621;0.002;152299;1635.04;467.74;420.35;1.1127;0.7159;0.956
201_R1_5dpi.jpg;201;1;5;157371;99.7643;0.1983;0.0261;156734;1713.67;472.59;430.63;1.0975;0.6707;0.9655
201_R1_8dpi.jpg;201;1;8;157463;99.7504;0.1994;0.0356;156778.5;1897.04;476.75;418.92;1.138;0.5474;0.9552
201_R2_1dpi.jpg;201;2;1;68436;98.983;0.3127;0.5816;68049;1125.34;317.22;274.57;1.1553;0.6752;0.9841
201_R2_3dpi.jpg;201;2;3;72963;99.8753;0.0658;0.0069;72502;1094.77;336.29;280.06;1.2007;0.7602;0.9746
201_R2_5dpi.jpg;201;2;5;76435;99.9019;0.0824;0.0078;75953.5;1189.87;349.86;278.09;1.2581;0.6742;0.9697
201_R2_8dpi.jpg;201;2;8;78505;99.786;0.2038;0.0025;78034.5;1140.9;348.86;286.79;1.2164;0.7534;0.9816
201_R3_1dpi.jpg;201;3;1;237814;99.3655;0.3377;0.2758;236925;2400.63;598.22;537.66;1.1126;0.5166;0.9465
201_R3_3dpi.jpg;201;3;3;251847;99.8241;0.1342;0.0338;250976.5;2170.62;602.44;549.35;1.0966;0.6694;0.9533
201_R3_5dpi.jpg;201;3;5;232202;99.9612;0.0366;0.0004;241387;3713.58;611.02;508.42;1.2018;0.22;0.9186
201_R3_8dpi.jpg;201;3;8;250597;99.0598;0.5255;0.3751;250027;2459.16;602.8;553.81;1.0885;0.5195;0.9454
202_R1_1dpi.jpg;202;1;1;116748;99.3379;0.6107;0.0368;116361.5;1320.44;404.1;367.44;1.0998;0.8387;0.9873
202_R1_3dpi.jpg;202;1;3;117892;99.8448;0.1366;0;117332;1334.22;406.56;372.72;1.0908;0.8283;0.9812
202_R1_5dpi.jpg;202;1;5;115685;99.758;0.1677;0.051;115135.5;1310.24;403.17;367.28;1.0977;0.8428;0.9873
202_R1_8dpi.jpg;202;1;8;116482;88.169;10.1526;1.4929;115892.5;1758.48;420.15;372.89;1.1267;0.471;0.956
202_R2_1dpi.jpg;202;2;1;275588;99.4172;0.1364;0.2021;274616;2670.42;722.31;506.76;1.4253;0.4839;0.9896
202_R2_3dpi.jpg;202;2;3;261731;98.6608;0.0841;0.0722;261150.5;2613.76;704.32;488.83;1.4408;0.4804;0.9849
202_R2_5dpi.jpg;202;2;5;273826;99.8514;0.1366;0.0011;272948.5;2173.3;734.68;487.19;1.508;0.7262;0.9956
202_R2_8dpi.jpg;202;2;8;271038;79.0103;19.7415;1.2397;270391;2336.68;726.36;493.47;1.4719;0.6223;0.9943
202_R3_1dpi.jpg;202;3;1;361270;99.1701;0.4207;0.3823;360372.5;2441.19;799.59;584.79;1.3673;0.7599;0.996
202_R3_3dpi.jpg;202;3;3;377107;99.6319;0.2084;0.1363;376145.5;2632.47;820.25;596.11;1.376;0.6821;0.9879
202_R3_5dpi.jpg;202;3;5;367877;99.3158;0.5458;0.1316;366825;2531.37;812.47;589.6;1.378;0.7194;0.9883
202_R3_8dpi.jpg;202;3;8;369417;84.7135;7.9049;7.252;368640.5;2918.46;802.02;589.26;1.3611;0.5439;0.9936
203_R1_1dpi.jpg;203;1;1;252418;99.9263;0.0634;0.0103;251607;1950.66;583.09;553.36;1.0537;0.8309;0.9922
203_R1_3dpi.jpg;203;1;3;233761;63.3604;22.2159;14.0276;233350;1950.86;564.9;530.51;1.0648;0.7705;0.9766
203_R1_5dpi.jpg;203;1;5;195737;2.5243;20.7953;75.415;195560.5;1779.19;525.94;487.55;1.0787;0.7763;0.9844
203_R1_8dpi.jpg;203;1;8;228327;0.1292;2.4609;97.2833;228162.5;2604;550.04;539.01;1.0205;0.4228;0.9843
203_R2_1dpi.jpg;203;2;1;202454;99.06;0.3265;0.3956;201709;2266.15;570.27;460.48;1.2384;0.4936;0.9844
203_R2_3dpi.jpg;203;2;3;201588;98.9493;0.1359;0.1027;200746.5;2197.56;556.49;472.48;1.1778;0.5224;0.9852
203_R2_5dpi.jpg;203;2;5;219082;99.6942;0.2296;0.0607;218274.5;1910.2;572.6;497.96;1.1499;0.7517;0.9896
203_R2_8dpi.jpg;203;2;8;204988;11.4695;63.2715;25.2556;204227;1803.25;553.45;485.16;1.1408;0.7892;0.9883
203_R3_1dpi.jpg;203;3;1;52692;98.3166;1.0305;0.4858;52311.5;913.39;296.91;225.9;1.3143;0.7879;0.9915
203_R3_3dpi.jpg;203;3;3;54407;99.4486;0.3694;0.057;54007;937.78;308.26;227.96;1.3522;0.7717;0.992
203_R3_5dpi.jpg;203;3;5;53492;99.5906;0.4057;0;53101;906.47;303.64;226.03;1.3434;0.8121;0.9927
203_R3_8dpi.jpg;203;3;8;54919;88.2136;3.842;7.6931;54670.5;970.87;308.01;229.49;1.3421;0.7288;0.9926
204_R1_1dpi.jpg;204;1;1;130484;99.8973;0.0682;0.0299;129879.5;1422.92;461.5;363.51;1.2696;0.8061;0.9935
204_R1_3dpi.jpg;204;1;3;139452;99.7856;0.17;0.028;138846;1496.76;471.22;379.02;1.2432;0.7788;0.9916
204_R1_5dpi.jpg;204;1;5;140101;99.8423;0.1342;0.0093;139482.5;1458.92;474.09;376.61;1.2588;0.8235;0.9943
204_R1_8dpi.jpg;204;1;8;139371;98.6941;1.2334;0.0323;138893;1567.01;467.24;384.37;1.2156;0.7108;0.9882
204_R2_1dpi.JPG;204;2;1;231473;99.8708;0.0419;0.0233;230736.5;1962.51;605.47;494.51;1.2244;0.7528;0.9877
204_R2_3dpi.jpg;204;2;3;225037;99.7094;0.0822;0.0467;224487;1963.87;610.3;479.47;1.2729;0.7314;0.9948
204_R2_5dpi.jpg;204;2;5;234471;99.9719;0.0235;0;233670.5;1899.26;624.01;490.97;1.271;0.814;0.9961
204_R2_8dpi.JPG;204;2;8;228145;82.4419;14.8914;2.6663;227335.5;1925.97;598.36;489.98;1.2212;0.7702;0.9869
204_R3_1dpi.jpg;204;3;1;125693;99.9427;0.0422;0.0056;125094;1436.24;435.48;371.12;1.1734;0.7621;0.9938
204_R3_3dpi.jpg;204;3;3;128664;99.9876;0.0109;0;128102;1418.93;444.48;369.67;1.2024;0.7995;0.991
204_R3_5dpi.jpg;204;3;5;125540;99.9618;0.0382;0;125010.5;1386.55;445.34;359.58;1.2385;0.8171;0.9933
204_R3_8dpi.jpg;204;3;8;126714;97.567;0.8515;1.5752;126072.5;1478.2;443.54;364.84;1.2157;0.725;0.9916
205_R1_1dpi.jpg;205;1;1;154071;99.4457;0.4874;0.0519;153440.5;1556.6;489.54;400.68;1.2218;0.7958;0.9956
205_R1_3dpi.jpg;205;1;3;159944;99.6167;0.3051;0.0613;159307.5;1612.65;501.81;404.7;1.24;0.7698;0.9902
205_R1_5dpi.jpg;205;1;5;157731;98.3244;1.1298;0.5338;157097;1531.47;488.2;408.41;1.1954;0.8417;0.9926
205_R1_8dpi.jpg;205;1;8;161875;23.5046;62.9968;13.1231;161275;2515.59;490.44;430.29;1.1398;0.3203;0.9738
205_R2_1dpi.jpg;205;2;1;120530;99.7868;0.1195;0.0407;119813;1506.48;438.77;358.27;1.2247;0.6634;0.9867
205_R2_3dpi.jpg;205;2;3;122262;99.9542;0.0147;0;121683.5;1397.69;428.37;370.32;1.1568;0.7827;0.9768
205_R2_5dpi.jpg;205;2;5;127293;99.9733;0.0259;0;126635;1667.42;443.28;369.63;1.1992;0.5724;0.9777
205_R2_8dpi.jpg;205;2;8;126379;95.4407;2.7845;1.7693;125782;1486.42;428.48;375.62;1.1407;0.7154;0.9823
205_R3_1dpi.jpg;205;3;1;185934;99.5057;0.1538;0.2754;185243;1725.37;547.53;445.22;1.2298;0.782;0.9882
205_R3_3dpi.jpg;205;3;3;193010;85.7785;6.2676;7.8954;192291.5;1757.52;538.46;464.44;1.1594;0.7823;0.9838
205_R3_5dpi.jpg;205;3;5;186922;68.1166;26.0788;5.7949;186583;1819.01;531.2;461.68;1.1506;0.7086;0.9848
205_R3_8dpi.jpg;205;3;8;178099;2.0595;13.1494;83.75;178313;1774.53;510.98;450.36;1.1346;0.7116;0.9879
206_R1_1dpi.jpg;206;1;1;229047;93.9576;1.4875;4.3969;228310.5;2400.33;545.53;541.65;1.0072;0.498;0.9882
206_R1_3dpi.jpg;206;1;3;212268;97.937;0.9003;1.0487;211723.5;1930.28;574.14;474.69;1.2095;0.7141;0.9907
206_R1_5dpi.jpg;206;1;5;197557;98.6186;0.897;0.4586;196844;1761.12;561.21;448.05;1.2526;0.7975;0.9828
206_R1_8dpi.jpg;206;1;8;201803;0.9683;35.28;63.6403;201222.5;1955.25;582.65;454.06;1.2832;0.6614;0.9812
206_R2_1dpi.jpg;206;2;1;167169;99.5232;0.1615;0.198;166560;1944.8;513.44;421.66;1.2177;0.5534;0.9865
206_R2_3dpi.jpg;206;2;3;165448;99.6791;0.0961;0.0931;164676.5;1957.45;496.7;428.82;1.1583;0.5401;0.9866
206_R2_5dpi.jpg;206;2;5;170278;99.9536;0.0411;0.0023;169596.5;1639.06;497.66;436.14;1.1411;0.7933;0.9907
206_R2_8dpi.jpg;206;2;8;165533;37.23;32.7391;30.023;164709;1818.58;502.5;426.37;1.1786;0.6258;0.9901
206_R3_1dpi.jpg;206;3;1;171685;98.6551;0.8539;0.4642;171101.5;1673.4;520.94;428.04;1.217;0.7678;0.9742
206_R3_3dpi.jpg;206;3;3;185668;99.5982;0.3366;0.0404;184931.5;1800.08;526.83;455.17;1.1574;0.7172;0.9714
206_R3_5dpi.jpg;206;3;5;166274;22.9825;48.8766;28.1373;172699.5;2708.31;511.49;422.8;1.2098;0.2959;0.9598
206_R3_8dpi.jpg;206;3;8;168324;0.0095;0.6173;99.2425;168003;1852.21;505.67;428.36;1.1805;0.6154;0.9793
207_R1_1dpi.jpg;207;1;1;163051;98.3643;1.1708;0.4404;162618;1709.5;459.31;451.5;1.0173;0.6993;0.9909
207_R1_3dpi.jpg;207;1;3;163771;99.2276;0.3432;0.4262;163095;1600.99;468.45;448.6;1.0443;0.7996;0.9878
207_R1_5dpi.jpg;207;1;5;159238;96.0091;1.6472;2.3305;158597.5;1534.86;454.55;445.6;1.0201;0.846;0.9852
207_R1_8dpi.jpg;207;1;8;158548;78.4438;13.1575;8.2883;158232;2121.11;463.24;443.51;1.0445;0.442;0.9762
207_R2_1dpi.jpg;207;2;1;73928;98.8124;0.3815;0.5005;73387.5;1449.03;338.19;287.3;1.1771;0.4392;0.9677
207_R2_3dpi.jpg;207;2;3;86745;98.1059;0.3147;0.4127;86201;1739.3;359.94;309.26;1.1639;0.3581;0.9577
207_R2_5dpi.jpg;207;2;5;96985;97.9801;1.1517;0.5568;96697;1331.73;384.43;328.57;1.17;0.6852;0.9791
207_R2_8dpi.jpg;207;2;8;91145;61.92;32.1093;5.963;90646.5;1223.98;370.06;322.14;1.1488;0.7604;0.9711
207_R3_1dpi.jpg;207;3;1;205121;99.5749;0.2233;0.1667;204374.5;1914.76;528.36;508.82;1.0384;0.7005;0.9876
207_R3_3dpi.jpg;207;3;3;204344;98.7555;0.6724;0.5373;203603;1803.7;540.36;495.58;1.0904;0.7864;0.9887
207_R3_5dpi.jpg;207;3;5;209654;69.6166;23.9633;6.4158;208866;1945.12;539.03;515.14;1.0464;0.6937;0.9907
207_R3_8dpi.jpg;207;3;8;197766;28.6;20.0297;51.0846;197605;1935.06;525.5;497.01;1.0573;0.6632;0.9901
208_R1_1dpi.jpg;208;1;1;82225;99.5974;0.2372;0.1459;81861;1136;343.71;306.02;1.1232;0.7971;0.9799
208_R1_3dpi.jpg;208;1;3;85422;94.9826;3.9182;0.8031;85039;1208.29;350.07;316.18;1.1072;0.732;0.9724
208_R1_5dpi.jpg;208;1;5;85908;69.8328;14.7693;15.3059;85440;1174.57;341.3;322.82;1.0572;0.7782;0.9671
208_R1_8dpi.jpg;208;1;8;88186;63.2799;10.7171;25.7921;88334;1371.28;351.41;337.76;1.0404;0.5903;0.9846
208_R2_1dpi.jpg;208;2;1;143231;99.38;0.2122;0.3023;142550;1761.82;468.05;407.89;1.1475;0.5771;0.9777
208_R2_3dpi.jpg;208;2;3;143436;98.2145;0.1004;0.1973;143493.5;1777.54;467.6;397.29;1.177;0.5707;0.9768
208_R2_5dpi.jpg;208;2;5;155743;98.0256;1.5083;0.3917;155131.5;1637.52;484.46;412.27;1.1751;0.727;0.9828
208_R2_8dpi.jpg;208;2;8;146929;16.9885;12.2488;70.7627;146311.5;1589.49;466.09;406.82;1.1457;0.7277;0.9784
208_R3_1dpi.jpg;208;3;1;130592;99.1784;0.5758;0.2251;129934.5;1472.15;448.25;380.28;1.1788;0.7534;0.9849
208_R3_3dpi.jpg;208;3;3;135449;99.9882;0.0096;0;134850;1479.96;450.43;382.64;1.1772;0.7737;0.9738
208_R3_5dpi.jpg;208;3;5;135085;99.8453;0.1125;0.0304;134443.5;1764.88;449.73;382.94;1.1744;0.5424;0.9677
208_R3_8dpi.jpg;208;3;8;133453;99.8112;0.1566;0.0165;132761;1661.44;455.06;375.28;1.2126;0.6044;0.9811
209_R1_1dpi.jpg;209;1;1;101703;99.5566;0.3795;0.0452;101140;1305.31;383.9;339.37;1.1312;0.7459;0.9751
209_R1_3dpi.jpg;209;1;3;89669;95.1276;1.7252;3.0847;89261.5;1212.86;411.95;289.47;1.4231;0.7625;0.9884
209_R1_5dpi.jpg;209;1;5;72325;74.5427;6.8234;17.6993;72444;1188.54;400.92;236.28;1.6968;0.6444;0.9782
209_R1_8dpi.jpg;209;1;8;88437;55.6441;15.6597;28.3874;88874.5;1615.34;438.88;278.43;1.5763;0.428;0.9716
209_R2_1dpi.jpg;209;2;1;74094;98.757;0.44;0.44;73638.5;1380.15;326.97;298.42;1.0957;0.4858;0.9799
209_R2_3dpi.jpg;209;2;3;86871;98.5369;0.2141;0.2878;86362;1660.87;385.31;301.87;1.2764;0.3934;0.9551
209_R2_5dpi.jpg;209;2;5;96797;98.8956;0.8265;0.1839;96763;1394.28;404.24;323.05;1.2513;0.6255;0.9779
209_R2_8dpi.JPG;209;2;8;100219;89.8802;8.7189;1.3969;99827;1252.31;396.81;333.44;1.1901;0.7999;0.979
209_R3_1dpi.jpg;209;3;1;40874;99.8801;0.1028;0;40492;911.8;318.53;201.08;1.5841;0.612;0.916
209_R3_3dpi.jpg;209;3;3;47482;99.9789;0.0211;0;47032;1049.66;383.42;202.5;1.8935;0.5364;0.9011
209_R3_5dpi.jpg;209;3;5;47731;99.7214;0.2472;0.0126;47274.5;1069.36;394.7;197.26;2.0009;0.5195;0.9196
209_R3_8dpi.jpg;209;3;8;46856;97.456;1.2293;1.1076;46618.5;1071.9;380.56;187.2;2.0329;0.5099;0.9586
210_R1_1dpi.jpg;210;1;1;113306;98.993;0.5269;0.4227;112754;1338.31;396.97;371.28;1.0692;0.7911;0.9938
210_R1_3dpi.jpg;210;1;3;115679;98.9047;0.6397;0.4348;115119.5;1354.9;402.84;375.98;1.0714;0.788;0.9912
210_R1_5dpi.jpg;210;1;5;110340;90.7939;3.5871;5.6027;109794.5;1275.79;389.31;368.18;1.0574;0.8477;0.9867
210_R1_8dpi.jpg;210;1;8;116279;73.696;15.7879;10.2417;116892.5;1626.46;393.53;386.47;1.0183;0.5553;0.9844
210_R2_1dpi.jpg;210;2;1;102805;98.9641;0.2276;0.5447;102356.5;1592.77;399.74;331.29;1.2066;0.507;0.9866
210_R2_3dpi.jpg;210;2;3;103119;99.3241;0.0756;0.0427;102729.5;1361.49;397.43;333.79;1.1906;0.6964;0.9909
210_R2_5dpi.jpg;210;2;5;110552;97.5821;0.5653;1.8272;110036;1363.96;408.67;345.23;1.1838;0.7433;0.9906
210_R2_8dpi.jpg;210;2;8;106090;83.5979;8.5427;7.8358;105716;1352.5;402.49;342.93;1.1737;0.7262;0.9861
210_R3_1dpi.jpg;210;3;1;52542;99.8896;0.078;0.0057;52148;922.26;283.65;239.53;1.1842;0.7704;0.9894
210_R3_3dpi.jpg;210;3;3;59505;99.9126;0.0403;0.0269;59096.5;949.13;296.75;253.21;1.172;0.8244;0.9879
210_R3_5dpi.jpg;210;3;5;60787;99.3272;0.6021;0.051;60348.5;1003.48;300.73;260.82;1.153;0.7531;0.986
210_R3_8dpi.jpg;210;3;8;59564;72.9467;16.102;8.4665;59352.5;1463.95;293.07;261.04;1.1227;0.348;0.9729
211_R1_1dpi.jpg;211;1;1;130447;96.7059;1.0571;2.0453;129856;1426.82;434.4;383.15;1.1338;0.8016;0.9927
211_R1_3dpi.jpg;211;1;3;135345;96.1173;1.4068;2.1988;134864.5;1602.46;445.47;390.3;1.1414;0.66;0.9901
211_R1_5dpi.jpg;211;1;5;129696;99.6792;0.2444;0.0254;129084;1463.94;449.29;376.59;1.193;0.7569;0.969
211_R1_8dpi.jpg;211;1;8;139704;81.6827;14.3833;3.7222;139425.5;1699.77;464.67;389.84;1.192;0.6064;0.9819
211_R2_1dpi.jpg;211;2;1;132209;98.1847;0.3532;0.9349;131657;1838.18;433.14;395.89;1.0941;0.4896;0.9803
211_R2_3dpi.jpg;211;2;3;124230;98.4545;0.0877;0.058;124172;1731.33;414.42;391.37;1.0589;0.5206;0.9764
211_R2_5dpi.jpg;211;2;5;130635;99.7795;0.196;0.0069;130043;1447.77;425.13;402.48;1.0563;0.7796;0.9781
211_R2_8dpi.jpg;211;2;8;123453;82.446;14.5675;2.976;122962.5;1446.98;427.34;386.55;1.1055;0.738;0.992
211_R3_1dpi.jpg;211;3;1;101673;99.9607;0.0236;0;101221.5;1331.29;402.02;324.7;1.2381;0.7177;0.9842
211_R3_3dpi.jpg;211;3;3;94845;99.9325;0.0432;0;94363;1264.96;406.9;299.21;1.3599;0.7411;0.989
211_R3_5dpi.jpg;211;3;5;94537;99.9133;0.0814;0;93995.5;1235.81;402.79;298.31;1.3502;0.7734;0.9895
211_R3_8dpi.jpg;211;3;8;94241;86.5229;6.7985;6.6192;93765.5;1392.69;406.37;302.37;1.3439;0.6075;0.9901
212_R1_1dpi.jpg;212;1;1;140491;98.1771;0.8677;0.5886;139904.5;1812.69;551.98;331.09;1.6672;0.5351;0.9502
212_R1_3dpi.jpg;212;1;3;153260;94.724;1.8211;1.7539;153119;2229.87;568.51;375.52;1.5139;0.387;0.9215
212_R1_5dpi.jpg;212;1;5;144653;99.2541;0.3775;0.2565;144034.5;1808.26;584;332.71;1.7553;0.5535;0.9277
212_R1_8dpi.jpg;212;1;8;149731;96.5532;2.0857;1.1167;149754;2097.55;567.52;371.02;1.5296;0.4277;0.9415
212_R2_1dpi.jpg;212;2;1;94995;98.5936;0.8295;0.2042;94529.5;1750.4;443.42;279.81;1.5847;0.3877;0.9552
212_R2_3dpi.jpg;212;2;3;97488;96.6047;0.1333;0.0923;97594;1601.17;455.74;293.84;1.551;0.4784;0.9236
212_R2_5dpi.jpg;212;2;5;103751;99.1509;0.7595;0.0781;103141.5;1493.95;462.4;312.14;1.4814;0.5807;0.9157
212_R2_8dpi.jpg;212;2;8;103755;83.8273;14.4321;1.704;103143;1635.33;499.2;282.21;1.7689;0.4847;0.9291
212_R3_1dpi.jpg;212;3;1;126034;99.5462;0.4007;0.0452;125356.5;1661.4;600.45;286.44;2.0962;0.5707;0.9008
212_R3_3dpi.jpg;212;3;3;138063;95.3282;3.3181;1.2936;137357;1777.04;628.31;299.35;2.0989;0.5466;0.8953
212_R3_5dpi.jpg;212;3;5;137378;77.7133;19.3029;2.9706;136639.5;1894.19;626.64;304.27;2.0595;0.4786;0.8859
212_R3_8dpi.jpg;212;3;8;130432;17.4528;9.0653;71.2509;134503;1791.21;619.38;291.24;2.1267;0.5268;0.9067
213_R1_1dpi.jpg;213;1;1;121938;99.0266;0.5199;0.4453;121352.5;1330.47;420.72;374.65;1.123;0.8615;0.9905
213_R1_3dpi.jpg;213;1;3;126872;96.9993;1.269;1.7167;126242;1373.54;429;379.13;1.1315;0.8409;0.9938
213_R1_5dpi.jpg;213;1;5;117362;89.5349;3.0794;7.1548;116784.5;1366.7;403.12;366.76;1.0991;0.7857;0.9898
213_R1_8dpi.jpg;213;1;8;121294;2.1205;45.6164;52.0454;120900;1476.88;415.54;372.33;1.1161;0.6965;0.9936
213_R2_1dpi.jpg;213;2;1;90726;99.8093;0.1058;0.0077;90248.5;1341.21;434.75;276.3;1.5735;0.6305;0.9905
213_R2_3dpi.jpg;213;2;3;120455;99.8257;0.0855;0.0224;119861.5;1427.92;423.72;363.11;1.1669;0.7387;0.9938
213_R2_5dpi.jpg;213;2;5;122140;99.9149;0.0729;0.0025;121570;1363.25;445.93;351.86;1.2673;0.822;0.9958
213_R2_8dpi.jpg;213;2;8;124159;96.2629;2.877;0.8119;123568;1386.68;436.23;363.2;1.2011;0.8075;0.9948
213_R3_1dpi.jpg;213;3;1;156462;99.7974;0.1751;0.0262;155831;1520.22;473.37;421.03;1.1243;0.8473;0.9917
213_R3_3dpi.jpg;213;3;3;166097;99.9627;0.0307;0.0054;165418.5;1589.03;493.87;429.52;1.1498;0.8232;0.988
213_R3_5dpi.jpg;213;3;5;164714;99.8962;0.0874;0.0164;164076;1601.56;491.02;428.37;1.1463;0.8038;0.9894
213_R3_8dpi.jpg;213;3;8;165027;98.9674;0.3236;0.689;164493.5;1726.59;495.07;429.36;1.153;0.6934;0.9871
214_R2_1dpi.jpg;214;2;1;98699;99.6251;0.0648;0.0334;98162;1453.28;478.17;270.54;1.7675;0.5841;0.9601
214_R2_3dpi.jpg;214;2;3;109241;99.4627;0.1053;0.0998;108765;1574.22;501.13;290.44;1.7254;0.5515;0.9298
214_R2_5dpi.jpg;214;2;5;114022;99.5299;0.364;0.0018;113457;1508.96;511.56;296.36;1.7261;0.6262;0.944
214_R2_8dpi.jpg;214;2;8;113169;88.5605;7.3722;3.9834;112562;1554.28;509.32;297.68;1.711;0.5855;0.9325
214_R3_1dpi.jpg;214;3;1;76360;99.6215;0.2789;0.0223;75791.5;1400.46;450.99;229.88;1.9618;0.4856;0.9021
214_R3_3dpi.jpg;214;3;3;88947;97.8088;1.5245;0.5127;88447.5;1503.92;466.6;255.65;1.8251;0.4914;0.8917
214_R3_5dpi.jpg;214;3;5;87807;95.1541;3.7195;1.1218;87293.5;1465.98;469.7;253.39;1.8537;0.5104;0.8888
214_R3_8dpi.jpg;214;3;8;89706;69.1292;10.2279;20.4646;89194.5;1433.15;467.83;259.61;1.802;0.5457;0.9028
215_R1_1dpi.jpg;215;1;1;75936;97.8772;1.3485;0.6189;75501.5;1406.06;424.55;245.83;1.727;0.4799;0.8947
215_R1_3dpi.jpg;215;1;3;90512;89.3384;5.9528;2.9676;90977;1522.02;446.78;276.5;1.6158;0.4935;0.9163
215_R1_5dpi.jpg;215;1;5;78194;98.9053;0.8504;0.1036;77638;1393.82;437.42;245.52;1.7816;0.5022;0.8764
215_R1_8dpi.jpg;215;1;8;83505;95.2446;3.3639;0.8993;82968.5;2562.62;438.97;260.46;1.6854;0.1588;0.9101
215_R2_1dpi.jpg;215;2;1;89351;97.0677;1.7638;0.3178;88713;2013.18;434.16;274.76;1.5801;0.2751;0.8984
215_R2_3dpi.jpg;215;2;3;88344;94.8916;0.3758;0.5592;88679;2302.6;430.05;278.69;1.5431;0.2102;0.8582
215_R2_5dpi.jpg;215;2;5;99998;99.095;0.736;0.063;99474.5;1672.97;452.1;297.27;1.5208;0.4466;0.8666
215_R2_8dpi.jpg;215;2;8;100232;76.3728;19.2274;4.3489;99685.5;1706.43;441.3;311.77;1.4155;0.4302;0.8573
215_R3_1dpi.jpg;215;3;1;133657;96.485;2.1533;1.1881;133113.5;1773.92;553.54;312.98;1.7686;0.5316;0.9418
215_R3_3dpi.jpg;215;3;3;135721;98.3392;0.8164;0.7176;134979.5;1932.68;559.41;323.6;1.7287;0.4541;0.8738
215_R3_5dpi.jpg;215;3;5;135889;95.2263;2.9186;1.8471;135100.5;1925.22;567.25;324.79;1.7465;0.458;0.8862
215_R3_8dpi.jpg;215;3;8;134422;85.4696;3.8647;10.3249;135333;2128.08;541.25;326.83;1.6561;0.3755;0.8989
216_R2_1dpi.jpg;216;2;1;92900;96.9031;1.8698;0.4155;92481;1862.16;483.73;251.06;1.9267;0.3351;0.9715
216_R2_3dpi.jpg;216;2;3;90840;97.4901;0.2466;0.1893;90261.5;1905.92;479.85;256.8;1.8686;0.3123;0.9462
216_R2_5dpi.jpg;216;2;5;95339;91.354;4.1725;4.3781;94814.5;1386.87;478.46;274.09;1.7456;0.6195;0.974
216_R2_8dpi.jpg;216;2;8;97184;46.3523;28.7342;24.9115;96581.5;1421.24;472.61;274.32;1.7228;0.6009;0.9358
216_R3_1dpi.jpg;216;3;1;89024;97.9601;1.2154;0.5167;88456.5;1538.63;470.55;252;1.8673;0.4695;0.9152
216_R3_3dpi.jpg;216;3;3;97635;98.5517;1.1133;0.1424;97147.5;1473.86;483.94;275.48;1.7567;0.562;0.9019
216_R3_5dpi.jpg;216;3;5;93088;87.1831;12.4431;0.3567;92424.5;1567.17;477.36;266.2;1.7932;0.4729;0.8904
216_R3_8dpi.JPG;216;3;8;93264;22.1693;23.8538;53.2832;93058.5;1587.46;478.52;268.22;1.784;0.464;0.9005
217_R1_1dpi.jpg;217;1;1;48967;99.8754;0.1225;0;48607.5;872.59;295.41;213.68;1.3825;0.8022;0.9928
217_R1_3dpi.jpg;217;1;3;86546;99.792;0.1883;0.0023;86083;1208.45;358.59;309.11;1.1601;0.7407;0.9867
217_R1_5dpi.jpg;217;1;5;90131;99.8214;0.1087;0.0621;89628;1156.15;362.83;318.9;1.1377;0.8426;0.9885
217_R1_8dpi.jpg;217;1;8;98480;98.1418;1.2266;0.328;98550;1752.95;377.54;340.68;1.1082;0.403;0.9788
217_R2_1dpi.jpg;217;2;1;160932;98.9113;0.3995;0.5493;160427.5;1752.91;493.7;420.08;1.1752;0.6561;0.9871
217_R2_3dpi.jpg;217;2;3;162323;99.7604;0.0339;0.0006;161778.5;1643.66;497.48;420.05;1.1843;0.7525;0.9866
217_R2_5dpi.jpg;217;2;5;171762;98.5602;1.1784;0.255;171098.5;1680.55;522.43;429.14;1.2174;0.7613;0.9882
217_R2_8dpi.jpg;217;2;8;161767;20.8887;28.6919;50.4102;161130;1707.52;496.86;417.74;1.1894;0.6945;0.9848
217_R3_1dpi.jpg;217;3;1;132088;99.1612;0.5141;0.2831;131615;1446.59;454.99;375.81;1.2107;0.7904;0.9927
217_R3_3dpi.jpg;217;3;3;141153;99.587;0.3826;0.0078;140551;1500.79;463.37;400.91;1.1558;0.7842;0.99
217_R3_5dpi.jpg;217;3;5;137104;99.6499;0.3012;0.0416;136556.5;1564;460.36;390.05;1.1802;0.7015;0.9873
217_R3_8dpi.jpg;217;3;8;137171;90.1736;4.7678;5.0178;136747;1565.47;463.07;394.25;1.1746;0.7012;0.986
218_R1_1dpi.jpg;218;1;1;121893;95.0473;3.2504;1.2568;121375;1887.27;540.51;306.85;1.7615;0.4282;0.945
218_R1_3dpi.jpg;218;1;3;124797;93.5808;4.0906;1.7709;124929.5;1746.46;558.06;299.62;1.8626;0.5147;0.9385
218_R1_5dpi.jpg;218;1;5;111707;98.0377;1.401;0.3581;111117;1516.14;549.75;280.12;1.9626;0.6075;0.9364
218_R1_8dpi.jpg;218;1;8;123670;85.2818;11.3835;2.4299;125038.5;2358.24;525.41;311.17;1.6885;0.2825;0.9276
218_R2_1dpi.jpg;218;2;1;136444;99.6907;0.1612;0.0007;135997.5;1969.25;494.62;358.45;1.3799;0.4407;0.9524
218_R2_3dpi.jpg;218;2;3;139850;98.8516;0.1437;0.1494;140002;1980.52;499.42;360.68;1.3847;0.4485;0.9488
218_R2_5dpi.jpg;218;2;5;141484;94.6602;2.3798;2.9007;141064.5;1734.08;488.49;374.45;1.3045;0.5895;0.9462
218_R2_8dpi.jpg;218;2;8;137997;9.9778;52.9751;37.045;137470;1618.5;488.86;358.43;1.3639;0.6595;0.9381
218_R3_1dpi.jpg;218;3;1;109464;99.7013;0.2668;0.0091;108915;1511.42;527.1;283.76;1.8576;0.5991;0.9267
218_R3_3dpi.jpg;218;3;3;117812;97.1921;0.831;1.9497;117218;1593.1;571.01;286.76;1.9912;0.5804;0.9058
218_R3_5dpi.jpg;218;3;5;116833;92.3575;2.9127;4.7187;116203.5;1693.22;559.25;287.57;1.9448;0.5093;0.9032
218_R3_8dpi.jpg;218;3;8;117514;71.7378;6.0461;22.0135;117037;1919;549.1;292.42;1.8778;0.3994;0.9022
219_R1_1dpi.jpg;219;1;1;83341;98.7089;1.0511;0.1356;83004.5;1223.53;328.2;325.26;1.009;0.6968;0.9912
219_R1_3dpi.jpg;219;1;3;82944;99.9976;0.0012;0;82457.5;1138.33;331.96;320.71;1.0351;0.7997;0.9945
219_R1_5dpi.jpg;219;1;5;81569;99.9865;0.0135;0;81106.5;1079.16;326.73;316.57;1.0321;0.8752;0.994
219_R1_8dpi.jpg;219;1;8;84574;99.8037;0.1407;0.0177;84020.5;1347.23;329.56;326.67;1.0088;0.5817;0.9815
219_R2_1dpi.jpg;219;2;1;41096;99.9562;0.0195;0;40707;832.87;265.59;203.76;1.3035;0.7374;0.9742
219_R2_3dpi.jpg;219;2;3;45794;99.7358;0.083;0.0218;45417;891.72;274.61;217.23;1.2642;0.7177;0.9898
219_R2_5dpi.jpg;219;2;5;47138;99.9851;0.0149;0;46795;864.61;271.58;229.54;1.1831;0.7866;0.9876
219_R2_8dpi.jpg;219;2;8;47195;99.5678;0.4089;0.0106;46840.5;929.84;270.52;222.21;1.2174;0.6808;0.9825
219_R3_1dpi.jpg;219;3;1;93837;99.7709;0.1833;0.0128;93356;1176.94;358.11;335.49;1.0674;0.8469;0.9936
219_R3_3dpi.jpg;219;3;3;101997;99.7265;0.1706;0.099;101473;1228.25;373.38;347.22;1.0754;0.8452;0.9941
219_R3_5dpi.jpg;219;3;5;99497;98.6613;0.8865;0.4503;99509.5;1353.07;371.79;342.92;1.0842;0.683;0.9885
219_R3_8dpi.jpg;219;3;8;100072;76.38;12.6729;10.6234;100196;1572.44;378.06;340.87;1.1091;0.5092;0.9862
220_R1_1dpi.jpg;220;1;1;199061;99.4077;0.3416;0.2105;198513.5;1952.28;537.15;474.37;1.1324;0.6545;0.9923
220_R1_3dpi.jpg;220;1;3;202537;99.9709;0.0207;0;201843;1773.87;535.49;484.27;1.1058;0.8061;0.9841
220_R1_5dpi.jpg;220;1;5;197927;99.8681;0.0778;0.047;197215.5;1745.4;521.16;481.99;1.0813;0.8135;0.9827
220_R1_8dpi.jpg;220;1;8;206618;98.2799;1.0139;0.6452;205886.5;2450.01;552.51;481.77;1.1468;0.431;0.9875
220_R2_1dpi.jpg;220;2;1;225648;99.7908;0.1241;0.0204;224785;1998.81;557.64;518.29;1.0759;0.707;0.9867
220_R2_3dpi.jpg;220;2;3;223622;99.9432;0.0246;0.0013;222802;1917.24;546.78;522.28;1.0469;0.7617;0.9805
220_R2_5dpi.jpg;220;2;5;234422;99.9736;0.0218;0.0021;233590;1946.41;561.62;532.43;1.0548;0.7748;0.9773
220_R2_8dpi.jpg;220;2;8;227331;98.112;1.8695;0.0185;226506;1890.79;555.72;524.1;1.0603;0.7962;0.9837
220_R3_1dpi.jpg;220;3;1;227268;99.879;0.0717;0.044;226415.5;2000.8;612.53;501.71;1.2209;0.7107;0.9788
220_R3_3dpi.jpg;220;3;3;224648;98.8466;0.2506;0.8965;223838.5;1947.4;605.54;487.06;1.2433;0.7417;0.9797
220_R3_5dpi.jpg;220;3;5;229495;94.599;3.4519;1.9443;228800.5;1987.42;597.32;499.65;1.1955;0.7279;0.9823
220_R3_8dpi.jpg;220;3;8;220942;12.5906;23.3903;63.6683;221135;1924.47;594.05;487.15;1.2194;0.7503;0.9756
221_R1_1dpi.jpg;221;1;1;132184;96.7228;1.3126;1.9352;131601.5;1463.75;455.36;377.36;1.2067;0.7719;0.9797
221_R1_3dpi.jpg;221;1;3;146016;96.4476;1.6745;1.782;145536.5;1878.43;482.01;396.66;1.2152;0.5183;0.9647
221_R1_5dpi.jpg;221;1;5;131011;99.8199;0.0794;0.0603;130416.5;1440.26;440.73;382.79;1.1514;0.7901;0.9768
221_R1_8dpi.jpg;221;1;8;132931;98.4977;1.3345;0.0715;132466.5;1749.08;453.97;380.95;1.1917;0.5441;0.9712
221_R2_1dpi.jpg;221;2;1;96567;99.5247;0.2982;0.0953;95883;1667.76;375.7;344.2;1.0915;0.4332;0.9666
221_R2_3dpi.jpg;221;2;3;97540;99.8073;0.1312;0.0021;97053.5;1436.46;376.86;335.38;1.1237;0.5911;0.972
221_R2_5dpi.jpg;221;2;5;101932;99.8597;0.1207;0.0088;101531.5;1341.78;399.31;340.87;1.1715;0.7087;0.9822
221_R2_8dpi.jpg;221;2;8;102643;99.7145;0.2397;0.0049;102160.5;1456.89;400.44;338.43;1.1832;0.6048;0.9854
221_R3_1dpi.jpg;221;3;1;107022;99.8131;0.1233;0.0514;106432.5;1401.84;404.75;349.92;1.1567;0.6806;0.966
221_R3_3dpi.jpg;221;3;3;115798;99.8558;0.1356;0.0052;115167;1435.97;424.1;356.62;1.1892;0.7019;0.9502
221_R3_5dpi.jpg;221;3;5;115826;97.1932;2.8059;0;115331.5;1443.87;425.74;356.31;1.1948;0.6952;0.956
221_R3_8dpi.jpg;221;3;8;115627;85.4973;4.2239;10.1343;115246;1783.5;425.1;358.13;1.187;0.4553;0.9612
222_R1_1dpi.jpg;222;1;1;69873;99.7395;0.249;0.0072;69405;1092.77;332.62;271.65;1.2245;0.7304;0.9653
222_R1_3dpi.jpg;222;1;3;75650;99.5413;0.3648;0.033;75183.5;1148.87;362.71;281.51;1.2884;0.7158;0.9671
222_R1_5dpi.jpg;222;1;5;73611;99.9158;0.0638;0;73136;1100.43;347.48;277.11;1.2539;0.759;0.9667
222_R1_8dpi.jpg;222;1;8;76578;97.6717;2.0554;0.0326;76387.5;1423.57;347.43;287.82;1.2071;0.4737;0.9524
222_R2_1dpi.jpg;222;2;1;60037;98.6875;0.5114;0.4597;59672;1214.45;292.45;262.67;1.1134;0.5084;0.9822
222_R2_3dpi.jpg;222;2;3;66293;99.015;0.2549;0.1901;65834.5;1362.72;302.65;281.85;1.0738;0.4455;0.9746
222_R2_5dpi.jpg;222;2;5;68943;99.7708;0.2205;0;68485;1089.4;305.22;289.26;1.0552;0.7252;0.9913
222_R2_8dpi.jpg;222;2;8;69804;61.4377;28.2262;10.3304;69304.5;1165.87;307.35;289.34;1.0623;0.6407;0.9856
223_R1_1dpi.jpg;223;1;1;106571;99.7786;0.121;0.0891;106007.5;1334.82;377.61;376.47;1.003;0.7477;0.9861
223_R1_3dpi.jpg;223;1;3;108941;99.9513;0.0422;0.0028;108389;1345.43;383.22;373.94;1.0248;0.7524;0.9797
223_R1_5dpi.jpg;223;1;5;107380;99.9348;0.054;0.0028;106812;1322.94;376.62;370.28;1.0171;0.7669;0.9881
223_R1_8dpi.jpg;223;1;8;107323;99.4447;0.4687;0.0717;106863;1271.54;382.56;366.67;1.0433;0.8306;0.9945
223_R3_1dpi.jpg;223;3;1;148165;99.4344;0.3442;0.2045;147519.5;1594.91;511.43;366.37;1.3959;0.7288;0.9858
223_R3_3dpi.jpg;223;3;3;160148;99.8707;0.1161;0.0119;159467.5;1594.14;519.26;393.25;1.3204;0.7885;0.9879
223_R3_5dpi.jpg;223;3;5;158424;99.9501;0.048;0.0013;157759.5;1586.91;521.59;386.68;1.3489;0.7872;0.9871
223_R3_8dpi.jpg;223;3;8;138617;90.6606;6.9905;1.3029;138718.5;1686.56;529.39;339.3;1.5602;0.6128;0.9926
224_R1_1dpi.jpg;224;1;1;125434;98.8703;0.8658;0.0765;124815.5;2260.74;579.81;284.23;2.0399;0.3069;0.9282
224_R1_3dpi.jpg;224;1;3;139702;99.0659;0.617;0.0279;139762;1978.24;603.11;305.53;1.974;0.4488;0.9345
224_R1_5dpi.jpg;224;1;5;131664;99.5207;0.3646;0.0061;131012.5;2042.85;601.42;290.11;2.0731;0.3945;0.912
224_R1_8dpi.jpg;224;1;8;139597;98.3309;1.2285;0.0559;140276.5;2118.68;616.8;311.21;1.9819;0.3927;0.9359
224_R2_1dpi.jpg;224;2;1;165528;96.7353;1.8075;0.786;165053;2457.94;604.9;359.7;1.6817;0.3433;0.9397
224_R2_3dpi.jpg;224;2;3;169390;99.0277;0.2928;0.0484;168797;2424.2;601.91;371.07;1.6221;0.3609;0.9156
224_R2_5dpi.jpg;224;2;5;188239;98.9779;0.6375;0.1594;188111;1935.5;666.08;382.61;1.7409;0.631;0.9317
224_R2_8dpi.jpg;224;2;8;183373;42.2472;47.393;10.3467;182655;1925.7;649.27;397.27;1.6343;0.619;0.9153
224_R3_1dpi.jpg;224;3;1;251304;99.7589;0.195;0.0239;250372;2353.11;763.79;459.9;1.6608;0.5682;0.9057
224_R3_3dpi.jpg;224;3;3;269645;99.9106;0.0753;0.0041;268783;2427.19;801.07;465.88;1.7195;0.5733;0.9091
224_R3_5dpi.jpg;224;3;5;281850;99.8322;0.1646;0;280807.5;2465.58;784.6;472.52;1.6604;0.5805;0.9086
224_R3_8dpi.jpg;224;3;8;277936;99.0311;0.5839;0.286;277077;2465.62;788.66;465.94;1.6926;0.5727;0.9114
225_R1_1dpi.jpg;225;1;1;112349;99.4428;0.3623;0.1558;111960;1408.74;462.89;319.02;1.451;0.7089;0.97
225_R1_3dpi.jpg;225;1;3;96028;76.3933;10.0481;12.6036;95613;1304.88;417.66;298.51;1.3991;0.7056;0.9515
225_R1_5dpi.jpg;225;1;5;104264;5.3144;13.8686;80.5369;103810.5;1303.53;420.79;324.2;1.298;0.7677;0.9662
225_R1_8dpi.jpg;225;1;8;110644;0.0398;1.268;98.4437;110815.5;1619.17;435.23;331.16;1.3142;0.5312;0.9632
225_R2_1dpi.jpg;225;2;1;180316;99.6251;0.0921;0.1941;179526;1932.9;558.05;422.47;1.3209;0.6038;0.9851
225_R2_3dpi.jpg;225;2;3;181577;99.6437;0.0826;0.0936;180959.5;1932.65;570.55;416.83;1.3688;0.6088;0.9836
225_R2_5dpi.jpg;225;2;5;191156;98.5394;0.9819;0.4405;190459;1915.1;576;428.64;1.3438;0.6526;0.988
225_R2_8dpi.jpg;225;2;8;164643;0.3413;43.2724;56.3838;163883;1845.01;540.1;392.47;1.3762;0.605;0.9746
225_R3_1dpi.jpg;225;3;1;198240;99.7357;0.1882;0.0595;197537.5;1750.57;566.92;446.74;1.269;0.81;0.9919
225_R3_3dpi.jpg;225;3;3;209167;99.3455;0.2787;0.3614;208392.5;1785.8;568.55;467.1;1.2172;0.8212;0.9876
225_R3_5dpi.jpg;225;3;5;193409;94.721;4.659;0.6117;195500;1977.18;555.45;452.63;1.2272;0.6284;0.9827
225_R3_8dpi.jpg;225;3;8;181770;2.4278;15.4927;81.0931;181873;1970.35;544.89;423.43;1.2868;0.5887;0.9789
226_R1_1dpi.jpg;226;1;1;36275;99.8456;0.1433;0;35954;749.7;239.45;192.47;1.2441;0.8039;0.9803
226_R1_3dpi.jpg;226;1;3;36347;87.3882;6.3389;6.2041;36039;753.35;236.61;194.7;1.2153;0.798;0.9834
226_R1_5dpi.jpg;226;1;5;35717;51.6029;11.3923;36.7472;35458;746.38;235.1;193.71;1.2137;0.7998;0.9807
226_R1_8dpi.jpg;226;1;8;35477;6.6578;18.9418;74.1635;35197;761.29;235.16;193.36;1.2162;0.7632;0.9775
226_R2_1dpi.jpg;226;2;1;50970;99.6763;0.1883;0.0098;50465;1083.69;296.44;227.18;1.3049;0.54;0.9701
226_R2_3dpi.jpg;226;2;3;51134;99.3292;0.1701;0.0078;50715;1103.63;286.44;228.97;1.251;0.5232;0.9709
226_R2_5dpi.jpg;226;2;5;52826;99.9281;0.0606;0;52431.5;956.25;287.62;236.65;1.2154;0.7205;0.9746
226_R2_8dpi.jpg;226;2;8;52387;95.2087;4.6939;0.0706;52106.5;996.39;289.32;234.46;1.234;0.6595;0.9795
226_R3_1dpi.jpg;226;3;1;54066;99.4784;0.3292;0.1295;53688.5;910.99;300.72;234.11;1.2845;0.8129;0.9922
226_R3_3dpi.jpg;226;3;3;56019;88.0094;8.3347;3.3399;55697;923.03;301.67;238.31;1.2659;0.8215;0.9879
226_R3_5dpi.jpg;226;3;5;55650;18.9686;67.3621;13.6658;55242.5;964.05;301.56;237.26;1.271;0.7469;0.9833
226_R3_8dpi.jpg;226;3;8;53109;0.0075;1.2578;97.3959;54485;945.72;298.12;235.67;1.265;0.7655;0.9912
227_R1_1dpi.jpg;227;1;1;114261;99.6989;0.1707;0.0875;113658.5;1472.83;451.01;328.81;1.3717;0.6584;0.9926
227_R1_3dpi.jpg;227;1;3;116875;99.7741;0.1848;0.0222;116338.5;1368.26;446.37;332.91;1.3408;0.7809;0.9946
227_R1_5dpi.jpg;227;1;5;110444;99.7673;0.1485;0.0208;109872.5;1331.83;436.65;323.41;1.3502;0.7784;0.9934
227_R1_8dpi.jpg;227;1;8;121112;98.6872;1.0313;0.185;121059;1492.39;447.42;344.37;1.2992;0.683;0.9938
227_R2_1dpi.jpg;227;2;1;151632;98.8584;0.4973;0.5197;151276;1702.21;467.62;418.02;1.1187;0.6561;0.9896
227_R2_3dpi.jpg;227;2;3;151333;99.5982;0.0806;0.1044;150660;1796.58;472.91;410.83;1.1511;0.5866;0.9891
227_R2_5dpi.jpg;227;2;5;155834;99.837;0.1117;0.0058;155105.5;1660.48;463.77;429.04;1.0809;0.7069;0.9924
227_R2_8dpi.jpg;227;2;8;152567;98.0966;1.868;0.0315;151928;1597.38;468.88;417.97;1.1218;0.7482;0.9916
227_R3_1dpi.jpg;227;3;1;108289;99.8458;0.1219;0.0148;107798.5;1357.23;440.82;317;1.3906;0.7354;0.9936
227_R3_3dpi.jpg;227;3;3;115617;99.9749;0.0234;0;115063;1336.16;443.99;333.4;1.3317;0.8099;0.9947
227_R3_5dpi.jpg;227;3;5;114061;99.4959;0.5015;0;113512;1353.96;444.52;326.69;1.3607;0.7781;0.9901
227_R3_8dpi.jpg;227;3;8;107686;82.9625;9.0727;5.3925;107910.5;1496.97;430.2;321.49;1.3382;0.6051;0.9863
228_R1_1dpi.jpg;228;1;1;94390;99.0815;0.5869;0.2945;93863.5;1265.7;377.21;326.72;1.1546;0.7363;0.9634
228_R1_3dpi.jpg;228;1;3;108202;99.4769;0.3937;0.0896;107592;1368.31;403.79;345.08;1.1701;0.7221;0.9653
228_R1_5dpi.jpg;228;1;5;108680;98.8692;0.6892;0.4113;108100;1344.92;408.31;355.44;1.1487;0.751;0.965
228_R1_8dpi.jpg;228;1;8;110089;97.9589;1.5524;0.3997;109836;1804.18;409.95;353.53;1.1596;0.424;0.9649
228_R2_1dpi.jpg;228;2;1;138408;99.5853;0.1301;0.1864;137750.5;1795.4;474.94;380.76;1.2473;0.537;0.9759
228_R2_3dpi.jpg;228;2;3;139514;99.499;0.1469;0.0724;138989;1667.01;472.35;385.28;1.226;0.6285;0.9689
228_R2_5dpi.jpg;228;2;5;146632;99.3705;0.4985;0.1173;146218.5;1615.11;483.21;399.27;1.2102;0.7044;0.9725
228_R2_8dpi.jpg;228;2;8;143399;74.2209;21.7875;3.991;142775;1628.44;473.54;393.65;1.203;0.6766;0.9788
228_R3_1dpi.jpg;228;3;1;95496;99.7414;0.2325;0.0209;94977;1229;367.52;336.52;1.0921;0.7902;0.9925
228_R3_3dpi.jpg;228;3;3;102334;99.6785;0.1632;0.1515;101812;1291.51;374.15;348.39;1.074;0.767;0.9808
228_R3_5dpi.jpg;228;3;5;97142;99.3803;0.5415;0.0772;96642;1962.74;372.83;331.38;1.1251;0.3152;0.9459
228_R3_8dpi.jpg;228;3;8;102491;83.2502;9.3881;7.2221;102230;1428.62;377.15;342.68;1.1006;0.6294;0.98
229_R1_1dpi.jpg;229;1;1;121968;95.68;2.1743;2.0391;121359.5;1653.98;533.97;301.49;1.7711;0.5575;0.9443
229_R1_3dpi.jpg;229;1;3;115443;99.3564;0.4825;0.0069;114863.5;1557.98;513.75;297.02;1.7297;0.5947;0.9382
229_R1_5dpi.jpg;229;1;5;112325;99.5379;0.3143;0.1006;111710;1463.37;498.34;300.59;1.6578;0.6555;0.949
229_R1_8dpi.jpg;229;1;8;120281;96.7834;2.771;0.1904;120192.5;1813.14;511.74;304.17;1.6824;0.4594;0.9553
229_R2_1dpi.jpg;229;2;1;101714;98.5685;0.9615;0.3126;101202.5;1618.55;469.64;285.69;1.6439;0.4855;0.9403
229_R2_3dpi.jpg;229;2;3;101395;98.6459;0.7298;0.2535;100984.5;1807.71;469.02;285.95;1.6402;0.3883;0.9431
229_R2_5dpi.jpg;229;2;5;106561;99.2905;0.5058;0.0526;106416.5;1506.63;471.11;299.49;1.5731;0.5891;0.9293
229_R2_8dpi.jpg;229;2;8;101088;77.2495;16.9832;5.7593;100538.5;1408.34;466.16;289.61;1.6096;0.637;0.946
229_R3_1dpi.jpg;229;3;1;60812;98.867;0.8091;0.1612;60305.5;1178.61;379.14;213.34;1.7771;0.5455;0.9122
229_R3_3dpi.jpg;229;3;3;67294;99.578;0.3284;0;66841;1175.77;397.52;231.43;1.7176;0.6076;0.91
229_R3_5dpi.jpg;229;3;5;65219;99.655;0.3358;0.0061;65234;1247.37;396.93;225.82;1.7577;0.5269;0.9006
229_R3_8dpi.jpg;229;3;8;65606;80.1512;12.4958;7.1899;65295.5;1269.21;406.24;220;1.8465;0.5094;0.9048
230_R1_1dpi.jpg;230;1;1;91664;98.8545;0.7997;0.2051;91146.5;1488.38;467.6;255.9;1.8273;0.517;0.9492
230_R1_3dpi.jpg;230;1;3;96971;99.3957;0.3413;0.0041;96506.5;1477.29;486.26;264.05;1.8416;0.5557;0.9421
230_R1_5dpi.jpg;230;1;5;96432;99.3042;0.4272;0.1338;95973;1424.7;484.18;265.39;1.8244;0.5942;0.9411
230_R1_8dpi.jpg;230;1;8;99717;98.3293;1.1282;0.3269;99079;1963.83;499.53;275.98;1.81;0.3228;0.9283
230_R2_1dpi.jpg;230;2;1;148320;95.0809;1.1125;2.2836;148625.5;2567.78;612.29;346.54;1.7669;0.2833;0.8903
230_R2_3dpi.jpg;230;2;3;144859;88.8609;0.5951;1.9874;148699.5;2773.69;610.3;343.35;1.7775;0.2429;0.8673
230_R2_5dpi.jpg;230;2;5;156610;98.2357;1.249;0.4795;155890;2008.38;637.67;352.68;1.8081;0.4857;0.8667
230_R2_8dpi.jpg;230;2;8;147459;46.5248;36.6007;16.8576;146741.5;1944.82;619.84;342.42;1.8102;0.4875;0.8793
230_R3_1dpi.jpg;230;3;1;111165;97.9229;1.4474;0.2627;110504;1756.59;543.97;283.5;1.9188;0.45;0.9024
230_R3_3dpi.jpg;230;3;3;125129;78.6892;14.0423;6.2472;125643;1725.7;566.11;304.76;1.8576;0.5302;0.8988
230_R3_5dpi.jpg;230;3;5;120069;73.0372;24.4718;2.4786;119502.5;1677.8;560.97;302.69;1.8533;0.5335;0.8972
230_R3_8dpi.jpg;230;3;8;113365;0.7374;4.2032;91.7744;119138;1832.27;538.66;293.27;1.8367;0.4459;0.8977
231_R1_1dpi.JPG;231;1;1;142229;99.647;0.2819;0.0633;141560.5;1651.86;522.11;364.75;1.4314;0.6519;0.9472
231_R1_3dpi.jpg;231;1;3;149687;99.9452;0.0488;0;149065;1621.82;534.02;390.44;1.3677;0.7122;0.955
231_R1_5dpi.jpg;231;1;5;143097;99.9112;0.0685;0.0049;142453.5;1583.43;518.4;375.74;1.3797;0.714;0.9543
231_R1_8dpi.jpg;231;1;8;148195;98.7624;1.0014;0.1566;147642;1774.67;523.81;376.89;1.3898;0.5891;0.9624
231_R3_1dpi.jpg;231;3;1;174283;99.6695;0.2863;0.0207;173551.5;1712;530.96;418.6;1.2684;0.7441;0.993
231_R3_3dpi.jpg;231;3;3;174683;82.7928;7.9905;9.0055;174153;1700.65;561.93;405.82;1.3847;0.7567;0.9811
231_R3_5dpi.jpg;231;3;5;164651;58.4898;30.0684;11.4393;171631.5;1862.51;529.33;413.98;1.2786;0.6217;0.9882
231_R3_8dpi.jpg;231;3;8;171670;0.0332;0.1008;99.7402;171041.5;1616.66;529.23;414.86;1.2757;0.8224;0.9957
232_R1_1dpi.jpg;232;1;1;165158;98.9198;0.4154;0.5909;164542;1577.39;490.9;430.65;1.1399;0.831;0.9953
232_R1_3dpi.jpg;232;1;3;173914;96.5425;1.1759;2.2172;173233;1632.85;527.66;432.57;1.2198;0.8165;0.9882
232_R1_5dpi.jpg;232;1;5;165659;92.0747;1.8399;5.9236;165022.5;1589.49;514.68;420.59;1.2237;0.8208;0.9855
232_R1_8dpi.jpg;232;1;8;169279;81.5967;4.3095;14.0053;169256;2105.86;496.83;446.66;1.1123;0.4796;0.9786
232_R2_1dpi.jpg;232;2;1;219874;99.2532;0.362;0.3034;219324;2632.7;565.09;500.94;1.1281;0.3976;0.9688
232_R2_3dpi.jpg;232;2;3;212917;98.692;0.1292;0.1959;213033;2166.12;547.5;511.4;1.0706;0.5705;0.9678
232_R2_5dpi.jpg;232;2;5;228218;94.4785;3.4366;2.013;227352.5;2051.74;572.62;526.1;1.0884;0.6787;0.9654
232_R2_8dpi.jpg;232;2;8;207556;13.7409;29.2051;57.0506;206984;2146.72;540.06;501.71;1.0764;0.5644;0.963
232_R3_1dpi.jpg;232;3;1;169062;99.4505;0.4602;0.0615;168372;1671.5;487.1;443.25;1.0989;0.7573;0.9928
232_R3_3dpi.jpg;232;3;3;176060;97.4128;0.9451;1.5983;175323;1761.18;493.08;464.93;1.0606;0.7103;0.9782
232_R3_5dpi.jpg;232;3;5;174684;92.2449;4.6564;3.097;174055.5;1697.14;482.83;468.1;1.0315;0.7594;0.9852
232_R3_8dpi.jpg;232;3;8;170308;48.4311;16.2652;34.083;170863.5;2107.29;487.43;465.95;1.0461;0.4835;0.9835
233_R1_1dpi.jpg;233;1;1;68845;99.9898;0.0087;0.0015;68410.5;1021.22;317.48;279.16;1.1372;0.8243;0.9874
233_R1_3dpi.jpg;233;1;3;79975;99.9737;0.0113;0.0075;79520.5;1097.02;339.86;296.35;1.1468;0.8304;0.9922
233_R1_5dpi.jpg;233;1;5;79552;99.9849;0.0113;0;79094.5;1110.13;344.21;296.62;1.1605;0.8065;0.9755
233_R1_8dpi.jpg;233;1;8;80289;99.9738;0.0199;0;79980;1275.57;340.82;305.06;1.1172;0.6177;0.9701
234_R1_1dpi.jpg;234;1;1;99137;99.4815;0.4206;0.0716;98614;1234.34;370.98;344.54;1.0767;0.8134;0.9938
234_R1_3dpi.jpg;234;1;3;105507;99.9081;0.0758;0.0066;104993.5;1249.67;389.64;343.6;1.134;0.8449;0.9909
234_R1_5dpi.jpg;234;1;5;101786;99.7907;0.1385;0.0501;101189.5;1218.92;376.65;344.55;1.0932;0.8558;0.9936
234_R1_8dpi.jpg;234;1;8;86570;98.8426;0.5891;0.4008;86350.5;1453.98;377.01;293.86;1.2829;0.5133;0.9822
234_R2_1dpi.JPG;234;2;1;84119;99.6267;0.107;0.1284;83523;1340.28;364.02;299.99;1.2134;0.5843;0.9679
234_R2_3dpi.jpg;234;2;3;91761;99.7319;0.0894;0.0817;91193.5;1298.56;378.39;312.13;1.2123;0.6796;0.9835
234_R2_5dpi.jpg;234;2;5;97828;99.8293;0.1104;0.0296;97308.5;1215.73;392.16;318.67;1.2306;0.8273;0.9889
234_R2_8dpi.jpg;234;2;8;97642;79.8816;15.648;4.4643;97193;1253.34;387.76;324.4;1.1953;0.7775;0.9931
235_R1_1dpi.jpg;235;1;1;125260;99.9074;0.0758;0.0024;124681;1467.77;449.18;364.12;1.2336;0.7273;0.9871
235_R1_3dpi.jpg;235;1;3;130777;99.9258;0.0589;0.0054;130137.5;1422.7;455.3;375.62;1.2121;0.808;0.9879
235_R1_5dpi.jpg;235;1;5;130464;99.8965;0.0713;0.0307;129853;1381.89;452.17;378.28;1.1954;0.8545;0.9889
235_R1_8dpi.jpg;235;1;8;141770;96.4943;2.9012;0.4387;141350;1614.96;468.06;403.63;1.1596;0.6811;0.9793
236_R1_1dpi.jpg;236;1;1;262708;98.3255;0.9128;0.7088;262219.5;2212.13;664.4;510.29;1.302;0.6734;0.9888
236_R1_3dpi.jpg;236;1;3;260608;97.9145;1.3208;0.6846;259838;2321.63;661.64;505.08;1.31;0.6058;0.9913
236_R1_5dpi.jpg;236;1;5;250034;89.3203;4.9165;5.4805;249571;2026.07;652.76;494.85;1.3191;0.764;0.9905
236_R1_8dpi.jpg;236;1;8;257591;54.5819;24.4108;20.8377;257278.5;2721.12;651.7;518.26;1.2575;0.4366;0.9899
236_R2_1dpi.jpg;236;2;1;243779;99.1669;0.1637;0.4307;242867.5;2383.69;697.98;456.35;1.5295;0.5371;0.9816
236_R2_3dpi.jpg;236;2;3;234431;98.8453;0.2052;0.3886;233731;2543.48;681.99;444.26;1.5351;0.454;0.9865
236_R2_5dpi.jpg;236;2;5;245197;99.763;0.1427;0.0808;244365.5;2351.83;671.93;465.97;1.442;0.5552;0.9635
236_R2_8dpi.jpg;236;2;8;231312;89.2997;8.1898;2.4979;230618;2220.65;661.88;454.49;1.4563;0.5877;0.9591
236_R3_1dpi.jpg;236;3;1;135312;99.7436;0.2254;0.0096;134677;1573.13;543.97;324.59;1.6759;0.6839;0.9819
236_R3_3dpi.jpg;236;3;3;171459;99.9755;0.0187;0;170713;1802.92;570.01;390.28;1.4605;0.66;0.9645
236_R3_5dpi.jpg;236;3;5;178203;99.8277;0.1521;0.0185;177320.5;2006.5;573.55;398.65;1.4387;0.5535;0.9548
236_R3_8dpi.jpg;236;3;8;175821;97.7511;1.543;0.4169;175347.5;2076.3;584.8;398.28;1.4683;0.5111;0.9538
237_R1_1dpi.jpg;237;1;1;106988;98.2288;0.9104;0.7907;106448;1286.54;385.79;359.69;1.0726;0.8082;0.9833
237_R1_3dpi.jpg;237;1;3;110579;99.8598;0.0823;0.0289;110052.5;1275.75;396;354.83;1.116;0.8497;0.9887
237_R1_5dpi.jpg;237;1;5;107828;99.9026;0.0658;0.0056;107296.5;1268.24;390.68;352.3;1.1089;0.8383;0.9831
237_R1_8dpi.jpg;237;1;8;111225;99.376;0.4459;0.08;111058;1837.23;395.29;362.44;1.0906;0.4135;0.9805
238_R1_1dpi.jpg;238;1;1;134323;99.0225;0.5487;0.4191;133714.5;1440.01;440.69;390.79;1.1277;0.8103;0.9946
238_R1_3dpi.jpg;238;1;3;164743;99.0106;0.5075;0.3247;163960.5;2182.25;478.96;440.14;1.0882;0.4327;0.9622
238_R1_5dpi.jpg;238;1;5;147372;99.0039;0.6202;0.3427;146733;1554.1;470.78;397.34;1.1848;0.7634;0.9685
238_R1_8dpi.jpg;238;1;8;155694;45.1809;34.0321;20.3816;155595.5;1777.82;497.41;405.95;1.2253;0.6186;0.9925
238_R2_1dpi.jpg;238;2;1;181326;99.8064;0.0761;0.0149;180632;1812.27;503.52;462.68;1.0883;0.6911;0.9733
238_R2_3dpi.jpg;238;2;3;183088;99.2397;0.3463;0.1726;182431;2019.41;508.3;464.86;1.0934;0.5622;0.9674
238_R2_5dpi.jpg;238;2;5;189611;99.9098;0.0765;0.0063;188859.5;1783.97;523.82;476.26;1.0999;0.7457;0.9606
238_R2_8dpi.jpg;238;2;8;186911;98.3094;1.4092;0.2771;186140.5;1947.65;524.84;469.66;1.1175;0.6166;0.9687
239_R1_1dpi.jpg;239;1;1;200401;98.8164;0.8089;0.2275;199469.5;2080.68;564.16;455.07;1.2397;0.579;0.9677
239_R1_3dpi.jpg;239;1;3;208034;99.3794;0.2173;0.3615;207412.5;1821.54;554.76;490.4;1.1312;0.7855;0.969
239_R1_5dpi.jpg;239;1;5;200245;97.0851;0.5953;2.2113;199677;1754.67;558.15;459.45;1.2148;0.815;0.977
239_R1_8dpi.jpg;239;1;8;214214;88.7099;3.7682;7.3478;213845.5;1894.54;561.05;506.16;1.1084;0.7487;0.9725
239_R2_1dpi.jpg;239;2;1;204444;99.8723;0.0362;0.0567;203622.5;1935.71;532.79;501.65;1.0621;0.6829;0.9868
239_R2_3dpi.jpg;239;2;3;206206;99.918;0.0393;0.0155;205441;1876.27;545.06;498.7;1.093;0.7333;0.9747
239_R2_5dpi.jpg;239;2;5;224186;99.9572;0.0366;0.0004;223397;1858.55;573.84;510.23;1.1247;0.8127;0.9797
239_R2_8dpi.jpg;239;2;8;208806;80.3214;13.1917;6.4864;208064;1914.21;542.86;497.28;1.0917;0.7136;0.9897
239_R3_1dpi.jpg;239;3;1;205893;99.559;0.2424;0.1064;205094.5;1770.04;574.33;465;1.2351;0.8226;0.9924
239_R3_3dpi.jpg;239;3;3;204867;99.7525;0.1084;0.0781;204129;1835.78;583.68;448.7;1.3008;0.7612;0.9757
239_R3_5dpi.jpg;239;3;5;210141;99.5527;0.266;0.1775;209427;1919.1;587.64;464.96;1.2638;0.7146;0.9742
239_R3_8dpi.jpg;239;3;8;205346;97.0464;1.3402;1.1868;205424;1926.29;581.45;450.93;1.2894;0.6957;0.9721
240_R1_1dpi.jpg;240;1;1;125677;99.3595;0.3573;0.2697;125093.5;1376.64;423.89;379.23;1.1178;0.8295;0.9916
240_R1_3dpi.jpg;240;1;3;123567;99.5241;0.3448;0.1198;122976.5;1373.47;435.29;360.02;1.2091;0.8192;0.9791
240_R1_5dpi.jpg;240;1;5;129064;93.294;4.2568;2.3422;128493;1424.91;450.59;367.58;1.2258;0.7953;0.9895
240_R1_8dpi.jpg;240;1;8;130033;0.2223;6.0731;93.5847;129445.5;1779.56;445.82;376.55;1.1839;0.5137;0.9816
240_R2_1dpi.jpg;240;2;1;181580;99.4619;0.0666;0.2803;181012;1853.04;490.47;473.3;1.0363;0.6624;0.9918
240_R2_3dpi.jpg;240;2;3;196322;99.3388;0.1019;0.1895;195614;2275.25;514.97;488.89;1.0534;0.4748;0.9838
240_R2_5dpi.jpg;240;2;5;209555;99.9394;0.0458;0.0048;209475.5;2048.04;535.63;501.25;1.0686;0.6276;0.9806
240_R2_8dpi.jpg;240;2;8;204389;99.4951;0.4981;0.0034;203568.5;2091.21;527.71;494.99;1.0661;0.585;0.9857
241_R1_1dpi.jpg;241;1;1;170784;99.7775;0.171;0.0351;169986;1709.24;505.91;429.54;1.1778;0.7312;0.9897
241_R1_3dpi.jpg;241;1;3;195268;99.8827;0.0881;0.0056;194580;1885.12;528.78;469.75;1.1257;0.6881;0.9835
241_R1_5dpi.jpg;241;1;5;184980;99.9865;0.007;0;184266.5;1680.17;518.77;452.26;1.147;0.8203;0.985
241_R1_8dpi.jpg;241;1;8;186321;99.8385;0.1224;0.0252;185545.5;2095.15;541.63;452.55;1.1968;0.5312;0.9856
241_R2_1dpi.jpg;241;2;1;243901;99.2468;0.1689;0.3518;243536;2340.28;601.92;527.31;1.1415;0.5588;0.9846
241_R2_3dpi.jpg;241;2;3;240104;99.6647;0.0496;0.0641;239230.5;2129.87;584.84;530.69;1.102;0.6627;0.9822
241_R2_5dpi.jpg;241;2;5;252058;99.8659;0.1162;0.0024;251176.5;2168.79;592.3;547.21;1.0824;0.6711;0.986
241_R2_8dpi.jpg;241;2;8;239737;96.7306;2.3939;0.8735;239004.5;1953.16;590.47;527.18;1.1201;0.7873;0.9908
241_R3_1dpi.jpg;241;3;1;91604;99.8701;0.119;0.0011;91088;1194.86;356.99;340.86;1.0473;0.8018;0.98
241_R3_3dpi.jpg;241;3;3;120810;99.9685;0.0257;0.0041;120239.5;1339.89;422.89;361.94;1.1684;0.8416;0.9873
241_R3_5dpi.jpg;241;3;5;120522;99.9452;0.049;0;120170;1508.85;419.02;369.28;1.1347;0.6633;0.9792
241_R3_8dpi.jpg;241;3;8;122206;68.3076;16.0827;15.5066;122049.5;1444.81;422.94;367.05;1.1523;0.7347;0.9853
242_R1_1dpi.jpg;242;1;1;164385;98.2498;0.6308;1.0293;163612;1961.44;506.52;424.41;1.1935;0.5344;0.9243
242_R1_3dpi.jpg;242;1;3;144300;20.6563;23.8843;55.2918;143736;1697.3;508.26;374.96;1.3555;0.627;0.9263
242_R1_5dpi.jpg;242;1;5;152995;2.0674;6.9074;90.8853;153005;1774.21;493.05;403.27;1.2226;0.6108;0.9286
242_R1_8dpi.jpg;242;1;8;149298;0.0991;1.3342;98.0837;149304;1993.06;489.14;397.28;1.2312;0.4723;0.9698
242_R2_1dpi.jpg;242;2;1;246169;97.2263;2.2086;0.4241;247575.5;2451.86;626.23;510.99;1.2255;0.5175;0.9811
242_R2_3dpi.jpg;242;2;3;233479;97.9613;0.1135;0.1204;233213;2653.81;620.24;487.77;1.2716;0.4161;0.9151
242_R2_5dpi.jpg;242;2;5;246267;81.8222;6.1584;11.9992;245261.5;2603.08;631.09;505.47;1.2485;0.4548;0.9124
242_R2_8dpi.jpg;242;2;8;232901;1.1984;29.2803;69.5098;231992.5;2601.23;615.63;495.59;1.2422;0.4309;0.9142
243_R1_1dpi.jpg;243;1;1;46969;98.3393;1.0943;0.5174;46523.5;1121.33;294.74;200.16;1.4725;0.465;0.9146
243_R1_3dpi.jpg;243;1;3;50801;99.2677;0.5925;0.1024;50285;1237.43;315.86;212.61;1.4856;0.4127;0.8946
243_R1_5dpi.jpg;243;1;5;49463;99.63;0.3012;0.004;48946;1241.17;311.34;207.06;1.5036;0.3993;0.8867
243_R1_8dpi.jpg;243;1;8;56557;94.51;3.0465;1.7911;57684.5;1159.27;326.29;225.46;1.4472;0.5394;0.9846
243_R2_1dpi.jpg;243;2;1;82260;99.1952;0.479;0.0462;82783.5;1372.09;382.62;279.66;1.3682;0.5526;0.977
243_R2_3dpi.jpg;243;2;3;76571;99.202;0.1463;0.0209;76022;1809.58;384.07;253.22;1.5168;0.2917;0.8949
243_R2_5dpi.jpg;243;2;5;80270;99.6524;0.2766;0.0548;79522;1870.84;382.79;267.67;1.4301;0.2855;0.8833
243_R2_8dpi.jpg;243;2;8;80504;70.6052;24.723;4.6532;79980.5;1481.72;379.05;274.3;1.3819;0.4578;0.9324
243_R3_1dpi.jpg;243;3;1;82202;98.5584;1.1034;0.2786;81631;1511.16;421.58;254.4;1.6572;0.4492;0.9236
243_R3_3dpi.jpg;243;3;3;77506;99.8078;0.169;0.0103;76893.5;1468.49;427.01;238.44;1.7909;0.4481;0.9031
243_R3_5dpi.jpg;243;3;5;75908;80.3433;19.1548;0.498;75267;1514.87;436.27;229.65;1.8997;0.4122;0.8899
243_R3_8dpi.jpg;243;3;8;58783;0.0527;5.2872;92.1083;59110.5;1430.75;395.13;201.8;1.958;0.3629;0.8824
244_R1_1dpi.jpg;244;1;1;36187;95.924;1.846;2.1748;35874;760.64;238.48;194.65;1.2252;0.7792;0.981
244_R1_3dpi.jpg;244;1;3;34616;99.7804;0.1878;0.0202;34307;719.55;229.26;193.22;1.1865;0.8327;0.9847
244_R1_5dpi.jpg;244;1;5;32495;99.9385;0.0554;0;32183.5;713.37;228.24;182.55;1.2503;0.7947;0.9622
244_R1_8dpi.jpg;244;1;8;33877;98.5861;1.1306;0.1594;33623;879.18;237.7;178.06;1.335;0.5466;0.9807
244_R2_1dpi.jpg;244;2;1;37731;97.6173;0.5513;1.463;37534;978.97;225.96;213;1.0608;0.4921;0.9817
244_R2_3dpi.jpg;244;2;3;34495;99.4608;0.2145;0.0696;34170;797.15;215.58;210.13;1.0259;0.6757;0.9773
244_R2_5dpi.jpg;244;2;5;36135;99.9806;0.0194;0;35808.5;793.68;225.91;208.88;1.0815;0.7143;0.9835
244_R2_8dpi.jpg;244;2;8;34599;98.8757;0.8786;0.2081;34308.5;809.88;221.28;201.44;1.0985;0.6573;0.9766
244_R3_1dpi.jpg;244;3;1;37885;99.2662;0.5781;0.0739;37564;757.07;230.31;212.01;1.0863;0.8236;0.9888
244_R3_3dpi.jpg;244;3;3;38190;99.9686;0.0288;0;37858.5;775.74;240.38;202.54;1.1868;0.7906;0.9668
244_R3_5dpi.jpg;244;3;5;36878;99.9837;0.0163;0;36540;783.84;236.67;198.14;1.1945;0.7474;0.9591
244_R3_8dpi.jpg;244;3;8;34956;99.6167;0.2632;0.103;34655.5;745.74;239.54;184.78;1.2964;0.7831;0.9899
245_R1_1dpi.jpg;245;1;1;50844;99.9272;0.061;0.0039;50460.5;868.97;261.17;249.81;1.0455;0.8398;0.9932
245_R1_3dpi.jpg;245;1;3;53906;99.0001;0.935;0.0167;53480.5;928;276.03;255.51;1.0803;0.7804;0.9897
245_R1_5dpi.jpg;245;1;5;50738;99.9941;0.0039;0;50360.5;856.14;264;249.13;1.0597;0.8634;0.9911
245_R1_8dpi.jpg;245;1;8;52032;99.1601;0.7342;0.0154;51636.5;965.88;270.18;248.13;1.0889;0.6955;0.9789
245_R2_1dpi.jpg;245;2;1;42830;98.0831;0.4016;0.7705;42390;1222.2;248.39;225.77;1.1002;0.3566;0.9709
245_R2_3dpi.jpg;245;2;3;43619;96.8844;0.3026;0.5525;43468.5;1209.47;244.69;229.5;1.0662;0.3734;0.9603
245_R2_5dpi.jpg;245;2;5;47303;99.0635;0.7949;0.0529;46948.5;862.93;251.24;239.32;1.0498;0.7923;0.9774
245_R2_8dpi.jpg;245;2;8;47875;89.4705;10.2538;0.2674;47535;879.18;258.48;238.05;1.0858;0.7728;0.9891
245_R3_1dpi.jpg;245;3;1;109088;99.7305;0.2264;0.0156;108552.5;1417.63;429.26;335.11;1.281;0.6788;0.9798
245_R3_3dpi.jpg;245;3;3;98337;99.9664;0.0264;0.001;97792;1292.14;430.63;302.96;1.4214;0.736;0.9665
245_R3_5dpi.jpg;245;3;5;89964;99.8533;0.1412;0;89409;1322.76;433.14;279.75;1.5483;0.6421;0.9599
245_R3_8dpi.jpg;245;3;8;110216;99.6634;0.2686;0.0154;109713.5;1383.43;434.56;334.22;1.3002;0.7204;0.973
246_R1_1dpi.jpg;246;1;1;116905;96.8308;2.3746;0.7485;116368;1343.59;446.17;332;1.3439;0.81;0.9946
246_R1_3dpi.jpg;246;1;3;119184;80.8078;6.7283;12.2332;118701;1406.7;457.12;332.88;1.3733;0.7538;0.9926
246_R1_5dpi.jpg;246;1;5;115742;25.2104;12.9858;61.7252;115254.5;1352.38;449.35;327.35;1.3727;0.7919;0.9931
246_R1_8dpi.jpg;246;1;8;117709;1.5632;13.0721;85.0113;117395.5;1676.37;470.11;324.63;1.4482;0.525;0.9893
246_R2_1dpi.jpg;246;2;1;75416;99.585;0.118;0.0172;74746.5;1363.63;362.25;271.57;1.3339;0.5051;0.9813
246_R2_3dpi.jpg;246;2;3;85047;99.7778;0.0717;0.0047;84525;1267.65;385.23;286.91;1.3427;0.661;0.9869
246_R2_5dpi.jpg;246;2;5;88537;99.9458;0.052;0;88041.5;1173.67;387.82;296.81;1.3066;0.8032;0.9871
246_R2_8dpi.jpg;246;2;8;86010;98.8862;1.1045;0.007;85443;1272.48;383.96;290.81;1.3203;0.6631;0.9879
246_R3_1dpi.jpg;246;3;1;77439;99.5015;0.4533;0.0052;76972;1101.6;370.27;267.88;1.3822;0.7971;0.991
246_R3_3dpi.jpg;246;3;3;78720;99.8844;0.094;0;78243.5;1095.42;369.39;273.45;1.3509;0.8194;0.9898
246_R3_5dpi.jpg;246;3;5;78680;98.1978;1.5188;0.2809;78195;1115.66;370.24;274.14;1.3505;0.7894;0.9923
246_R3_8dpi.jpg;246;3;8;81110;67.8202;9.714;21.9467;80777.5;1211.24;373.72;277.41;1.3471;0.6919;0.9929
247_R1_1dpi.jpg;247;1;1;87545;97.5898;1.5603;0.7767;87052.5;1224.05;386.53;296.52;1.3035;0.7301;0.9915
247_R1_3dpi.jpg;247;1;3;116791;98.4802;1.0369;0.3759;116119;1596.28;430.73;357.36;1.2053;0.5727;0.9863
247_R1_5dpi.jpg;247;1;5;112504;97.7859;1.6195;0.4684;112021;1347.63;416.28;346.78;1.2004;0.7751;0.9906
247_R1_8dpi.jpg;247;1;8;116154;95.407;3.2862;0.9806;115716;1821.87;420.65;356.25;1.1808;0.4381;0.9859
247_R2_1dpi.jpg;247;2;1;134558;99.7414;0.1628;0.0186;134003.5;1536.32;425.64;404.36;1.0526;0.7134;0.9921
247_R2_3dpi.jpg;247;2;3;130940;99.1095;0.1054;0.0832;131010.5;1611.23;421.95;397.48;1.0616;0.6342;0.9905
247_R2_5dpi.jpg;247;2;5;136823;65.2376;16.6222;17.9312;136311.5;1431.55;428.74;409.15;1.0479;0.8359;0.9945
247_R2_8dpi.jpg;247;2;8;131599;0.0532;22.5594;77.3775;131272;1454.82;424.2;400.21;1.0599;0.7794;0.9948
247_R3_1dpi.jpg;247;3;1;92477;99.6248;0.2498;0.0876;91931.5;1201.33;361.74;325.64;1.1109;0.8005;0.9929
247_R3_3dpi.jpg;247;3;3;92281;71.6193;15.4441;12.0751;92009.5;1225.07;373.64;316.67;1.1799;0.7704;0.9848
247_R3_5dpi.jpg;247;3;5;94332;20.5604;23.4078;56.0117;93842.5;1196.64;371.53;323.27;1.1493;0.8235;0.9937
247_R3_8dpi.jpg;247;3;8;93805;4.7066;5.3558;89.2895;94568.5;1492.63;369.24;325.37;1.1349;0.5334;0.9745
248_R1_1dpi.jpg;248;1;1;126431;97.8407;1.4118;0.7032;125723.5;1608.86;419.38;387.4;1.0825;0.6104;0.9866
248_R1_3dpi.jpg;248;1;3;128571;98.3923;0.8276;0.6541;128196;1624.93;413.99;398.75;1.0382;0.6101;0.9869
248_R1_5dpi.jpg;248;1;5;120855;99.9272;0.0587;0;120287;1345.45;399.55;384.5;1.0391;0.835;0.9903
248_R1_8dpi.jpg;248;1;8;122948;99.6682;0.2643;0.0155;122332.5;1530.69;402.26;388.23;1.0361;0.6561;0.992
248_R2_1dpi.jpg;248;2;1;123825;98.6432;0.2495;0.7252;123454;1606.62;433.74;377.75;1.1482;0.601;0.9885
248_R2_3dpi.jpg;248;2;3;115662;99.4121;0.1012;0.0666;115259.5;1543.15;419.67;360.52;1.1641;0.6082;0.9818
248_R2_5dpi.jpg;248;2;5;120780;99.8112;0.125;0.0555;120147;1486.42;429.29;366.35;1.1718;0.6833;0.981
248_R2_8dpi.jpg;248;2;8;112773;84.3349;12.4072;3.2446;112302;1465.45;435.37;347.54;1.2527;0.6571;0.9838
248_R3_1dpi.jpg;248;3;1;113882;99.0754;0.6963;0.2081;113334.5;1391.81;410.34;358.27;1.1453;0.7352;0.9776
248_R3_3dpi.jpg;248;3;3;121581;99.9186;0.0699;0.0025;121013.5;1408.15;426.39;372.91;1.1434;0.7669;0.9802
248_R3_5dpi.jpg;248;3;5;119816;99.9975;0.0025;0;119218;1396.74;416.9;369.85;1.1272;0.7679;0.9806
248_R3_8dpi.jpg;248;3;8;118730;96.2377;2.4712;1.2659;118260;1430.62;413.19;366.99;1.1259;0.7261;0.985
249_R1_1dpi.jpg;249;1;1;86175;99.2074;0.6545;0.0731;85637.5;1170.51;362.79;311.45;1.1648;0.7855;0.9927
249_R1_3dpi.jpg;249;1;3;88825;99.1365;0.7149;0.0518;88287.5;1258.33;365.01;322.75;1.1309;0.7007;0.99
249_R1_5dpi.jpg;249;1;5;80340;99.1125;0.6497;0.2016;79872.5;1088.53;345.02;304.24;1.134;0.8471;0.9944
249_R1_8dpi.jpg;249;1;8;79789;96.3742;3.2461;0.2118;79549;1294.31;361.3;282.91;1.2771;0.5967;0.9906
249_R2_1dpi.jpg;249;2;1;76895;98.7268;0.4305;0.4305;76239.5;1525.01;376.8;269.43;1.3985;0.412;0.9779
249_R2_3dpi.jpg;249;2;3;72897;99.3182;0.1564;0.1468;72282.5;1404.06;378.29;250.39;1.5108;0.4608;0.979
249_R2_5dpi.jpg;249;2;5;73947;99.5456;0.3638;0.0162;73486;1146.05;389.34;245.9;1.5833;0.7031;0.9797
249_R2_8dpi.jpg;249;2;8;73681;98.2044;1.7942;0;73218;1094.17;380.41;252.83;1.5046;0.7685;0.9819
249_R3_1dpi.jpg;249;3;1;57685;99.8613;0.0676;0.0347;57265;1010.29;356.63;205.96;1.7315;0.705;0.9864
249_R3_3dpi.jpg;249;3;3;59714;96.1533;2.023;1.7215;59314.5;987.62;365.75;208.83;1.7515;0.7642;0.9892
249_R3_5dpi.jpg;249;3;5;58329;78.8956;12.7621;8.3423;58176;1019.8;361.37;207.12;1.7447;0.7029;0.9864
249_R3_8dpi.jpg;249;3;8;59332;35.5053;16.4886;47.7904;59028;1022.83;357.94;210.88;1.6974;0.709;0.9862
250_R1_1dpi.jpg;250;1;1;36575;99.7047;0.2406;0.0109;36238;797.21;253.9;186.97;1.358;0.7165;0.9896
250_R1_3dpi.jpg;250;1;3;39851;99.4605;0.3814;0.0452;39583;886.21;261.64;193.94;1.3491;0.6334;0.9862
250_R1_5dpi.jpg;250;1;5;35353;99.7115;0.198;0.082;35042;727.41;247.87;181.55;1.3653;0.8322;0.9924
250_R1_8dpi.JPG;250;1;8;38172;95.8504;1.0322;2.9681;36576;873.58;252.81;187.17;1.3507;0.6023;0.9767
250_R2_1dpi.jpg;250;2;1;39124;98.3488;0.6543;0.6748;38797.5;976.19;296.69;166.59;1.781;0.5116;0.9827
250_R2_3dpi.jpg;250;2;3;64154;99.4544;0.2447;0.0561;63640.5;1158.7;337.92;241.28;1.4006;0.5957;0.9859
250_R2_5dpi.jpg;250;2;5;70817;99.6964;0.2499;0.0127;70386;1047.4;355.24;254.81;1.3941;0.8063;0.9942
250_R2_8dpi.jpg;250;2;8;66259;97.3272;2.1597;0.5056;65842;1040.51;358.42;239.61;1.4958;0.7642;0.9939
251_R1_1dpi.jpg;251;1;1;167939;98.4721;0.8676;0.4948;167469.5;1759.94;518.05;419.77;1.2341;0.6794;0.9901
251_R1_3dpi.jpg;251;1;3;170124;99.5615;0.308;0.0935;169507;1683.68;516.08;422.12;1.2226;0.7514;0.986
251_R1_5dpi.jpg;251;1;5;164793;99.4557;0.3592;0.1657;164115.5;1608.6;525.95;404.77;1.2994;0.797;0.9835
251_R1_8dpi.jpg;251;1;8;167071;74.8777;21.8727;2.9239;167029.5;2137.07;533.16;407.35;1.3088;0.4596;0.974
251_R2_1dpi.jpg;251;2;1;77516;99.3911;0.3328;0.1471;77099;1249.08;379.83;260.75;1.4567;0.621;0.9887
251_R2_3dpi.jpg;251;2;3;80948;99.5713;0.1519;0.0717;80360.5;1319.95;380.98;270.68;1.4075;0.5796;0.9846
251_R2_5dpi.jpg;251;2;5;83566;99.7906;0.1939;0.006;83061.5;1184.41;382.24;278.23;1.3738;0.7441;0.9907
251_R2_8dpi.jpg;251;2;8;83136;73.7683;25.6098;0.6159;82670.5;1223.47;388.81;274.18;1.4181;0.694;0.9897
251_R3_1dpi.jpg;251;3;1;156628;99.8832;0.0996;0.0096;155941;1617.47;540.78;375.97;1.4384;0.749;0.9935
251_R3_3dpi.jpg;251;3;3;161037;99.9528;0.0416;0.0012;160354;1585.05;540.53;384.08;1.4073;0.8021;0.9953
251_R3_5dpi.jpg;251;3;5;163522;98.8454;1.1234;0.0257;162830;1635.62;541.42;387.85;1.3959;0.7649;0.9939
251_R3_8dpi.jpg;251;3;8;155849;0.8418;23.1821;75.1779;155562.5;1788.43;528.14;382.09;1.3822;0.6112;0.991
252_R1_1dpi.jpg;252;1;1;38338;99.8122;0.1774;0;37995;801.01;264.89;190.91;1.3875;0.7442;0.979
252_R1_3dpi.jpg;252;1;3;36746;81.1163;6.2156;12.0448;36790.5;880.22;269.4;184.48;1.4603;0.5967;0.9844
252_R1_5dpi.jpg;252;1;5;33277;62.3584;5.7788;31.5233;33054.5;760.62;268.16;170.65;1.5713;0.718;0.9816
252_R1_8dpi.jpg;252;1;8;37115;3.1066;23.5646;72.5637;37079.5;1059.53;265.75;182.04;1.4598;0.4151;0.9718
252_R2_1dpi.jpg;252;2;1;38903;98.851;0.5347;0.1876;38526;1024.05;254.91;195.4;1.3045;0.4617;0.977
252_R2_3dpi.jpg;252;2;3;47403;98.4326;0.2595;0.4325;46980;1096.05;293.65;207.81;1.413;0.4914;0.9792
252_R2_5dpi.jpg;252;2;5;51695;99.6692;0.2495;0;51340;903.14;304.13;219.45;1.3859;0.791;0.994
252_R2_8dpi.jpg;252;2;8;50409;98.4864;1.462;0.0516;50053.5;899.24;307.53;213.49;1.4405;0.7778;0.9916
252_R3_1dpi.jpg;252;3;1;78467;99.9184;0.0637;0;77989.5;1189.3;379.38;264.75;1.433;0.6929;0.9881
252_R3_3dpi.jpg;252;3;3;78414;99.8508;0.0523;0.0816;77921;1123.46;383.43;260.24;1.4734;0.7758;0.99
252_R3_5dpi.jpg;252;3;5;80202;99.6297;0.3242;0.0424;79832;1229.77;385.43;266.14;1.4482;0.6633;0.9838
252_R3_8dpi.jpg;252;3;8;79858;86.337;5.7452;7.5747;79486;1285.83;393.8;266.95;1.4752;0.6041;0.989
253_R1_1dpi.jpg;253;1;1;94762;99.6085;0.248;0.1382;94245;1227.28;385.61;317.93;1.2129;0.7863;0.9949
253_R1_3dpi.jpg;253;1;3;102734;99.4617;0.2862;0.2034;102208.5;1321.89;399.3;327.36;1.2198;0.735;0.9924
253_R1_5dpi.jpg;253;1;5;98677;99.6494;0.2878;0.0345;98146.5;1262.64;392.46;320.17;1.2258;0.7736;0.9851
253_R1_8dpi.jpg;253;1;8;97229;99.5156;0.2396;0.1851;96743.5;2261.24;396.63;320.01;1.2394;0.2378;0.919
253_R2_1dpi.jpg;253;2;1;30845;98.3563;0.3112;0.629;30419;940.69;222.07;178.38;1.2449;0.432;0.96
253_R2_3dpi.jpg;253;2;3;36697;99.4577;0.2371;0.0627;36331.5;869.54;238.22;200.25;1.1896;0.6038;0.9652
253_R2_5dpi.jpg;253;2;5;41883;99.7063;0.222;0;41529.5;806.68;260.02;208.42;1.2475;0.802;0.9874
253_R2_8dpi.jpg;253;2;8;42385;91.9476;7.0119;1.0357;42052.5;820.34;262.55;210.08;1.2498;0.7853;0.9834
253_R3_1dpi.jpg;253;3;1;59099;99.7428;0.203;0.0186;58692;986.66;331.25;228.08;1.4523;0.7576;0.9928
253_R3_3dpi.JPG;253;3;3;62641;98.9687;0.3512;0.6721;62238.5;990.21;338.37;238.85;1.4167;0.7976;0.9854
253_R3_5dpi.jpg;253;3;5;63499;96.3291;2.167;1.4788;63085.5;1006.7;346.45;239.04;1.4493;0.7822;0.9922
253_R3_8dpi.jpg;253;3;8;63504;66.9926;6.6563;26.0881;63168.5;1044.35;340.58;240.86;1.414;0.7278;0.9921
254_R1_1dpi.jpg;254;1;1;82659;99.7472;0.196;0.0073;82470;1210.76;351.49;300.96;1.1679;0.7069;0.9913
254_R1_3dpi.jpg;254;1;3;80644;99.9901;0.0087;0;80180.5;1093.75;353.09;298.55;1.1827;0.8423;0.9925
254_R1_5dpi.jpg;254;1;5;83075;99.8495;0.1324;0.0132;82635;1128.76;358.83;301.4;1.1906;0.815;0.9928
254_R1_8dpi.jpg;254;1;8;84847;99.8951;0.0908;0;84380;1288.44;363.87;303.63;1.1984;0.6387;0.9837
254_R2_1dpi.jpg;254;2;1;89185;99.6849;0.1985;0.0034;88710;1441.36;387.17;296.35;1.3065;0.5366;0.9834
254_R2_3dpi.jpg;254;2;3;85278;98.0628;0.265;0.0938;85064.5;1477.11;373.81;290.67;1.286;0.4899;0.9757
254_R2_5dpi.jpg;254;2;5;88013;74.9105;11.0086;14.0706;87527.5;1174.84;376.32;294.84;1.2764;0.7969;0.9879
254_R2_8dpi.jpg;254;2;8;87796;3.1938;26.4887;70.2993;87359.5;1291.63;381.4;295.25;1.2918;0.658;0.9901
254_R3_1dpi.jpg;254;3;1;69360;99.2315;0.7007;0.0404;68937.5;1020.33;335.95;264.33;1.271;0.8321;0.9903
254_R3_3dpi.jpg;254;3;3;65524;99.5666;0.1404;0.2839;65107.5;990.53;342.51;242.77;1.4108;0.8339;0.9917
254_R3_5dpi.jpg;254;3;5;66117;99.6536;0.1558;0.1906;65690;1014.23;340.42;246.77;1.3795;0.8025;0.9906
254_R3_8dpi.jpg;254;3;8;65165;91.6013;3.1965;5.1868;64732.5;1064.96;337.87;244.56;1.3815;0.7172;0.9918
255_R1_1dpi.jpg;255;1;1;185831;98.9937;0.3869;0.5785;185082;1807.18;504.84;471.95;1.0697;0.7121;0.9889
255_R1_3dpi.jpg;255;1;3;180379;99.4645;0.2816;0.2506;179695;1672.41;513.54;452.23;1.1356;0.8073;0.9919
255_R1_5dpi.jpg;255;1;5;174240;96.6345;1.506;1.8067;173555;1681.16;503.35;438.28;1.1485;0.7717;0.9899
255_R1_8dpi.jpg;255;1;8;187074;51.3545;32.8239;15.473;186879;2366.85;526.94;459.02;1.148;0.4192;0.9805
255_R3_1dpi.jpg;255;3;1;180320;99.5741;0.3705;0.0194;179630.5;1762.06;530.96;437.2;1.2144;0.727;0.9936
255_R3_3dpi.jpg;255;3;3;174011;99.9431;0.0483;0;173313;1640.73;549.07;405.64;1.3536;0.809;0.9878
255_R3_5dpi.jpg;255;3;5;168748;99.5473;0.3046;0.1316;168045.5;1660;541.08;401.58;1.3474;0.7663;0.9925
255_R3_8dpi.jpg;255;3;8;166861;99.2047;0.4842;0.1912;166207;1755.01;533.82;402.56;1.3261;0.6781;0.9897
256_R1_1dpi.jpg;256;1;1;140813;98.9859;0.7194;0.2436;140132.5;1578.5;449.97;404.87;1.1114;0.7067;0.9851
256_R1_3dpi.jpg;256;1;3;138761;99.7528;0.1967;0.0238;138131.5;1457.33;453.95;389.52;1.1654;0.8173;0.9927
256_R1_5dpi.jpg;256;1;5;136326;99.4719;0.3477;0.1702;135703;1431.91;452.87;384.81;1.1769;0.8317;0.9863
256_R1_8dpi.jpg;256;1;8;137686;99.6056;0.3399;0.0232;137497.5;1814.25;464.73;384.68;1.2081;0.5249;0.9836
257_R1_1dpi.jpg;257;1;1;71379;99.9229;0.0462;0.014;70932;1115.63;341.04;266.48;1.2798;0.7162;0.9923
257_R1_3dpi.jpg;257;1;3;72250;93.582;4.4651;1.8976;71815.5;1043.93;347.2;265.72;1.3067;0.8281;0.9928
257_R1_5dpi.jpg;257;1;5;70122;50.1355;25.8307;23.6602;69755;1033.14;340.28;264.58;1.2861;0.8212;0.992
257_R1_8dpi.jpg;257;1;8;68728;2.2422;28.9853;65.4711;69098.5;1323.89;344.7;256.29;1.345;0.4954;0.9863
257_R2_1dpi.jpg;257;2;1;42441;98.6452;0.5561;0.4524;42192;1203.91;391.42;148.51;2.6357;0.3658;0.9481
257_R2_3dpi.jpg;257;2;3;35389;97.4399;0.0452;2.0458;36682.5;1451.43;411.45;134.68;3.0551;0.2188;0.8487
257_R2_5dpi.jpg;257;2;5;35709;0.0224;1.1594;93.0242;34579;1601.63;326.87;153.53;2.1291;0.1694;0.8473
257_R2_8dpi.jpg;257;2;8;39096;0.0051;17.411;79.402;40474;1014.23;374.46;148.01;2.5299;0.4944;0.9794
257_R3_1dpi.jpg;257;3;1;107903;99.8063;0.177;0.0102;107359;1320.34;436.95;315.03;1.387;0.7739;0.995
257_R3_3dpi.jpg;257;3;3;111433;99.7371;0.2109;0.0377;110882;1336.94;453.04;317.36;1.4275;0.7796;0.9935
257_R3_5dpi.jpg;257;3;5;109417;98.4573;1.5363;0.0009;108855;1317.43;447.57;314.83;1.4216;0.7881;0.993
257_R3_8dpi.jpg;257;3;8;110549;20.9337;66.556;6.1927;111855;1486.91;439.99;323.3;1.3609;0.6358;0.9882
258_R1_1dpi.jpg;258;1;1;108809;98.9284;0.522;0.5165;108287;1359.08;416.24;337.94;1.2317;0.7367;0.9827
258_R1_3dpi.jpg;258;1;3;111182;99.7805;0.17;0.0306;110610;1331.28;424.18;346.36;1.2247;0.7843;0.9806
258_R1_5dpi.jpg;258;1;5;105738;99.9291;0.0444;0.0246;105184.5;1282.21;406.35;339.22;1.1979;0.804;0.9669
258_R1_8dpi.jpg;258;1;8;108509;98.8591;0.5189;0.5529;107958.5;1740.65;423.06;342.92;1.2337;0.4478;0.9601
258_R2_1dpi.jpg;258;2;1;81133;98.8057;0.7161;0.0752;80748.5;1632.8;394.49;269.04;1.4663;0.3806;0.9689
258_R2_3dpi.jpg;258;2;3;95964;99.4883;0.2167;0.0208;95328;1468.65;424.83;294.64;1.4418;0.5554;0.9566
258_R2_5dpi.jpg;258;2;5;99785;99.9238;0.0732;0;99223.5;1367.01;435.36;304.21;1.4311;0.6672;0.9475
258_R2_8dpi.jpg;258;2;8;99675;97.8229;2.144;0.0221;99152;1373.79;435.18;306.78;1.4185;0.6602;0.9467
258_R3_1dpi.jpg;258;3;1;105697;99.8761;0.0851;0.0303;105094;1396.2;459.15;304.28;1.509;0.6775;0.9521
258_R3_3dpi.jpg;258;3;3;100511;99.9672;0.0269;0;99900.5;1446.15;468.95;282.47;1.6602;0.6003;0.9458
258_R3_5dpi.jpg;258;3;5;103133;99.8963;0.0892;0.0097;102599;1412.82;465.34;289.51;1.6073;0.6459;0.9545
258_R3_8dpi.jpg;258;3;8;104891;95.0587;4.743;0.1258;104683.5;1510.24;470.38;297.03;1.5836;0.5768;0.9438
259_R1_1dpi.jpg;259;1;1;192546;99.3602;0.4742;0.1407;191741;1930.41;535.13;457.2;1.1705;0.6466;0.9927
259_R1_3dpi.jpg;259;1;3;201722;99.0864;0.2112;0.6653;200979.5;1819.4;537.94;479.32;1.1223;0.763;0.9867
259_R1_5dpi.jpg;259;1;5;192606;94.482;1.4283;3.9776;191901.5;1736.08;527.28;468.29;1.126;0.8001;0.9902
259_R1_8dpi.jpg;259;1;8;201839;77.6381;9.575;12.4981;202149;1894.07;541.93;485.75;1.1157;0.7081;0.993
259_R2_1dpi.jpg;259;2;1;146704;99.6196;0.1922;0.0702;145879.5;1987.87;466.5;403.07;1.1574;0.4639;0.9803
259_R2_3dpi.jpg;259;2;3;145217;99.7225;0.1763;0.0172;144690.5;1614.85;459.79;404.04;1.138;0.6972;0.9891
259_R2_5dpi.jpg;259;2;5;150660;98.938;0.6531;0.3631;150130;1558.79;473.78;409.37;1.1574;0.7764;0.9906
259_R2_8dpi.jpg;259;2;8;147874;36.5406;49.9662;13.4811;147322;1801.29;470.33;401.52;1.1714;0.5706;0.9897
259_R3_1dpi.jpg;259;3;1;200404;99.26;0.5654;0.0694;199681.5;1840.4;578.88;449;1.2893;0.7408;0.9874
259_R3_3dpi.jpg;259;3;3;213978;99.7888;0.1753;0.0089;213231;1812.91;593.22;468.09;1.2673;0.8153;0.9943
259_R3_5dpi.jpg;259;3;5;205493;99.8384;0.1601;0;204735;1752.16;594.25;448.02;1.3264;0.838;0.9908
259_R3_8dpi.jpg;259;3;8;200655;98.4944;0.455;1.0296;199926.5;1749.43;602.06;430.34;1.399;0.8209;0.9941
260_R1_1dpi.jpg;260;1;1;122482;98.354;0.9822;0.6246;121967;1503.88;447.84;358.08;1.2507;0.6777;0.9903
260_R1_3dpi.jpg;260;1;3;128129;99.7557;0.1975;0.032;127558;1434.93;432.32;378.62;1.1418;0.7785;0.9864
260_R1_5dpi.jpg;260;1;5;130187;99.9754;0.0223;0;129626.5;1386.75;433.27;377.99;1.1462;0.8471;0.9948
260_R1_8dpi.jpg;260;1;8;135207;99.2804;0.4075;0.1901;134575.5;2038.5;450.19;392.28;1.1476;0.407;0.9785
260_R3_1dpi.jpg;260;3;1;109129;98.3542;0.8495;0.7523;108657.5;1372.6;447.26;318.29;1.4052;0.7247;0.9919
260_R3_3dpi.jpg;260;3;3;121134;99.5278;0.3137;0.066;120587.5;1437.2;454.35;341.91;1.3289;0.7336;0.9856
260_R3_5dpi.jpg;260;3;5;117646;99.9532;0.0425;0;117224;1512.61;450.7;338.73;1.3306;0.6438;0.9846
260_R3_8dpi.jpg;260;3;8;113548;95.8846;1.6839;2.3823;113116;1616.01;432.93;339.54;1.275;0.5443;0.9801
261_R1_1dpi.jpg;261;1;1;212470;99.591;0.3229;0.0781;211928;1840.12;596.74;458.88;1.3004;0.7865;0.994
261_R1_3dpi.jpg;261;1;3;212913;71.0835;12.4121;16.4302;212223.5;1870.99;589.06;468.6;1.2571;0.7618;0.9882
261_R1_5dpi.jpg;261;1;5;207061;38.9151;16.0933;43.4717;207383.5;1829.73;575.84;463.83;1.2415;0.7784;0.9821
261_R1_8dpi.jpg;261;1;8;209145;23.2819;13.2769;63.2953;208431;2833.57;586.89;468.08;1.2538;0.3262;0.9765
261_R2_1dpi.jpg;261;2;1;150043;99.3169;0.5152;0.0593;149347;1943.46;489.42;390.8;1.2524;0.4969;0.9723
261_R2_3dpi.jpg;261;2;3;143770;99.646;0.1697;0.0285;143031.5;1782.37;475.97;390.1;1.2201;0.5658;0.9604
261_R2_5dpi.jpg;261;2;5;158035;99.8127;0.1152;0.0386;157334;1683.07;493.29;412.65;1.1954;0.698;0.9753
261_R2_8dpi.jpg;261;2;8;159028;77.0147;16.5562;6.4184;158381.5;1638.34;494.89;411.25;1.2034;0.7415;0.9826
261_R3_1dpi.jpg;261;3;1;129565;99.6172;0.3018;0.0695;129051.5;1531;437.14;377.59;1.1577;0.6919;0.9656
261_R3_3dpi.jpg;261;3;3;141963;99.981;0.019;0;141325;1559.5;457.37;393.99;1.1609;0.7302;0.9568
261_R3_5dpi.jpg;261;3;5;142509;98.0584;1.5732;0.3565;141845;1579.64;461.31;394.96;1.168;0.7143;0.9552
261_R3_8dpi.jpg;261;3;8;142215;85.1359;2.4287;12.3011;141638.5;1626.05;456.27;397.89;1.1467;0.6732;0.9629
262_R1_1dpi.jpg;262;1;1;64237;99.9549;0.0358;0;63765;1069.18;308.24;282.34;1.0918;0.701;0.9713
262_R1_3dpi.jpg;262;1;3;65119;99.9033;0.0906;0.0031;64670.5;1018.22;308.01;279.83;1.1007;0.7838;0.9846
262_R1_5dpi.JPG;262;1;5;64942;99.7459;0.1771;0.0678;64505.5;1082.59;309.98;272.24;1.1386;0.6916;0.9687
262_R1_8dpi.jpg;262;1;8;65544;99.2555;0.5584;0.0626;65496;1232.74;318.27;275.27;1.1562;0.5416;0.9737
262_R2_1dpi.jpg;262;2;1;71395;98.0993;0.818;0.6513;70782.5;1513.43;319.87;283.11;1.1298;0.3883;0.9754
262_R2_3dpi.jpg;262;2;3;69858;99.1569;0.1975;0.0701;69330.5;1274.24;312.56;286.25;1.0919;0.5366;0.9767
262_R2_5dpi.jpg;262;2;5;73411;99.8679;0.1131;0;72968;1060.66;322.31;293.76;1.0972;0.8151;0.9808
262_R2_8dpi.jpg;262;2;8;73290;96.8277;3.0645;0.0996;72875.5;1054.82;322.33;290.37;1.1101;0.8231;0.9939
262_R3_1dpi.jpg;262;3;1;68493;98.4831;0.9709;0.492;68043.5;1057.82;312.51;277.75;1.1252;0.7641;0.9831
262_R3_3dpi.jpg;262;3;3;71607;99.8953;0.0866;0.0042;71143;1060.06;321.43;283.15;1.1352;0.7956;0.9759
262_R3_5dpi.jpg;262;3;5;67768;99.8642;0.1313;0.0015;67319.5;1049.13;312.17;276.31;1.1298;0.7686;0.982
262_R3_8dpi.jpg;262;3;8;68770;97.6749;1.3901;0.8812;68372;1037.23;313.86;279.22;1.1241;0.7986;0.9843
263_R1_1dpi.jpg;263;1;1;68563;94.0084;3.9074;1.8742;68255.5;1079.93;349.68;250.8;1.3943;0.7355;0.9926
263_R1_3dpi.jpg;263;1;3;72658;81.1253;10.1145;8.2482;72672.5;1191.87;359.01;260.74;1.3769;0.6429;0.9824
263_R1_5dpi.jpg;263;1;5;64210;61.7116;10.6681;27.4988;63827;1007.4;327.88;249.05;1.3165;0.7903;0.9861
263_R1_8dpi.jpg;263;1;8;68965;0.899;20.8729;77.9729;68446;1350.7;344.5;256.83;1.3413;0.4715;0.9785
263_R2_1dpi.jpg;263;2;1;83689;98.9545;0.5783;0.3394;83209.5;1369.07;398.62;272;1.4655;0.5579;0.9872
263_R2_3dpi.jpg;263;2;3;80271;99.6175;0.0498;0.0025;79837.5;1178.35;389.57;263.73;1.4771;0.7225;0.9889
263_R2_5dpi.jpg;263;2;5;85136;91.0085;1.426;7.535;84668.5;1150.9;398.96;273.78;1.4572;0.8033;0.9884
263_R2_8dpi.jpg;263;2;8;82895;5.893;42.3367;51.7703;82615;1131;387.45;277.03;1.3986;0.8116;0.9944
263_R3_1dpi.jpg;263;3;1;107283;99.039;0.8053;0.1081;106710.5;1418.09;452.99;303.92;1.4905;0.6668;0.9911
263_R3_3dpi.jpg;263;3;3;108115;99.9667;0.0277;0;107563.5;1321.04;456.77;308.31;1.4815;0.7745;0.9913
263_R3_5dpi.jpg;263;3;5;108602;99.5663;0.395;0.0295;108036;1317.63;455.14;307.98;1.4778;0.782;0.9902
263_R3_8dpi.jpg;263;3;8;108670;99.4552;0.3055;0.1905;108115.5;1343.38;461.05;309.63;1.489;0.7528;0.9952
264_R1_1dpi.jpg;264;1;1;65664;97.2283;2.1153;0.4995;65141.5;1297.07;333.73;250.6;1.3317;0.4866;0.9734
264_R1_3dpi.jpg;264;1;3;66602;99.1907;0.6501;0.0811;66164;1091.69;342.4;254.05;1.3478;0.6976;0.9704
264_R1_5dpi.jpg;264;1;5;64496;99.8837;0.0837;0.0047;64074.5;992.87;320.63;258.5;1.2404;0.8168;0.99
264_R1_8dpi.jpg;264;1;8;69833;96.2826;1.8201;1.4033;69549.5;1663.72;339.83;270.31;1.2572;0.3158;0.9717
264_R2_1dpi.jpg;264;2;1;87303;98.8431;0.2394;0.4811;86789;1509.88;369.38;308.6;1.197;0.4784;0.9834
264_R2_3dpi.jpg;264;2;3;85444;98.949;0.1943;0.1615;84907.5;1557.78;361.34;304.93;1.185;0.4397;0.98
264_R2_5dpi.jpg;264;2;5;91951;99.8923;0.0968;0;91433.5;1197.58;371.6;317.17;1.1716;0.8011;0.9941
264_R2_8dpi.jpg;264;2;8;87130;95.3059;4.5277;0.1572;86616.5;1342.52;370.63;299.91;1.2358;0.6039;0.9792
264_R3_1dpi.jpg;264;3;1;54119;99.6545;0.3067;0.0074;53778.5;937.64;309.1;222.21;1.391;0.7687;0.9883
264_R3_3dpi.jpg;264;3;3;57147;99.734;0.1207;0.1417;56777;936.51;316.29;231.76;1.3647;0.8135;0.9922
264_R3_5dpi.jpg;264;3;5;57570;99.5223;0.3231;0.1546;57182.5;963.64;316.77;232.22;1.3641;0.7738;0.9885
264_R3_8dpi.jpg;264;3;8;59647;90.3449;2.0487;7.4958;59295;976.45;312.92;242.87;1.2884;0.7815;0.9901
265_R1_1dpi.jpg;265;1;1;91118;99.696;0.2327;0.045;90697;1261.37;348.34;333.71;1.0438;0.7163;0.9903
265_R1_3dpi.jpg;265;1;3;96919;99.6905;0.2538;0.0413;96415.5;1253.89;360.17;339.7;1.0602;0.7706;0.9907
265_R1_5dpi.jpg;265;1;5;93019;99.8753;0.1129;0;92566.5;1211.55;354.73;334.91;1.0592;0.7925;0.9868
265_R1_8dpi.jpg;265;1;8;97344;98.7272;1.1547;0.0616;96599.5;1565.82;365.16;337.6;1.0816;0.4951;0.9748
265_R2_1dpi.jpg;265;2;1;98119;99.6912;0.2222;0.0132;97542;1440.48;378.23;337.84;1.1195;0.5907;0.9874
265_R2_3dpi.jpg;265;2;3;95873;99.806;0.122;0;95340.5;1281.81;378.59;322.92;1.1724;0.7292;0.9906
265_R2_5dpi.jpg;265;2;5;97086;99.9639;0.0361;0;96563;1232.6;392.78;314.53;1.2488;0.7987;0.9924
265_R2_8dpi.jpg;265;2;8;87933;99.8328;0.1638;0;87472;1196.11;387.79;291.75;1.3292;0.7683;0.9943
265_R3_1dpi.jpg;265;3;1;71629;98.657;1.068;0.1647;71230;1031.48;335.8;271.79;1.2355;0.8413;0.9935
265_R3_3dpi.jpg;265;3;3;75219;96.3799;1.3015;2.0872;74772;1094.23;339.5;279.88;1.213;0.7848;0.9922
265_R3_5dpi.jpg;265;3;5;73202;94.9441;2.7704;2.2855;72749;1160.54;341.52;274.97;1.242;0.6788;0.9891
265_R3_8dpi.jpg;265;3;8;76072;72.4629;7.8097;19.5907;75907.5;1210.24;337.02;286.47;1.1765;0.6513;0.9918
266_R1_1dpi.jpg;266;1;1;29552;81.0402;12.4594;5.6984;29407;810.92;210.3;189.41;1.1103;0.562;0.9297
266_R1_3dpi.jpg;266;1;3;26937;52.8641;18.3985;27.6349;26858;809.32;194.81;189.56;1.0277;0.5153;0.8612
266_R1_5dpi.jpg;266;1;5;24531;23.4193;21.8418;53.6301;24283;843.46;188.81;176.11;1.0721;0.4289;0.8304
266_R1_8dpi.jpg;266;1;8;28264;0.0743;1.3763;98.0081;28272;766.83;205.58;187.7;1.0952;0.6042;0.923
266_R2_1dpi.JPG;266;2;1;62475;98.2249;0.6499;0.2881;61595.5;2028.3;328.35;249.13;1.318;0.1881;0.8593
266_R2_3dpi.jpg;266;2;3;60431;96.6789;0.3475;0.7033;60602.5;2147.7;325.95;245.52;1.3276;0.1651;0.8567
266_R2_5dpi.jpg;266;2;5;66014;99.7667;0.2212;0;65413.5;1512.08;347.83;252.49;1.3776;0.3595;0.8717
266_R2_8dpi.jpg;266;2;8;63602;94.4624;5.4432;0.0613;63173;1418.73;337.73;247.08;1.3669;0.3944;0.898
266_R3_1dpi.jpg;266;3;1;61923;98.7065;1.1353;0.0904;61392;1292.14;352.24;227.8;1.5462;0.4621;0.8972
266_R3_3dpi.jpg;266;3;3;63303;99.8183;0.1738;0.0016;62736;1357.11;355.58;233.45;1.5231;0.4281;0.8889
266_R3_5dpi.jpg;266;3;5;63178;98.3903;1.328;0.277;62596.5;1377.69;352.56;230.19;1.5316;0.4144;0.8889
266_R3_8dpi.jpg;266;3;8;63427;84.5366;7.1894;6.6265;63156.5;1483.94;350.44;236.99;1.4787;0.3604;0.8871
267_R1_1dpi.jpg;267;1;1;53105;99.6196;0.3465;0.0132;52581.5;1130.9;327.74;232.11;1.412;0.5166;0.9488
267_R1_3dpi.jpg;267;1;3;55375;99.8628;0.1156;0.0054;54950;1092.37;322.9;248.79;1.2979;0.5787;0.9351
267_R1_5dpi.jpg;267;1;5;54586;99.8919;0.0696;0;54144.5;1102.9;306.73;251.4;1.2201;0.5594;0.9291
267_R1_8dpi.jpg;267;1;8;56468;97.2604;1.9905;0.1541;56701.5;1154.15;304.56;261.73;1.1636;0.5349;0.9657
267_R2_1dpi.jpg;267;2;1;34763;97.9892;1.0327;0.2215;34309.5;1269.61;261.18;178.57;1.4627;0.2675;0.898
267_R2_3dpi.jpg;267;2;3;29960;98.2977;0.5975;0.2236;29453.5;1218.3;267.34;154.84;1.7266;0.2494;0.8453
267_R2_5dpi.jpg;267;2;5;41262;99.8716;0.1139;0;40819.5;1080.9;276.55;192.56;1.4361;0.439;0.8828
267_R2_8dpi.jpg;267;2;8;36048;96.6988;3.2068;0.0638;35647;1006.43;273.06;175.89;1.5524;0.4422;0.8873
267_R3_1dpi.jpg;267;3;1;61001;98.759;0.8639;0.2672;60509.5;1262.38;344.06;238.4;1.4432;0.4771;0.8875
267_R3_3dpi.jpg;267;3;3;63950;99.8921;0.0954;0;63391;1311.51;332.28;250.85;1.3246;0.4631;0.8877
267_R3_5dpi.jpg;267;3;5;62304;97.5379;2.2936;0.1621;61796.5;1405.29;336.33;242.1;1.3892;0.3932;0.8818
267_R3_8dpi.jpg;267;3;8;66156;65.3244;16.3009;11.3338;66428;1603.76;331.43;269.41;1.2302;0.3246;0.875
268_R1_1dpi.jpg;268;1;1;76965;95.7799;2.431;1.654;76601;1153.28;366.8;269.55;1.3608;0.7237;0.9905
268_R1_3dpi.jpg;268;1;3;76690;98.1067;1.5348;0.2673;76380;1132.94;344.57;281.59;1.2236;0.7478;0.9879
268_R1_5dpi.jpg;268;1;5;70141;98.1124;1.755;0.1169;69704;1028.63;337.02;263.42;1.2794;0.8278;0.9887
268_R1_8dpi.jpg;268;1;8;73653;68.4643;17.8187;13.0911;73590;1692.9;348.54;271.1;1.2856;0.3227;0.9712
268_R2_1dpi.jpg;268;2;1;95973;97.789;0.2772;1.0691;95663;1755.1;360.79;339.78;1.0618;0.3903;0.9778
268_R2_3dpi.jpg;268;2;3;91496;96.743;0.1508;0.4667;91244;1701.01;353.74;329.68;1.073;0.3963;0.9718
268_R2_5dpi.jpg;268;2;5;96676;99.6504;0.3093;0;96163;1286.62;361.25;342.72;1.0541;0.73;0.9797
268_R2_8dpi.jpg;268;2;8;94824;96.3722;3.5497;0.0443;94342.5;1318.32;362.55;334.37;1.0843;0.6821;0.9796
268_R3_1dpi.jpg;268;3;1;106571;99.5684;0.3303;0.0854;106012.5;1308.15;444.29;302.18;1.4703;0.7785;0.9937
268_R3_3dpi.jpg;268;3;3;97156;99.9125;0.0823;0.0021;96627;1264.82;452.32;275.2;1.6436;0.759;0.9929
268_R3_5dpi.jpg;268;3;5;98649;99.1211;0.8566;0.002;98117;1273.99;446.39;282.46;1.5804;0.7597;0.993
268_R3_8dpi.jpg;268;3;8;101440;99.5337;0.3559;0.0039;100891.5;1329.98;445.25;291.66;1.5266;0.7168;0.9906
269_R1_1dpi.jpg;269;1;1;74616;99.8754;0.1193;0;74197;1102.71;392.38;249.13;1.575;0.7668;0.9941
269_R1_3dpi.jpg;269;1;3;75866;99.6072;0.3585;0.0198;75406.5;1113.1;386.96;255.71;1.5133;0.7648;0.9929
269_R1_5dpi.jpg;269;1;5;70671;99.9208;0.0495;0.0297;70210.5;1063.08;376.91;246.78;1.5273;0.7807;0.994
269_R1_8dpi.jpg;269;1;8;76647;96.0455;3.6622;0.154;76330.5;1218.5;379.74;264.98;1.4331;0.646;0.9901
269_R2_1dpi.jpg;269;2;1;79837;99.5491;0.1916;0.124;79344;1255.85;402.56;252.75;1.5927;0.6322;0.988
269_R2_3dpi.jpg;269;2;3;80335;99.2369;0.1954;0.2278;79744;1435.47;412.45;252.83;1.6313;0.4863;0.984
269_R2_5dpi.jpg;269;2;5;86039;99.8268;0.1418;0;85555.5;1179.27;418.96;264.33;1.585;0.7731;0.995
269_R2_8dpi.jpg;269;2;8;84693;95.5368;4.1963;0.2586;84207;1184.28;423.01;252.35;1.6763;0.7545;0.9876
269_R3_1dpi.jpg;269;3;1;99500;97.8171;1.7367;0.3588;98983;1372.65;456.27;274.83;1.6602;0.6602;0.9916
269_R3_3dpi.jpg;269;3;3;101016;99.7951;0.1881;0.0069;100471;1335.88;469.04;275.44;1.7029;0.7075;0.9915
269_R3_5dpi.jpg;269;3;5;98918;99.9131;0.0869;0;98367;1323.39;461.41;275.37;1.6756;0.7058;0.987
269_R3_8dpi.jpg;269;3;8;99797;98.511;0.8788;0.5181;99172.5;1485.66;471.01;275.2;1.7115;0.5646;0.988
270_R1_1dpi.jpg;270;1;1;127266;98.2281;0.8997;0.561;126707.5;1545.92;418.83;387.92;1.0797;0.6663;0.9843
270_R1_3dpi.jpg;270;1;3;135103;97.0941;1.8445;0.7935;134091.5;1945.2;433.72;397.31;1.0916;0.4453;0.9719
270_R1_5dpi.jpg;270;1;5;122663;98.2864;1.2604;0.3978;122125.5;1367.43;422.67;375.46;1.1258;0.8207;0.9874
270_R1_8dpi.jpg;270;1;8;127961;90.9973;7.8719;0.7768;127636;1983.23;439.3;378.39;1.161;0.4078;0.9771
270_R2_1dpi.jpg;270;2;1;147968;98.7855;0.3595;0.4569;147382;2029.35;464.34;406.6;1.142;0.4497;0.9746
270_R2_3dpi.jpg;270;2;3;141028;98.6953;0.1631;0.4616;140414;2019.95;444.8;403.71;1.1018;0.4325;0.9759
270_R2_5dpi.jpg;270;2;5;151016;99.6563;0.204;0.1026;150392.5;1548.46;471.2;408.31;1.154;0.7882;0.9825
270_R2_8dpi.jpg;270;2;8;140007;45.2706;51.4174;3.2998;139413.5;1551.66;451.09;395.26;1.1413;0.7277;0.9851
270_R3_1dpi.jpg;270;3;1;99312;99.4291;0.4038;0.1299;98816;1316.76;391.03;335.87;1.1642;0.7162;0.9869
270_R3_3dpi.jpg;270;3;3;102964;99.7737;0.2069;0.0117;102424.5;1324.2;381.8;346.95;1.1005;0.734;0.9815
270_R3_5dpi.jpg;270;3;5;103767;99.8766;0.1099;0.0029;103232;1292.62;383.89;346.88;1.1067;0.7764;0.9745
270_R3_8dpi.jpg;270;3;8;103836;86.2755;7.092;5.291;103886.5;1472.12;391.81;341.32;1.1479;0.6024;0.9866
271_R1_1dpi.jpg;271;1;1;145438;99.6878;0.2042;0.0103;144909;1856.8;493.05;379.05;1.3007;0.5282;0.986
271_R1_3dpi.jpg;271;1;3;146647;99.882;0.0907;0.0157;146159;1673.95;484.97;390.56;1.2417;0.6555;0.9915
271_R1_5dpi.jpg;271;1;5;143388;99.8452;0.1088;0.0439;142844;1523.21;483.74;381.85;1.2669;0.7737;0.9913
271_R1_8dpi.jpg;271;1;8;147765;97.9515;1.3386;0.5773;148290;2060.22;495.41;389.76;1.2711;0.439;0.9709
271_R2_1dpi.jpg;271;2;1;97076;99.9598;0.0216;0.001;96508;1307.22;396.24;317.05;1.2498;0.7097;0.9807
271_R2_3dpi.jpg;271;2;3;104532;94.9183;0.1999;0.1196;105997;1613.62;406.76;337.8;1.2042;0.5116;0.9835
271_R2_5dpi.jpg;271;2;5;112851;59.3925;24.8992;15.6622;112311.5;1325.1;410.89;351.79;1.168;0.8038;0.9899
271_R2_8dpi.jpg;271;2;8;105269;0.0066;0.8103;99.1811;104676;1380.25;396.59;346.16;1.1457;0.6905;0.9906
272_R1_1dpi.jpg;272;1;1;31552;99.9017;0.0919;0;31284.5;714.28;230.54;175.36;1.3146;0.7705;0.9909
272_R1_3dpi.jpg;272;1;3;28766;99.9826;0.0174;0;28477.5;672.54;228.44;164.96;1.3848;0.7912;0.9883
272_R1_5dpi.jpg;272;1;5;29758;99.916;0.084;0;29470;675.9;228.68;167.96;1.3615;0.8106;0.9918
272_R1_8dpi.jpg;272;1;8;29930;99.6659;0.3174;0;29607.5;709.03;227.88;168.91;1.3492;0.7401;0.9882
272_R2_1dpi.jpg;272;2;1;31815;96.1748;0.6129;1.6879;31515.5;1131.64;236.83;172.39;1.3738;0.3093;0.9596
272_R2_3dpi.jpg;272;2;3;32727;88.4255;0.2108;0.9778;34224;1640.04;242.29;181.84;1.3324;0.1599;0.9317
272_R2_5dpi.jpg;272;2;5;38443;99.6826;0.2913;0;38128;795.92;245.89;200.56;1.226;0.7563;0.9915
272_R2_8dpi.jpg;272;2;8;36262;46.0206;35.6627;18.3167;35951;738.81;244.09;187.27;1.3034;0.8277;0.9931
273_R1_1dpi.jpg;273;1;1;50597;98.3458;1.2708;0.1818;50218.5;887.34;262.16;248.36;1.0556;0.8015;0.9903
273_R1_3dpi.jpg;273;1;3;50578;99.8675;0.1147;0.002;50204.5;868.36;264.17;244.06;1.0824;0.8367;0.9861
273_R1_5dpi.jpg;273;1;5;49989;99.3839;0.4561;0.154;49617.5;859.05;263.46;239.74;1.0989;0.8449;0.9849
273_R1_8dpi.jpg;273;1;8;52138;98.7476;0.8516;0.28;51971;1187.37;265.82;253.57;1.0483;0.4632;0.9758
273_R2_1dpi.jpg;273;2;1;29734;98.9305;0.3733;0.2892;29352.5;878.59;223.15;170.82;1.3063;0.4778;0.9713
273_R2_3dpi.jpg;273;2;3;32405;98.8243;0.5215;0.2716;32086.5;887.13;230.24;178.87;1.2872;0.5123;0.977
273_R2_5dpi.jpg;273;2;5;33068;99.7792;0.1996;0;32772.5;705.45;237.43;175.24;1.3549;0.8275;0.9927
273_R2_8dpi.jpg;273;2;8;33748;87.8897;12.0452;0.0563;33449.5;718.91;238.73;181.02;1.3188;0.8133;0.9928
273_R3_1dpi.jpg;273;3;1;51452;99.8601;0.1283;0.0097;51071;879.49;266.17;247.59;1.075;0.8297;0.9909
273_R3_3dpi.jpg;273;3;3;54916;99.9618;0.0328;0;54521;905.84;274.03;257.42;1.0645;0.835;0.9875
273_R3_5dpi.jpg;273;3;5;55118;99.8186;0.1742;0;54725.5;908.36;273.39;255.23;1.0712;0.8334;0.9897
273_R3_8dpi.jpg;273;3;8;54198;95.2268;1.6089;2.9983;53803;975.72;273.43;254.15;1.0759;0.7102;0.9758
274_R1_1dpi.jpg;274;1;1;172394;99.6346;0.3417;0.0064;171526;2086.29;510.86;433.68;1.1779;0.4952;0.9825
274_R1_3dpi.jpg;274;1;3;196518;99.9476;0.0417;0;195586;1825.32;559.49;460.06;1.2161;0.7377;0.9867
274_R1_5dpi.jpg;274;1;5;193534;99.985;0.0145;0;192773.5;1821.88;543.95;460.14;1.1822;0.7298;0.9799
274_R1_8dpi.jpg;274;1;8;198997;99.2784;0.5101;0.1492;198336.5;2256.61;565.1;467.18;1.2096;0.4894;0.9877
274_R2_1dpi.jpg;274;2;1;184484;99.4612;0.2531;0.2103;183654;1982.52;516.57;460.66;1.1214;0.5872;0.9824
274_R2_3dpi.jpg;274;2;3;187198;99.5443;0.2441;0.1106;186437;1963.75;527.07;451.06;1.1685;0.6075;0.9892
274_R2_5dpi.jpg;274;2;5;195732;99.7793;0.1727;0.0332;194981.5;1786.17;534.96;473.7;1.1293;0.768;0.9864
274_R2_8dpi.jpg;274;2;8;188912;99.0286;0.9274;0.0439;188198.5;1707.74;529.05;459.97;1.1502;0.8109;0.9895
276_R1_1dpi.jpg;276;1;1;25165;99.3046;0.5126;0.1272;24868.5;880.1;271.04;121.23;2.2358;0.4035;0.9764
276_R1_3dpi.jpg;276;1;3;29511;98.4616;1.2063;0.1965;29115.5;942.87;277.78;136.51;2.0349;0.4116;0.9692
276_R1_5dpi.jpg;276;1;5;27444;99.8761;0.1166;0.0073;27142;725.01;272.89;128.27;2.1275;0.6489;0.9859
276_R1_8dpi.jpg;276;1;8;27486;98.9995;0.8732;0.0073;27083.5;877.13;272.87;132.06;2.0662;0.4424;0.9753
277_R1_1dpi.jpg;277;1;1;102167;99.6447;0.3191;0.0098;101605.5;1281.83;421.07;308.92;1.3631;0.7771;0.991
277_R1_3dpi.jpg;277;1;3;103131;99.9486;0.0417;0;102609;1243.51;421.69;309.55;1.3623;0.8339;0.9955
277_R1_5dpi.jpg;277;1;5;97743;99.9734;0.0164;0;97234.5;1213.41;405.04;306.24;1.3226;0.8299;0.9941
277_R1_8dpi.jpg;277;1;8;101730;99.4092;0.518;0.0462;101233;1269.99;422.12;306.49;1.3773;0.7887;0.995
277_R2_1dpi.jpg;277;2;1;53404;94.1409;0.764;2.4418;53323.5;1394.58;297.45;230.35;1.2913;0.3445;0.9702
277_R2_3dpi.jpg;277;2;3;55625;94.8225;0.0791;0.9133;56448.5;2012.17;319.21;229.02;1.3938;0.1752;0.9433
277_R2_5dpi.jpg;277;2;5;66265;99.4884;0.4286;0.0241;65821.5;1052.07;334.46;251.96;1.3274;0.7473;0.9931
277_R2_8dpi.jpg;277;2;8;62798;78.6872;19.835;1.4714;62384.5;1056.87;324.77;253.65;1.2804;0.7018;0.99
277_R3_1dpi.jpg;277;3;1;125781;98.9339;0.7084;0.3061;125264;1391.39;456.97;351.88;1.2986;0.8131;0.9954
277_R3_3dpi.jpg;277;3;3;128005;96.915;0.9976;2.071;127421.5;1400.6;454.38;357.98;1.2693;0.8162;0.9936
277_R3_5dpi.jpg;277;3;5;127360;84.0405;8.1682;7.7913;126779.5;1429.92;460.93;351.12;1.3127;0.7792;0.9924
277_R3_8dpi.jpg;277;3;8;115072;34.5219;26.2679;39.0034;114739.5;1463.11;456.57;323.08;1.4132;0.6735;0.9913
279_R1_1dpi.jpg;279;1;1;59193;99.3648;0.6268;0;58797;948.23;289.19;261.2;1.1071;0.8217;0.9941
279_R1_3dpi.jpg;279;1;3;61623;82.1674;8.8262;8.8993;61233.5;975.84;298.73;260.78;1.1455;0.808;0.9927
279_R1_5dpi.jpg;279;1;5;56756;58.3639;13.7148;27.6499;56392.5;931.02;291.85;249.45;1.17;0.8176;0.9904
279_R1_8dpi.jpg;279;1;8;61531;0.0471;0.8809;98.8786;61212.5;1160.84;295.53;264.2;1.1186;0.5708;0.9819
279_R2_1dpi.jpg;279;2;1;76428;97.9497;1.1632;0.6608;76121;1469.82;361.17;273.68;1.3197;0.4428;0.9817
279_R2_3dpi.jpg;279;2;3;71779;98.9635;0.2299;0.1337;71261.5;1404.04;356.88;259.67;1.3744;0.4543;0.9768
279_R2_5dpi.jpg;279;2;5;75157;99.7898;0.1703;0.0333;74706;1071.89;357.49;268.87;1.3296;0.8171;0.9931
279_R2_8dpi.jpg;279;2;8;73487;12.5247;68.2529;19.202;73059.5;1156.78;357.94;261.45;1.3691;0.6861;0.9907
279_R3_1dpi.jpg;279;3;1;67701;97.9454;1.2998;0.6588;67306;1019.66;329.17;263.19;1.2507;0.8135;0.9915
279_R3_3dpi.jpg;279;3;3;72300;99.8036;0.1729;0.0014;71854;1031.18;333.08;278.64;1.1954;0.8492;0.9901
279_R3_5dpi.jpg;279;3;5;69639;99.3682;0.4667;0.1623;69204;1047.8;328.37;269.83;1.217;0.7921;0.9903
279_R3_8dpi.jpg;279;3;8;70036;96.8131;0.7453;2.4188;69625.5;1073.3;329.03;273.54;1.2029;0.7595;0.9924
280_R1_1dpi.JPG;280;1;1;274114;99.9445;0.0471;0;273251;2064.22;638.33;548.4;1.164;0.8059;0.987
280_R1_3dpi.jpg;280;1;3;263922;99.6101;0.2126;0.114;263039.5;2439.91;660.28;522.34;1.2641;0.5552;0.9912
280_R1_5dpi.jpg;280;1;5;253196;99.97;0.0241;0;252418.5;1955.92;643.29;503.37;1.278;0.8291;0.9937
280_R1_8dpi.jpg;280;1;8;271591;98.8711;0.5501;0.4186;271314.5;2332.23;658.06;526.71;1.2494;0.6268;0.99
280_R2_1dpi.jpg;280;2;1;226830;99.8188;0.0741;0.03;226293.5;2005.96;573.56;504.41;1.1371;0.7067;0.9924
280_R2_3dpi.jpg;280;2;3;223343;99.8442;0.0309;0.0264;222636.5;1938.93;571.11;501.7;1.1383;0.7442;0.9866
280_R2_5dpi.jpg;280;2;5;221858;99.8747;0.1163;0;221094;1899.15;572.97;493.2;1.1618;0.7703;0.9924
280_R2_8dpi.jpg;280;2;8;227010;98.4573;1.4678;0.0714;226315.5;1903.87;572.17;504.79;1.1335;0.7846;0.9948
280_R3_1dpi.jpg;280;3;1;280294;99.8594;0.1238;0.01;279301.5;2247.9;649.72;549.16;1.1831;0.6946;0.9858
280_R3_3dpi.jpg;280;3;3;279304;99.9782;0.014;0.0004;278323.5;2180.79;674.5;527.72;1.2781;0.7354;0.9854
280_R3_5dpi.jpg;280;3;5;262618;99.9021;0.0925;0.0046;262122.5;2091.27;678.54;497.44;1.3641;0.7532;0.9832
280_R3_8dpi.jpg;280;3;8;252061;99.0629;0.3797;0.5376;251461.5;2143.7;686.79;471.12;1.4578;0.6876;0.9786
281_R1_1dpi.jpg;281;1;1;196434;99.2252;0.534;0.2265;195752;1758.9;570.33;444.29;1.2837;0.7951;0.9935
281_R1_3dpi.jpg;281;1;3;223886;97.9199;1.855;0.1724;223214;2094.29;593.89;484.12;1.2267;0.6395;0.9904
281_R1_5dpi.jpg;281;1;5;206197;99.7085;0.1906;0.0926;205456.5;1759.97;578.46;456.53;1.2671;0.8335;0.9882
281_R1_8dpi.jpg;281;1;8;208606;91.6656;6.8263;1.2459;208656;2119.11;595.03;450.26;1.3215;0.5839;0.9841
281_R2_1dpi.jpg;281;2;1;216030;99.2779;0.1676;0.3157;215217.5;2271.02;599.38;466.52;1.2848;0.5244;0.9879
281_R2_3dpi.jpg;281;2;3;218611;99.6405;0.0462;0.0389;217814;1998.84;600.79;474.95;1.265;0.6851;0.9906
281_R2_5dpi.jpg;281;2;5;234973;99.8574;0.126;0;234224.5;1902.17;618.72;495.93;1.2476;0.8135;0.9963
281_R2_8dpi.jpg;281;2;8;231192;56.9514;20.5375;22.4995;230403;2052.43;614.51;485.7;1.2652;0.6873;0.9857
281_R3_1dpi.jpg;281;3;1;199905;99.7834;0.1771;0.0185;199221;1955.18;604.39;431.87;1.3994;0.6549;0.9909
281_R3_3dpi.jpg;281;3;3;192588;99.7913;0.1303;0.0613;191802;1783.25;614.51;406.35;1.5123;0.7579;0.9928
281_R3_5dpi.jpg;281;3;5;190931;97.7924;2.04;0.1425;190181;1787.13;600.62;410.09;1.4646;0.7483;0.9918
281_R3_8dpi.jpg;281;3;8;180107;49.3562;25.848;20.5295;182285;1805.13;596.56;396.67;1.5039;0.703;0.9841
282_R1_1dpi.jpg;282;1;1;171585;97.8769;0.799;1.3031;170903;1656.11;540.17;420.93;1.2833;0.783;0.9886
282_R1_3dpi.jpg;282;1;3;168164;97.9353;0.8403;1.1632;167557;1733.73;515.33;421.04;1.224;0.7005;0.9913
282_R1_5dpi.jpg;282;1;5;164234;99.6426;0.2892;0.0426;163551.5;1609.98;514.31;408.2;1.2599;0.7929;0.995
282_R1_8dpi.jpg;282;1;8;170563;79.7271;18.2115;1.5777;171365;2026.33;528.87;422.98;1.2503;0.5245;0.9919
282_R2_1dpi.jpg;282;2;1;51254;99.362;0.3258;0.0527;50744.5;1159.87;324.71;203.19;1.5981;0.474;0.9771
282_R2_3dpi.jpg;282;2;3;72288;99.5089;0.1383;0.0166;71802.5;1206.09;348.4;264.2;1.3187;0.6203;0.9839
282_R2_5dpi.jpg;282;2;5;77238;99.8602;0.1165;0.0117;76771;1093.89;363.92;273.41;1.331;0.8062;0.9894
282_R2_8dpi.jpg;282;2;8;74620;82.4698;14.8258;2.5931;74084;1149;374.6;257.93;1.4523;0.7052;0.9875
282_R3_1dpi.jpg;282;3;1;107069;98.3366;0.9704;0.5847;106550.5;1301.29;429.08;327.12;1.3117;0.7907;0.991
282_R3_3dpi.jpg;282;3;3;125346;99.6609;0.2066;0.1149;124761;1384.3;439.1;363.79;1.207;0.8181;0.9939
282_R3_5dpi.jpg;282;3;5;121754;98.5849;1.1499;0.2333;121101;1541.3;434.93;357.32;1.2172;0.6406;0.9901
282_R3_8dpi.jpg;282;3;8;118780;82.4053;3.6311;13.8584;118244.5;1454.23;434.62;354.02;1.2277;0.7026;0.9935
283_R1_1dpi.jpg;283;1;1;129877;99.7336;0.1894;0.0693;129255.5;1494.46;484.41;359.78;1.3464;0.7273;0.9617
283_R1_3dpi.jpg;283;1;3;129372;64.6794;19.8111;14.6662;129060;1576.08;474.81;358.18;1.3256;0.6529;0.9635
283_R1_5dpi.jpg;283;1;5;125284;12.5579;10.8936;76.4671;124759.5;1480.75;471.24;357.09;1.3197;0.715;0.9424
283_R1_8dpi.jpg;283;1;8;116698;3.7524;15.5264;80.6183;116366.5;1555.89;469.91;323.96;1.4505;0.6041;0.9467
283_R2_1dpi.jpg;283;2;1;81632;99.7023;0.1519;0.0172;81120;1376.59;384.2;280.23;1.371;0.5379;0.9596
283_R2_3dpi.jpg;283;2;3;89890;99.6596;0.1313;0.0534;89400;1341.96;394.39;295.57;1.3343;0.6238;0.9801
283_R2_5dpi.jpg;283;2;5;93504;99.954;0.0438;0;92960;1304.7;402.6;299.9;1.3424;0.6862;0.977
283_R2_8dpi.jpg;283;2;8;92454;98.715;1.272;0.0054;91934.5;1329.57;407.98;299.17;1.3637;0.6535;0.9756
283_R3_1dpi.jpg;283;3;1;133409;99.2864;0.473;0.2279;132768;1599.76;496.06;352;1.4093;0.6519;0.9717
283_R3_3dpi.jpg;283;3;3;139329;98.7375;0.4866;0.7665;138711.5;1512.26;491.13;367.19;1.3375;0.7622;0.976
283_R3_5dpi.jpg;283;3;5;134091;92.96;4.5536;2.4826;137089.5;1510.95;489.12;363.67;1.345;0.7546;0.975
283_R3_8dpi.jpg;283;3;8;127917;59.3455;17.3691;22.3997;127955;1627.36;483.07;346.71;1.3933;0.6072;0.9825
284_R1_1dpi.jpg;284;1;1;116146;97.9775;0.9015;1.0711;115660;1406.2;420.35;350.35;1.1998;0.735;0.9828
284_R1_3dpi.jpg;284;1;3;111994;98.8446;1.0474;0.0902;111528;1412.56;434.05;326.1;1.331;0.7024;0.9751
284_R1_5dpi.jpg;284;1;5;109812;98.3872;1.1438;0.4162;109280;1323.71;412.51;348.23;1.1846;0.7837;0.9806
284_R1_8dpi.jpg;284;1;8;111799;89.5151;8.8847;1.3327;111357.5;1432.64;420.19;340.22;1.2351;0.6818;0.9802
284_R2_1dpi.jpg;284;2;1;54327;98.2642;1.3861;0.0387;54088.5;1049.44;291.8;240.31;1.2142;0.6172;0.9853
284_R2_3dpi.jpg;284;2;3;64382;99.6878;0.1367;0.0357;63887;1104.31;308.56;265.89;1.1605;0.6583;0.9704
284_R2_5dpi.jpg;284;2;5;69893;99.8254;0.1602;0;69452;1041.2;320.47;277.53;1.1547;0.8051;0.979
284_R2_8dpi.jpg;284;2;8;70241;77.4462;16.7765;5.7758;69811.5;1028.13;311.77;288.04;1.0824;0.8299;0.9807
284_R3_1dpi.jpg;284;3;1;104072;99.9279;0.0644;0;103640;1328.85;479.35;294.82;1.6259;0.7375;0.989
284_R3_3dpi.jpg;284;3;3;110246;99.9692;0.0281;0;109674;1352.42;493.06;291.23;1.693;0.7535;0.9903
284_R3_5dpi.jpg;284;3;5;110781;98.998;0.7835;0.2139;110202;1375.05;501.05;289.04;1.7335;0.7324;0.9912
284_R3_8dpi.jpg;284;3;8;106133;91.2572;3.8847;3.1621;106446.5;1427.52;503.15;278.32;1.8078;0.6564;0.9829
285_R1_1dpi.jpg;285;1;1;148047;99.028;0.8423;0.104;147565.5;1491.55;497.98;378.69;1.315;0.8335;0.9961
285_R1_3dpi.jpg;285;1;3;164194;98.6467;0.941;0.3612;163481;1715.76;510.3;414.64;1.2307;0.6979;0.9937
285_R1_5dpi.jpg;285;1;5;154783;70.8786;11.7061;17.321;154205.5;1560.69;488.85;405.5;1.2056;0.7956;0.9951
285_R1_8dpi.jpg;285;1;8;156383;0.0748;2.1307;97.6532;156571.5;1934.82;492.19;421.72;1.1671;0.5256;0.987
285_R2_1dpi.jpg;285;2;1;157519;99.3245;0.5022;0.139;156867.5;1738.69;475.92;426.33;1.1163;0.6521;0.9899
285_R2_3dpi.jpg;285;2;3;152604;99.8263;0.0485;0.0256;151977;1585.27;464.97;419.55;1.1083;0.7599;0.9934
285_R2_5dpi.jpg;285;2;5;162710;99.9613;0.0332;0.0006;162123.5;1674.51;476.28;436.97;1.09;0.7266;0.9918
285_R2_8dpi.JPG;285;2;8;154931;90.5009;9.0679;0.4299;154314;1606.04;468.34;421.87;1.1102;0.7518;0.9845
285_R3_1dpi.jpg;285;3;1;197830;99.0765;0.5409;0.3038;197194.5;1786.49;571;441.72;1.2927;0.7764;0.9941
285_R3_3dpi.jpg;285;3;3;193858;97.5823;0.9822;1.1431;193418.5;1756.72;574.08;445.07;1.2899;0.7876;0.9883
285_R3_5dpi.jpg;285;3;5;197848;71.3548;20.9626;7.6695;197048;1941.36;568.97;443.38;1.2832;0.657;0.9879
285_R3_8dpi.jpg;285;3;8;167867;0.053;7.3332;92.5292;167370;1734.76;543.17;394.2;1.3779;0.6989;0.9948
286_R1_1dpi.jpg;286;1;1;202012;98.5867;0.8579;0.5054;201393.5;2054.68;562.64;455.7;1.2347;0.5995;0.9869
286_R1_3dpi.jpg;286;1;3;211848;99.1447;0.5155;0.3073;211095;1908.95;564.36;485.62;1.1621;0.7279;0.9869
286_R1_5dpi.jpg;286;1;5;198161;98.804;0.5773;0.5884;197441;1718.18;550.02;462.89;1.1882;0.8404;0.9931
286_R1_8dpi.jpg;286;1;8;204614;48.2655;27.5499;24.0247;204352.5;2094.58;553.89;481.68;1.1499;0.5853;0.9905
286_R3_1dpi.jpg;286;3;1;137053;99.8227;0.1372;0.0109;136412.5;1963.22;547.39;349.64;1.5656;0.4448;0.9267
286_R3_3dpi.jpg;286;3;3;129376;99.9026;0.068;0.0255;128694.5;1598.69;532.4;331.9;1.6041;0.6328;0.9248
286_R3_5dpi.jpg;286;3;5;129195;99.2376;0.692;0.0681;128453;1660.18;554.4;324.14;1.7103;0.5857;0.9277
286_R3_8dpi.jpg;286;3;8;134886;34.2993;45.7935;18.9916;134605.5;1802.45;554.05;333.29;1.6623;0.5206;0.9273
287_R1_1dpi.jpg;287;1;1;136150;99.8201;0.1682;0.0022;135638.5;1538.49;475;367.79;1.2915;0.7201;0.9949
287_R1_3dpi.jpg;287;1;3;141406;99.9406;0.0559;0;140771;1480.16;487.88;369.86;1.3191;0.8074;0.9933
287_R1_5dpi.jpg;287;1;5;138646;99.9611;0.0303;0;138050.5;1464.12;477.79;372.51;1.2826;0.8093;0.9943
287_R1_8dpi.jpg;287;1;8;143116;99.4075;0.4598;0.0259;142718.5;1608.43;492.64;374.03;1.3171;0.6932;0.9942
287_R2_1dpi.jpg;287;2;1;182144;97.9708;0.3316;1.4187;181788.5;2469.73;538.91;444.66;1.212;0.3745;0.9862
287_R2_3dpi.jpg;287;2;3;177670;99.5976;0.1199;0.0659;176817.5;2092.19;540.83;436.82;1.2381;0.5076;0.9854
287_R2_5dpi.jpg;287;2;5;186667;99.5725;0.2759;0.1141;186103;1940.35;547.88;443.09;1.2365;0.6212;0.9886
287_R2_8dpi.jpg;287;2;8;152841;98.0444;1.6965;0.2584;152136;1808.84;516.95;439.53;1.1761;0.5843;0.8594
287_R3_1dpi.jpg;287;3;1;140983;99.9007;0.0603;0.0241;140298.5;1545.11;486.61;377.24;1.2899;0.7385;0.9932
287_R3_3dpi.jpg;287;3;3;120191;99.9734;0.0175;0.0017;119531;1523.13;506.96;306.28;1.6552;0.6475;0.9917
287_R3_5dpi.jpg;287;3;5;129723;98.9693;0.9682;0.0624;129455.5;1433.66;514.43;325.8;1.579;0.7915;0.9944
287_R3_8dpi.jpg;287;3;8;124285;78.6129;11.4302;9.8371;123713.5;1542.57;492.88;325.9;1.5124;0.6533;0.9915
288_R1_1dpi.jpg;288;1;1;142979;99.9601;0.0343;0;142353.5;1526.29;498.6;368.42;1.3534;0.7679;0.9848
288_R1_3dpi.jpg;288;1;3;149617;99.988;0.0067;0;148964;1598.04;503.08;383.49;1.3118;0.733;0.9804
288_R1_5dpi.jpg;288;1;5;145402;99.9608;0.0296;0.0055;144739.5;1585.17;503.97;373.59;1.349;0.7238;0.9767
288_R1_8dpi.jpg;288;1;8;145201;99.8898;0.0744;0.0351;144536;1598.39;504.18;375.38;1.3431;0.7109;0.9695
288_R2_1dpi.jpg;288;2;1;101699;99.8378;0.118;0.0108;101350.5;1473.09;467.72;275.66;1.6967;0.5869;0.9882
288_R2_3dpi.jpg;288;2;3;103255;99.8789;0.0678;0;102682.5;1354.86;468.62;281.27;1.6661;0.7029;0.981
288_R2_5dpi.jpg;288;2;5;96553;99.9472;0.0445;0;96019.5;1316.46;477.24;257.19;1.8556;0.6962;0.9792
288_R2_8dpi.jpg;288;2;8;84510;97.6594;2.2234;0.097;84865.5;1247.98;480.46;229.72;2.0915;0.6847;0.9822
289_R1_1dpi.jpg;289;1;1;102541;98.9604;0.59;0.3901;101975.5;1360.18;392.65;335.36;1.1708;0.6927;0.961
289_R1_3dpi.jpg;289;1;3;111225;99.1693;0.5808;0.1726;110653.5;1392.38;438.14;322.04;1.3605;0.7172;0.9655
289_R1_5dpi.jpg;289;1;5;101735;99.7847;0.2045;0.001;101163.5;1328.84;430.8;299.72;1.4373;0.7199;0.9659
289_R1_8dpi.jpg;289;1;8;113824;97.3986;1.9416;0.3382;114066.5;1760.33;430.28;346.4;1.2421;0.4626;0.9874
289_R2_1dpi.jpg;289;2;1;75694;98.9444;0.2114;0.5073;75089.5;1535.57;361.84;269.52;1.3425;0.4002;0.9719
289_R2_3dpi.jpg;289;2;3;115490;99.0588;0.181;0.194;114690;2185.69;421.15;354.81;1.187;0.3017;0.9321
289_R2_5dpi.jpg;289;2;5;126110;99.6907;0.2633;0.0159;125481.5;1555.4;449.22;367.93;1.221;0.6518;0.946
289_R2_8dpi.jpg;289;2;8;124144;96.3293;3.1802;0.4833;123552;1607.33;436.27;378.56;1.1524;0.601;0.943
290_R1_1dpi.jpg;290;1;1;155619;99.1428;0.4922;0.3354;154984;1756.08;478.43;420.66;1.1373;0.6316;0.9864
290_R1_3dpi.jpg;290;1;3;156364;99.065;0.5487;0.3326;155875.5;1629.01;494.52;417.51;1.1845;0.7381;0.9816
290_R1_5dpi.jpg;290;1;5;148325;82.3165;7.8065;9.7967;147659.5;1657.15;481.67;412.7;1.1671;0.6757;0.9598
290_R1_8dpi.jpg;290;1;8;160842;0.0553;7.6821;92.0804;160746;1934.9;499.87;426.21;1.1728;0.5396;0.9872
290_R2_1dpi.jpg;290;2;1;115811;98.6728;0.7763;0.3445;115022.5;2402.47;425.76;363.63;1.1708;0.2504;0.8953
290_R2_3dpi.jpg;290;2;3;121514;99.7408;0.1374;0.0165;120651;1967.81;411.13;385.55;1.0664;0.3915;0.8893
290_R2_5dpi.jpg;290;2;5;126332;99.909;0.0625;0;125528.5;1893.54;413.99;390.57;1.06;0.4399;0.8876
290_R2_8dpi.jpg;290;2;8;126668;99.4592;0.5147;0;125881.5;1893.48;420.75;387.76;1.0851;0.4412;0.8966
290_R3_1dpi.jpg;290;3;1;181341;99.7607;0.2134;0.0099;180529.5;2123.53;529.85;444.8;1.1912;0.5031;0.9191
290_R3_3dpi.jpg;290;3;3;183039;99.8432;0.0923;0.0519;182179.5;2030.48;508.15;458.66;1.1079;0.5553;0.9266
290_R3_5dpi.jpg;290;3;5;184094;85.8708;13.354;0.748;183236.5;2035.85;512.55;462.32;1.1087;0.5556;0.9224
290_R3_8dpi.jpg;290;3;8;181353;21.8894;14.5534;60.8675;183357.5;2365.25;521.09;461.84;1.1283;0.4119;0.9195
291_R1_1dpi.jpg;291;1;1;90783;99.1694;0.4836;0.2908;90216.5;1346.38;373.32;316.86;1.1782;0.6254;0.9323
291_R1_3dpi.jpg;291;1;3;99253;99.3008;0.4292;0.1975;98616.5;1521.37;394.46;326.27;1.209;0.5354;0.9246
291_R1_5dpi.jpg;291;1;5;95154;99.7478;0.2102;0.0053;94541;1431.45;374.22;322.02;1.1621;0.5798;0.9237
291_R1_8dpi.jpg;291;1;8;100936;96.0034;2.9752;0.8035;100888;1446.91;394.45;339.81;1.1608;0.6056;0.9673
291_R2_1dpi.jpg;291;2;1;167673;95.5246;1.6449;2.3158;168049;2939.47;483.81;445.95;1.0849;0.2444;0.9651
291_R2_3dpi.jpg;291;2;3;165586;99.5742;0.1546;0.0815;164496;2576.07;473.29;453.41;1.0438;0.3115;0.8887
291_R2_5dpi.jpg;291;2;5;170979;99.4999;0.3726;0.0749;170075;2300.08;482.48;464.06;1.0397;0.404;0.8798
291_R2_8dpi.jpg;291;2;8;173409;57.8223;31.3703;10.797;172640;2221.11;488.23;464.78;1.0504;0.4398;0.8906
291_R3_1dpi.jpg;291;3;1;166894;99.5207;0.4158;0.0497;166085;2077.31;491.03;440.17;1.1156;0.4837;0.8962
291_R3_3dpi.jpg;291;3;3;171276;98.6735;0.6072;0.7129;170422;2131.03;497.51;446.04;1.1154;0.4716;0.8953
291_R3_5dpi.jpg;291;3;5;168430;87.4613;10.2731;2.2627;167602.5;2194.24;490.04;445.23;1.1006;0.4374;0.8925
291_R3_8dpi.jpg;291;3;8;164447;29.12;22.0898;47.7035;164222;2339.5;480.78;441.06;1.0901;0.377;0.8957
292_R1_1dpi.jpg;292;1;1;191296;99.2138;0.5531;0.1448;190605.5;2275.07;586.43;437.12;1.3416;0.4628;0.9857
292_R1_3dpi.jpg;292;1;3;189261;98.8217;0.7704;0.2478;188599;2038.57;585.93;425.04;1.3785;0.5703;0.9882
292_R1_5dpi.jpg;292;1;5;180594;99.9075;0.0609;0.0127;179945;1699.81;556.05;421.06;1.3206;0.7826;0.9941
292_R1_8dpi.jpg;292;1;8;192772;77.6067;19.6626;2.2674;192875.5;1987.09;573.24;455.1;1.2596;0.6138;0.9838
292_R2_1dpi.jpg;292;2;1;89666;98.8769;0.3524;0.4896;89143;1433.94;390.14;297.66;1.3107;0.5448;0.9853
292_R2_3dpi.jpg;292;2;3;97372;98.9617;0.3636;0.2834;96586.5;1628.2;379.87;334.24;1.1365;0.4578;0.9819
292_R2_5dpi.jpg;292;2;5;96626;99.5622;0.2411;0.1646;96088.5;1284.09;398.9;311.35;1.2812;0.7323;0.9735
292_R2_8dpi.jpg;292;2;8;96062;88.751;9.2399;2.006;95957;1248.05;396.31;316.72;1.2513;0.7741;0.9861
292_R3_1dpi.jpg;292;3;1;210127;99.3076;0.6149;0.039;209500.5;1885.03;580.42;467.62;1.2412;0.7409;0.993
292_R3_3dpi.jpg;292;3;3;219667;99.6618;0.1698;0.1247;218951;1806.39;599.94;478.22;1.2545;0.8432;0.9913
292_R3_5dpi.jpg;292;3;5;218931;96.5368;2.9635;0.4974;218546.5;1865.46;602.32;478.42;1.259;0.7892;0.9891
292_R3_8dpi.jpg;292;3;8;210283;59.5431;19.3339;20.7539;210441.5;1904.8;605.16;444.69;1.3609;0.7289;0.9945
293_R1_1dpi.jpg;293;1;1;181916;99.9637;0.0143;0.0038;181221.5;1821.93;522.64;441.56;1.1836;0.686;0.9889
293_R1_3dpi.jpg;293;1;3;187146;99.9744;0.0198;0;186463.5;1746.05;530.16;448.28;1.1827;0.7686;0.9864
293_R1_5dpi.jpg;293;1;5;182941;99.701;0.1328;0.1662;182242.5;1685.91;525.29;442.76;1.1864;0.8057;0.9887
293_R1_8dpi.jpg;293;1;8;187433;91.3468;6.9934;1.5888;186740.5;1962.93;534.97;449.29;1.1907;0.609;0.9898
293_R2_1dpi.jpg;293;2;1;195806;99.3075;0.1103;0.2482;195306.5;2376.3;554.93;466.36;1.1899;0.4346;0.9826
293_R2_3dpi.jpg;293;2;3;186849;99.453;0.0615;0.0749;186534.5;2053.16;546;439.68;1.2418;0.5561;0.9802
293_R2_5dpi.jpg;293;2;5;204390;99.9476;0.0435;0.0029;203623;1833.93;561.05;466.64;1.2023;0.7608;0.9877
293_R2_8dpi.jpg;293;2;8;191573;93.6896;3.7912;2.5066;190875.5;1855.34;544.96;455.46;1.1965;0.6968;0.9898
294_R1_1dpi.jpg;294;1;1;117034;98.2911;1.0612;0.5904;116831.5;1405.26;443.04;338.85;1.3075;0.7435;0.9897
294_R1_3dpi.jpg;294;1;3;120610;89.6228;2.722;7.4513;119987;1509.19;434.06;356.63;1.2171;0.662;0.9907
294_R1_5dpi.jpg;294;1;5;112505;74.2883;5.4478;20.1787;112036;1290.48;418.01;342.94;1.2189;0.8454;0.9932
294_R1_8dpi.jpg;294;1;8;118350;27.9924;26.5281;45.1601;118367;1419.71;430.7;353.07;1.2199;0.738;0.9879
294_R2_1dpi.jpg;294;2;1;71990;99.518;0.2848;0.0097;71460.5;1214.41;363.2;261.77;1.3875;0.6089;0.9745
294_R2_3dpi.jpg;294;2;3;82011;99.2538;0.128;0.0817;81468;1428.7;380.98;279.06;1.3653;0.5015;0.9662
294_R2_5dpi.jpg;294;2;5;87276;99.6803;0.228;0.0596;86753;1237.34;395.03;287.62;1.3734;0.7121;0.9766
294_R2_8dpi.jpg;294;2;8;86931;83.1337;11.5367;5.3008;86424.5;1199.04;389.55;288.36;1.3509;0.7554;0.9783
294_R3_1dpi.jpg;294;3;1;146731;99.7063;0.1983;0.0743;146161;1568.65;498.24;381.98;1.3044;0.7464;0.995
294_R3_3dpi.jpg;294;3;3;151989;99.9539;0.0415;0;151333.5;1574.95;504.8;388.48;1.2994;0.7667;0.9916
294_R3_5dpi.jpg;294;3;5;153250;99.8656;0.1312;0.0007;152593;1552.42;505.08;390.91;1.292;0.7957;0.9918
294_R3_8dpi.jpg;294;3;8;152816;99.7657;0.1381;0.0674;152196;1748.13;497.95;396.94;1.2545;0.6258;0.9927
295_R1_1dpi.jpg;295;1;1;150875;99.894;0.0537;0.0046;150220;1697.01;541.42;359.08;1.5078;0.6555;0.9901
295_R1_3dpi.jpg;295;1;3;143969;99.9861;0.0049;0;143346.5;1532.51;543.24;341.85;1.5891;0.767;0.993
295_R1_5dpi.jpg;295;1;5;144207;99.8918;0.0874;0.0208;143585;1497.13;523.35;352.27;1.4856;0.805;0.9947
295_R1_8dpi.jpg;295;1;8;146324;91.0411;6.7385;1.9976;145843.5;1645.22;536.27;356.17;1.5057;0.6771;0.9944
295_R2_1dpi.jpg;295;2;1;164105;99.1414;0.3321;0.3181;163938;1957.49;531.1;396.58;1.3392;0.5376;0.9879
295_R2_3dpi.jpg;295;2;3;145807;99.7641;0.085;0.0569;145130;1693.32;487.54;378.58;1.2878;0.636;0.9918
295_R2_5dpi.jpg;295;2;5;149132;99.9329;0.0624;0.0027;148706.5;1518.06;498.21;386.96;1.2875;0.8109;0.9946
295_R2_8dpi.jpg;295;2;8;138797;61.8544;29.657;8.4721;138598.5;1757.46;494.19;364.08;1.3574;0.5639;0.9915
295_R3_1dpi.jpg;295;3;1;100641;99.2925;0.4849;0.1878;100107.5;1267.18;385.75;333.58;1.1564;0.7834;0.9822
295_R3_3dpi.jpg;295;3;3;97291;99.7811;0.2025;0.001;96763.5;1242.09;415.28;297.44;1.3962;0.7882;0.9913
295_R3_5dpi.jpg;295;3;5;100988;99.7356;0.2555;0.0069;100471;1321.25;419.95;309.41;1.3573;0.7232;0.981
295_R3_8dpi.jpg;295;3;8;104815;95.4673;1.744;2.7591;104355.5;1280.09;410.84;323.52;1.2699;0.8003;0.991
296_R1_1dpi.jpg;296;1;1;229062;99.6101;0.2956;0.0781;228266.5;1883.72;576.78;518.99;1.1114;0.8084;0.9858
296_R1_3dpi.jpg;296;1;3;236459;99.4227;0.2351;0.3371;235676;1884.02;597.96;517.57;1.1553;0.8344;0.9942
296_R1_5dpi.jpg;296;1;5;227985;97.2757;0.7224;1.9686;227218;1850.36;589.47;505.74;1.1656;0.8339;0.9852
296_R1_8dpi.jpg;296;1;8;233738;89.472;4.2595;6.2352;233479;1922.08;591.91;523.61;1.1304;0.7942;0.9928
296_R2_1dpi.jpg;296;2;1;159300;99.6083;0.2762;0.0257;158375.5;1995.53;646.7;328.72;1.9673;0.4998;0.9796
296_R2_3dpi.jpg;296;2;3;164782;99.7779;0.088;0.0231;164242;2142.14;620.21;341.8;1.8145;0.4498;0.9831
296_R2_5dpi.jpg;296;2;5;180360;99.9069;0.0832;0;179600;1809.04;621.68;387.9;1.6027;0.6896;0.9907
296_R2_8dpi.jpg;296;2;8;180648;99.2128;0.7728;0.0039;179792.5;1872.39;612.81;388.82;1.5761;0.6444;0.9861
296_R3_1dpi.jpg;296;3;1;152765;98.3426;1.1704;0.4654;152106.5;1594.34;530.58;375.19;1.4142;0.752;0.9949
296_R3_3dpi.jpg;296;3;3;162869;99.9036;0.0841;0.0092;162235.5;1640.14;553.78;387.82;1.4279;0.7579;0.9952
296_R3_5dpi.jpg;296;3;5;156339;99.9635;0.0358;0;161163.5;1727.62;550.82;384.42;1.4329;0.6785;0.9885
296_R3_8dpi.jpg;296;3;8;160584;98.0453;0.8594;1.0817;160464;1728.01;543.35;382.22;1.4216;0.6753;0.9895
297_R1_1dpi.jpg;297;1;1;124401;99.2613;0.4791;0.2259;123757;1534.39;431.63;367.39;1.1749;0.6606;0.9438
297_R1_3dpi.jpg;297;1;3;130627;98.1711;1.2004;0.5527;130031.5;1562.4;448.81;373.26;1.2024;0.6694;0.9507
297_R1_5dpi.jpg;297;1;5;126253;98.1664;0.9996;0.7952;125604;1579.3;441.72;366.89;1.2039;0.6328;0.9413
297_R1_8dpi.jpg;297;1;8;136060;97.7209;1.6456;0.4932;137004.5;1991.81;461.74;388.52;1.1885;0.434;0.9833
297_R2_1dpi.jpg;297;2;1;70414;99.2629;0.3053;0.1023;69934;1700.95;370.74;253.73;1.4612;0.3037;0.8848
297_R2_3dpi.jpg;297;2;3;79978;99.5111;0.1125;0.0713;79372.5;1786.19;406.57;262.04;1.5516;0.3126;0.8915
297_R2_5dpi.jpg;297;2;5;81897;99.8828;0.1099;0;81357.5;1555.03;404.91;265.89;1.5228;0.4228;0.8929
297_R2_8dpi.jpg;297;2;8;81413;98.6476;1.3081;0.0295;80824.5;1600.08;417.58;260.31;1.6042;0.3967;0.8867
297_R3_1dpi.jpg;297;3;1;101018;98.7804;0.8602;0.2049;100453;1432.5;384.53;339.8;1.1316;0.6152;0.9321
297_R3_3dpi.jpg;297;3;3;106532;99.8583;0.1004;0.031;105823.5;1628.66;401.96;344.51;1.1668;0.5013;0.9084
297_R3_5dpi.jpg;297;3;5;105118;87.9992;10.3779;1.6201;104546;1632.87;395.05;341;1.1585;0.4927;0.912
297_R3_8dpi.jpg;297;3;8;100559;15.4069;29.522;53.1559;100520;1826.15;385.56;343.17;1.1235;0.3788;0.9122
298_R1_1dpi.jpg;298;1;1;216166;99.7881;0.1198;0.0629;215238;2210.38;597.68;465.79;1.2832;0.5536;0.9927
298_R1_3dpi.jpg;298;1;3;223839;99.8664;0.109;0.0156;223063.5;2130.19;614.1;474.19;1.2951;0.6177;0.9912
298_R1_5dpi.jpg;298;1;5;214650;99.7233;0.1426;0.1295;213859.5;1821.92;608.25;459.07;1.325;0.8096;0.9933
298_R1_8dpi.jpg;298;1;8;218490;81.7529;15.4822;2.6505;217725;2210.2;609.11;461.9;1.3187;0.5601;0.9914
298_R2_1dpi.jpg;298;2;1;126316;99.4577;0.2779;0.1005;125795;1667.87;458.9;354.51;1.2944;0.5683;0.9863
298_R2_3dpi.jpg;298;2;3;132298;99.7649;0.0401;0.065;131665.5;1600.94;475.28;363.7;1.3068;0.6456;0.9819
298_R2_5dpi.jpg;298;2;5;136880;99.9562;0.0387;0;136280;1463.9;482.65;360.27;1.3397;0.7991;0.9942
298_R2_8dpi.jpg;298;2;8;137587;98.5268;1.4027;0.0669;136966;1478.79;469.69;369.01;1.2728;0.7871;0.9911
298_R3_1dpi.jpg;298;3;1;170124;99.4657;0.2428;0.2381;169428.5;1653.89;539.68;405.74;1.3301;0.7784;0.9951
298_R3_3dpi.jpg;298;3;3;182754;99.9031;0.0585;0.0016;182038;1663.65;558.66;422.25;1.3231;0.8265;0.9959
298_R3_5dpi.jpg;298;3;5;181058;99.324;0.6103;0.0574;180316.5;1710.95;560.04;418.59;1.3379;0.7741;0.9922
298_R3_8dpi.jpg;298;3;8;181472;91.0642;3.4556;5.4179;181066;1889.3;566.21;417.29;1.3569;0.6374;0.9936
299_R1_1dpi.jpg;299;1;1;162619;99.2455;0.65;0.0861;161994;1596.04;510.09;404.42;1.2613;0.7991;0.9955
299_R1_3dpi.jpg;299;1;3;166512;98.543;0.89;0.5405;165862;1594.95;520.93;408.71;1.2746;0.8193;0.9955
299_R1_5dpi.jpg;299;1;5;161661;94.6846;2.7508;2.4483;161135;1559.36;503.86;407.87;1.2354;0.8327;0.9962
299_R1_8dpi.jpg;299;1;8;161765;17.9062;63.086;18.4428;161384.5;2071.7;518.08;400.87;1.2924;0.4725;0.9848
299_R2_1dpi.jpg;299;2;1;129584;99.3796;0.3318;0.1343;129026;1839.81;496.87;350.27;1.4185;0.479;0.9853
299_R2_3dpi.jpg;299;2;3;129600;99.6782;0.1412;0.0409;128875.5;1674.29;487.41;348.19;1.3999;0.5777;0.987
299_R2_5dpi.jpg;299;2;5;134418;99.8207;0.1533;0.0022;133795;1474.96;504.67;350;1.4419;0.7728;0.9959
299_R2_8dpi.jpg;299;2;8;134219;66.5636;29.016;4.3936;133601;1612.85;496.11;353.79;1.4023;0.6454;0.9884
299_R3_1dpi.jpg;299;3;1;76098;98.7056;0.7464;0.4363;75667;1087.28;345.05;281.29;1.2266;0.8043;0.9872
299_R3_3dpi.jpg;299;3;3;74547;92.3739;4.0967;3.4529;74098.5;1051.1;338.15;279.36;1.2104;0.8428;0.9936
299_R3_5dpi.jpg;299;3;5;76325;47.337;36.3302;16.3328;75880;1133.02;341.19;283;1.2056;0.7428;0.9914
299_R3_8dpi.jpg;299;3;8;73411;1.6455;9.5204;88.4922;73379;1260.96;338.13;277.33;1.2193;0.5799;0.9881
300_R1_1dpi.jpg;300;1;1;104829;98.2333;0.9349;0.7775;104395.5;1274.56;384.75;349.69;1.1002;0.8076;0.9888
300_R1_3dpi.jpg;300;1;3;100546;99.9184;0.0756;0;100026;1195.74;390.15;328.13;1.189;0.8791;0.9907
300_R1_5dpi.jpg;300;1;5;95311;99.7996;0.1238;0.064;94791.5;1185.22;384.85;320.46;1.2009;0.848;0.9887
300_R1_8dpi.jpg;300;1;8;95686;98.1251;1.0325;0.7148;95417.5;1314.01;384.17;322.17;1.1924;0.6944;0.9921
300_R2_1dpi.jpg;300;2;1;109986;99.64;0.1082;0.0782;109249;1800.64;449.57;316.62;1.4199;0.4234;0.9794
300_R2_3dpi.jpg;300;2;3;110363;98.5357;0.2256;0.5156;109943;1645.07;451.43;312.29;1.4455;0.5105;0.9877
300_R2_5dpi.jpg;300;2;5;115749;93.9101;1.5352;4.5098;115837;1406.85;452.59;327.13;1.3835;0.7355;0.9902
300_R2_8dpi.jpg;300;2;8;116322;71.4087;10.5337;18.0422;115731.5;1576.91;453.94;327.77;1.385;0.5849;0.9851
300_R3_1dpi.jpg;300;3;1;66066;98.8073;0.9763;0.171;65634.5;1026.05;334.45;251.96;1.3274;0.7834;0.9924
300_R3_3dpi.jpg;300;3;3;65770;99.8328;0.1536;0.0015;65343;999.8;329.56;255.42;1.2903;0.8214;0.9911
300_R3_5dpi.jpg;300;3;5;64857;99.3879;0.6075;0;64426.5;1022.19;330.02;257.28;1.2827;0.7748;0.9901
300_R3_8dpi.jpg;300;3;8;65124;99.5086;0.347;0.0921;64705;1041.6;327.38;258.18;1.268;0.7495;0.9924
301_R1_1dpi.jpg;301;1;1;77487;98.6849;1.115;0.1458;77064.5;1210.15;354.9;280.47;1.2654;0.6613;0.9877
301_R1_3dpi.jpg;301;1;3;88102;99.2168;0.5414;0.0647;87702.5;1532.89;354.66;316.55;1.1204;0.469;0.9557
301_R1_5dpi.jpg;301;1;5;79354;99.9294;0.0441;0.0239;78881;1131.57;349.76;296.93;1.1779;0.7741;0.9631
301_R1_8dpi.jpg;301;1;8;83260;98.7353;0.9032;0.3387;83050;1187.51;356.86;302.5;1.1797;0.7401;0.9596
301_R2_1dpi.jpg;301;2;1;78040;99.5413;0.2345;0.0833;77505.5;1277.27;359.3;277.64;1.2941;0.597;0.9838
301_R2_3dpi.jpg;301;2;3;79774;99.5838;0.257;0.0326;79289;1261.71;356.67;284.4;1.2541;0.6259;0.9884
301_R2_5dpi.jpg;301;2;5;81527;99.9276;0.0687;0;81053.5;1092.05;363.52;287.52;1.2643;0.8541;0.9932
301_R2_8dpi.jpg;301;2;8;82008;97.2003;2.5046;0.2488;81512;1147.12;361.81;291.85;1.2397;0.7784;0.9906
302_R1_1dpi.jpg;302;1;1;153079;99.7465;0.228;0.017;152435.5;1541.46;484.24;404.23;1.1979;0.8062;0.9963
302_R1_3dpi.jpg;302;1;3;163215;99.4596;0.3443;0.1078;162484.5;1770.11;513.77;402.38;1.2768;0.6517;0.9917
302_R1_5dpi.jpg;302;1;5;154364;99.7033;0.2151;0.0337;153711.5;1609.52;501.28;391.52;1.2803;0.7456;0.991
302_R1_8dpi.jpg;302;1;8;160506;98.5533;1.0834;0.1925;160135;2671.46;532.12;398.47;1.3354;0.282;0.976
302_R2_1dpi.jpg;302;2;1;178689;98.5231;0.4936;0.7874;178375;2367.22;542.72;427.27;1.2702;0.4;0.9864
302_R2_3dpi.jpg;302;2;3;173062;99.7094;0.1242;0.0821;172315.5;1936.33;536.79;422.49;1.2705;0.5775;0.986
302_R2_5dpi.jpg;302;2;5;179116;99.9793;0.0151;0.0006;178431;1811.52;540.14;434.79;1.2423;0.6833;0.9849
302_R2_8dpi.jpg;302;2;8;176847;99.4651;0.4948;0.0368;176047.5;1920.76;537.89;421.6;1.2758;0.5996;0.9808
302_R3_1dpi.jpg;302;3;1;155160;99.6668;0.2984;0.0135;154562.5;1537.15;498.23;407.73;1.222;0.822;0.9951
302_R3_3dpi.jpg;302;3;3;158985;99.9836;0.0164;0;158355;1550.7;490.57;418.88;1.1712;0.8275;0.9936
302_R3_5dpi.jpg;302;3;5;155703;99.9101;0.0739;0.0148;155093;1631.56;485.47;409.77;1.1848;0.7321;0.9905
302_R3_8dpi.jpg;302;3;8;157323;96.1684;2.0734;1.7296;156762.5;2096.58;494.65;415.82;1.1896;0.4482;0.9867
303_R1_1dpi.jpg;303;1;1;140783;99.8096;0.157;0.0298;140183.5;1494.23;491.85;364;1.3512;0.789;0.9914
303_R1_3dpi.jpg;303;1;3;152740;99.8887;0.0845;0.0196;152133;1522.47;504.53;383.44;1.3158;0.8248;0.9962
303_R1_5dpi.jpg;303;1;5;148008;99.6649;0.298;0.0284;147384;1510.53;498.47;380.36;1.3105;0.8117;0.9948
303_R1_8dpi.jpg;303;1;8;151464;98.2319;1.2379;0.3664;150974.5;1933.7;505.41;390.14;1.2955;0.5074;0.9901
303_R2_1dpi.jpg;303;2;1;188094;99.6603;0.184;0.0362;187165;2036.12;574.25;437.94;1.3113;0.5673;0.9827
303_R2_3dpi.jpg;303;2;3;180935;98.542;0.1017;0.1144;181448;2032.12;552.96;430.09;1.2857;0.5522;0.9829
303_R2_5dpi.jpg;303;2;5;195383;43.4065;10.7113;45.8356;195172;1811.32;577.32;450.27;1.2821;0.7475;0.9829
303_R2_8dpi.jpg;303;2;8;176590;3.7981;11.4293;84.7726;179165;2190.45;578.19;411.77;1.4042;0.4692;0.9758
303_R3_1dpi.jpg;303;3;1;152058;99.662;0.2959;0.0316;151393.5;1581.27;556.09;361.36;1.5389;0.7609;0.9873
303_R3_3dpi.jpg;303;3;3;152868;99.5153;0.2499;0.2191;152189.5;1595.95;568.71;349.31;1.6281;0.7509;0.9902
303_R3_5dpi.jpg;303;3;5;149159;96.5527;2.7367;0.7033;148460.5;1619.21;558.93;343.46;1.6274;0.7116;0.993
303_R3_8dpi.jpg;303;3;8;131961;14.9787;30.1938;53.731;131742.5;1896.19;577.63;301.95;1.913;0.4604;0.9811
304_R1_1dpi.jpg;304;1;1;117483;99.6961;0.1541;0.1345;116919.5;1365.09;459.42;331.57;1.3856;0.7885;0.9953
304_R1_3dpi.jpg;304;1;3;118591;99.2942;0.3516;0.3297;118033.5;1360.92;464.7;325.25;1.4288;0.8008;0.9947
304_R1_5dpi.jpg;304;1;5;112390;92.5029;2.2982;5.0058;111894.5;1371.35;449.04;319.08;1.4073;0.7477;0.9908
304_R1_8dpi.jpg;304;1;8;119923;39.969;13.0534;46.8476;119361.5;1713.48;454.08;336.98;1.3475;0.5109;0.9889
304_R2_1dpi.jpg;304;2;1;105635;99.8277;0.0748;0.0009;105107;1386.93;450;304.71;1.4768;0.6866;0.9869
304_R2_3dpi.jpg;304;2;3;120811;99.7012;0.1076;0.0339;120220;1600.41;472.06;330.38;1.4288;0.5898;0.9786
304_R2_5dpi.jpg;304;2;5;122198;99.9632;0.0311;0.0025;121609.5;1448.49;475.28;334.43;1.4212;0.7284;0.9788
304_R2_8dpi.jpg;304;2;8;122484;98.5957;1.2426;0.1412;121947.5;1592.74;471.18;337.36;1.3967;0.6041;0.9767
304_R3_1dpi.jpg;304;3;1;164348;99.1603;0.5239;0.2823;163679;1704.95;554.81;382.77;1.4495;0.7076;0.9695
304_R3_3dpi.jpg;304;3;3;172665;99.4249;0.3133;0.2589;171959;1724.35;571.12;388.59;1.4697;0.7267;0.9697
304_R3_5dpi.jpg;304;3;5;174659;96.1828;3.5463;0.2662;174100.5;1791.14;572.58;396.85;1.4428;0.6819;0.9606
304_R3_8dpi.jpg;304;3;8;165845;29.0434;44.9595;24.8937;166426.5;2089.35;561.76;393.29;1.4284;0.4791;0.9648
305_R1_1dpi.jpg;305;1;1;41913;98.3084;1.3337;0.3269;41636.5;801.96;244.93;218.58;1.1205;0.8135;0.9811
305_R1_3dpi.jpg;305;1;3;41623;99.8054;0.1682;0.0024;41292.5;782.85;237.85;223.63;1.0636;0.8467;0.9903
305_R1_5dpi.jpg;305;1;5;40055;99.7079;0.2097;0.0025;39719.5;792.71;232.83;219.91;1.0588;0.7943;0.9844
305_R1_8dpi.jpg;305;1;8;42936;96.8348;2.6668;0.3913;42697.5;858.99;240.39;230.28;1.0439;0.7272;0.9902
305_R2_1dpi.jpg;305;2;1;31583;99.8797;0.0158;0;31374.5;720.08;204.73;192.95;1.0611;0.7604;0.9879
305_R2_3dpi.jpg;305;2;3;33402;99.6647;0.1377;0.0329;33056.5;839.56;219.62;198.79;1.1048;0.5893;0.9412
305_R2_5dpi.jpg;305;2;5;34396;99.9244;0.0756;0;34076.5;758.71;218.33;202.05;1.0806;0.7439;0.9558
305_R2_8dpi.jpg;305;2;8;34292;97.8508;1.633;0.5162;34010.5;748.65;221.13;197.2;1.1214;0.7625;0.9721
305_R3_1dpi.jpg;305;3;1;25958;97.3881;1.9031;0.5817;25658.5;706.2;200.11;171.46;1.1671;0.6465;0.9219
305_R3_3dpi.jpg;305;3;3;26928;99.5395;0.4159;0;26616;720.58;200.66;176.58;1.1363;0.6441;0.9025
305_R3_5dpi.jpg;305;3;5;25910;99.7646;0.2316;0;25591.5;738.77;200.18;170.44;1.1745;0.5892;0.9004
305_R3_8dpi.jpg;305;3;8;13639;96.708;2.1996;0.9605;13470.5;628.34;178.65;100.54;1.7769;0.4287;0.9374
306_R1_1dpi.jpg;306;1;1;76197;99.9436;0.0354;0;75710.5;1137.1;346;281.67;1.2284;0.7358;0.9908
306_R1_3dpi.jpg;306;1;3;78791;99.9543;0.0381;0;78314.5;1136.61;355.91;285.31;1.2475;0.7618;0.9844
306_R1_5dpi.jpg;306;1;5;77556;99.2289;0.45;0.3159;77085.5;1111.5;354.28;283.68;1.2489;0.7841;0.9886
306_R1_8dpi.jpg;306;1;8;79743;93.0903;4.8719;1.9086;79314.5;1320.04;357.98;285.6;1.2534;0.572;0.9714
306_R2_1dpi.jpg;306;2;1;39218;99.0234;0.5635;0.1759;38894.5;937.7;261.29;192.77;1.3554;0.5559;0.9793
306_R2_3dpi.jpg;306;2;3;37287;97.0553;0.4023;0.1073;37047.5;1022.96;253.85;191.58;1.325;0.4449;0.9714
306_R2_5dpi.jpg;306;2;5;38668;98.1639;0.6465;1.1586;38331;801.09;264.42;188.03;1.4063;0.7506;0.9754
306_R2_8dpi.jpg;306;2;8;39016;39.207;43.782;16.9905;38679;793.49;261.7;191.47;1.3668;0.772;0.9917
306_R3_1dpi.jpg;306;3;1;65295;99.7396;0.2481;0.0092;64857.5;1034.47;351.09;237.07;1.481;0.7616;0.9932
306_R3_3dpi.jpg;306;3;3;70569;94.4877;0.6929;4.4368;70134;1071.77;352.4;256.43;1.3743;0.7672;0.9935
306_R3_5dpi.jpg;306;3;5;67964;89.3929;3.2782;7.3274;67608.5;1123.95;350.83;248.26;1.4132;0.6725;0.9884
306_R3_8dpi.jpg;306;3;8;65657;44.2329;20.6634;34.8691;65364;1161.22;346.31;245.87;1.4085;0.6091;0.9826
307_R1_1dpi.jpg;307;1;1;25280;99.5016;0.4589;0.0316;25017;620.44;201.16;160.57;1.2528;0.8167;0.9922
307_R1_3dpi.jpg;307;1;3;27574;99.3581;0.544;0.0653;27297;650.93;202.94;173;1.173;0.8096;0.9885
307_R1_5dpi.jpg;307;1;5;27461;99.6686;0.3095;0;27186.5;646;205.1;170.08;1.2059;0.8187;0.9882
307_R1_8dpi.jpg;307;1;8;29223;98.1829;1.3517;0.3011;29058;775.38;216.57;171.12;1.2656;0.6074;0.9867
307_R2_1dpi.jpg;307;2;1;33213;99.2985;0.3372;0.0542;32926;825.58;247.47;173.8;1.4239;0.6071;0.9833
307_R2_3dpi.jpg;307;2;3;31680;96.9602;0.4135;0.8176;31742.5;1011.7;258.75;164.72;1.5709;0.3897;0.961
307_R2_5dpi.jpg;307;2;5;33463;61.2557;5.2685;33.3712;33177.5;845.82;265.71;162.79;1.6322;0.5828;0.9762
307_R2_8dpi.jpg;307;2;8;33548;9.6876;20.3112;69.9386;33247;759.15;255.42;165.85;1.54;0.7249;0.99
307_R3_1dpi.jpg;307;3;1;66131;99.8654;0.1013;0.0076;65685;1164.88;335.53;251.67;1.3332;0.6083;0.9884
307_R3_3dpi.jpg;307;3;3;69041;99.3323;0.2129;0.4418;68604.5;1058.96;346.51;252.62;1.3717;0.7688;0.9909
307_R3_5dpi.jpg;307;3;5;69037;98.8166;0.4896;0.6837;68627;1099.69;344.24;254.75;1.3513;0.7131;0.988
307_R3_8dpi.jpg;307;3;8;67084;78.7759;10.0024;11.1681;66842.5;1107.04;345.89;247.91;1.3952;0.6854;0.9901
308_R1_1dpi.jpg;308;1;1;18558;99.9353;0.0593;0;18334;521.39;160.4;147.33;1.0887;0.8475;0.9835
308_R1_3dpi.jpg;308;1;3;18718;99.8664;0.1175;0;18494;516.42;163.91;144.24;1.1364;0.8714;0.9913
308_R1_5dpi.jpg;308;1;5;18910;99.9471;0.0264;0;18683;527.73;168.19;143.08;1.1755;0.843;0.9896
308_R1_8dpi.jpg;308;1;8;19607;97.914;1.7035;0.2244;19350.5;625.17;166.88;148.59;1.1231;0.6222;0.9788
308_R2_1dpi.jpg;308;2;1;30915;98.7255;0.3526;0.4496;30646.5;821.88;220.87;181.38;1.2177;0.5701;0.978
308_R2_3dpi.jpg;308;2;3;28326;99.3222;0.1695;0.0247;28046;705.55;204.94;175.89;1.1652;0.708;0.9814
308_R2_5dpi.jpg;308;2;5;31480;99.3266;0.5527;0.0635;31185;705.55;213.76;188.01;1.137;0.7872;0.9836
308_R2_8dpi.jpg;308;2;8;30676;92.1013;7.3869;0.5085;30391.5;670.68;214.76;186;1.1546;0.849;0.9905
309_R1_1dpi.jpg;309;1;1;57916;99.8636;0.1209;0.0121;57526.5;931.99;293.43;255.07;1.1504;0.8323;0.9904
309_R1_3dpi.jpg;309;1;3;52994;99.7736;0.1906;0.0245;52627.5;934.87;300.15;230.12;1.3043;0.7567;0.9882
309_R1_5dpi.jpg;309;1;5;47744;99.9581;0.0293;0.0063;47379;869.18;291.99;216.29;1.35;0.7881;0.9799
309_R1_8dpi.jpg;309;1;8;50791;99.5314;0.3761;0.0453;50424;951.8;300.63;223.84;1.3431;0.6994;0.9882
309_R2_1dpi.jpg;309;2;1;51132;99.8885;0.0508;0.002;50736.5;921.13;264.06;248;1.0648;0.7514;0.9695
309_R2_3dpi.jpg;309;2;3;52519;99.6249;0.2075;0.0057;52127;979.18;269.83;251.32;1.0736;0.6832;0.9726
309_R2_5dpi.jpg;309;2;5;53840;99.9591;0.0316;0;53447;908.26;271.82;252.15;1.078;0.8142;0.9705
309_R2_8dpi.JPG;309;2;8;57307;89.544;3.5214;6.4844;52780;940.55;273.39;251.08;1.0889;0.7498;0.9564
309_R3_1dpi.jpg;309;3;1;53186;99.4397;0.5208;0.0282;52808;886.89;267.92;254.81;1.0514;0.8437;0.9842
309_R3_3dpi.jpg;309;3;3;56404;99.945;0.0461;0;56019;932.35;275.25;261.28;1.0535;0.8098;0.9708
309_R3_5dpi.jpg;309;3;5;55488;99.9099;0.0883;0;55086;960.35;275.47;256.11;1.0756;0.7506;0.9609
309_R3_8dpi.jpg;309;3;8;55314;97.9264;0.9112;1.1534;54926.5;936.87;271.91;258.08;1.0536;0.7864;0.9744
310_R1_1dpi.jpg;310;1;1;42288;96.9755;2.0691;0.804;41975;825.23;261.21;203.37;1.2844;0.7745;0.9917
310_R1_3dpi.jpg;310;1;3;42615;97.9233;1.4502;0.5937;42286;797.35;262.72;205.58;1.2779;0.8358;0.9921
310_R1_5dpi.jpg;310;1;5;41633;97.9704;1.3283;0.6605;41308.5;803.88;259.89;201.8;1.2879;0.8033;0.9911
310_R1_8dpi.jpg;310;1;8;43402;97.4886;1.4562;0.7834;42898.5;1364.2;268.5;205.66;1.3055;0.2897;0.9546
310_R2_1dpi.jpg;310;2;1;51184;99.9062;0.0391;0;50668.5;1052.5;286.86;226.41;1.267;0.5748;0.9818
310_R2_3dpi.jpg;310;2;3;52233;99.6267;0.0479;0.044;51823.5;1137.67;291.77;227.46;1.2827;0.5032;0.979
310_R2_5dpi.jpg;310;2;5;51831;99.9595;0.0405;0;51463;891.66;286.91;227.08;1.2635;0.8134;0.9882
310_R2_8dpi.jpg;310;2;8;52824;97.344;1.9991;0.6531;52451;937.6;293.56;228.34;1.2857;0.7498;0.989
310_R3_1dpi.jpg;310;3;1;57022;99.9351;0.0509;0.0018;56639.5;983.64;294.51;249.7;1.1794;0.7356;0.9819
310_R3_3dpi.jpg;310;3;3;58459;100;0;0;58050;951.03;296.04;251.15;1.1788;0.8065;0.9727
310_R3_5dpi.jpg;310;3;5;58539;99.9898;0.0102;0;58132.5;983.5;298.58;250.09;1.1939;0.7552;0.9738
310_R3_8dpi.jpg;310;3;8;57465;99.9165;0.08;0;57067;949.72;297.23;245.15;1.2125;0.7951;0.9807
311_R2_1dpi.jpg;311;2;1;27504;99.1056;0.7017;0.0473;27246.5;722.16;193.9;180.15;1.0763;0.6565;0.9816
311_R2_3dpi.jpg;311;2;3;29015;99.7691;0.0931;0;28723;711.01;209.07;175.95;1.1882;0.714;0.9811
311_R2_5dpi.jpg;311;2;5;30042;99.9135;0.0799;0;29756.5;677.94;220.22;175.11;1.2576;0.8136;0.9797
311_R2_8dpi.jpg;311;2;8;30906;98.311;1.634;0.055;30613.5;691.37;209.84;189.1;1.1097;0.8048;0.9817
311_R3_1dpi.jpg;311;3;1;31193;99.1665;0.7085;0.0256;30902;709.21;208.63;191.56;1.0891;0.7721;0.981
311_R3_3dpi.jpg;311;3;3;34365;99.8109;0.1397;0;34059;719.35;216.32;200.86;1.077;0.8271;0.9889
311_R3_5dpi.jpg;311;3;5;34379;99.0227;0.9337;0.0349;34067.5;727.45;218.37;199.11;1.0968;0.809;0.9775
311_R3_8dpi.jpg;311;3;8;34416;99.1051;0.7409;0.0552;34163;730.67;218.79;198.98;1.0995;0.8041;0.9891
312_R1_1dpi.jpg;312;1;1;48384;99.3676;0.1178;0.5105;48101.5;915.48;265.42;235.95;1.1249;0.7212;0.9908
312_R1_3dpi.jpg;312;1;3;48697;99.6098;0.0534;0.308;48441.5;919.96;265.75;232.8;1.1415;0.7193;0.9901
312_R1_5dpi.jpg;312;1;5;47147;99.5906;0.0573;0.3309;46787;855.29;262.62;230.56;1.1391;0.8037;0.9893
312_R1_8dpi.jpg;312;1;8;50524;98.9193;0.6472;0.3602;50146;1101.06;272.94;239.19;1.1411;0.5198;0.9802
312_R2_1dpi.jpg;312;2;1;94546;99.7715;0.1111;0.0381;94035;1442.5;402.43;311.48;1.292;0.5679;0.9796
312_R2_3dpi.jpg;312;2;3;89586;99.7913;0.1105;0.0067;89070;1307.59;407.76;291.88;1.397;0.6546;0.9883
312_R2_5dpi.jpg;312;2;5;91027;99.9747;0.0231;0;90534.5;1253.35;403.42;294.49;1.3699;0.7242;0.986
312_R2_8dpi.jpg;312;2;8;92772;98.8262;0.7028;0.4473;92253;1275.85;403.63;302.35;1.335;0.7122;0.9742
312_R3_3dpi.jpg;312;3;3;69706;99.66;0.0545;0.2611;69254;1043.86;315.09;281.26;1.1203;0.7987;0.9725
312_R3_5dpi.jpg;312;3;5;70811;99.5721;0.3644;0.041;70355;1089.8;320.76;281.37;1.14;0.7444;0.9649
312_R3_8dpi.jpg;312;3;8;70694;89.9666;8.2496;0.9322;70592;1122.97;319.49;283.42;1.1273;0.7034;0.9759
313_R1_1dpi.jpg;313;1;1;51831;96.531;2.0412;1.2541;51478.5;903.9;263.83;251.65;1.0484;0.7918;0.9876
313_R1_3dpi.jpg;313;1;3;50401;99.6706;0.2718;0;50040;865.32;262.9;241.43;1.0889;0.8398;0.987
313_R1_5dpi.jpg;313;1;5;48461;99.317;0.6087;0.0413;48107.5;855.22;261.98;236.53;1.1076;0.8266;0.9844
313_R1_8dpi.jpg;313;1;8;52017;96.2205;3.0375;0.4691;51924;1023.34;267.36;253.16;1.0561;0.6231;0.9877
313_R2_1dpi.jpg;313;2;1;54874;99.3093;0.4647;0.113;54433.5;1102.05;293.24;241.33;1.2151;0.5632;0.9829
313_R2_3dpi.jpg;313;2;3;46151;99.6165;0.091;0.0433;45766;963.32;296.49;211.01;1.4051;0.6197;0.9657
313_R2_5dpi.jpg;313;2;5;40838;99.7894;0.1959;0;40480.5;849.48;305.04;183.06;1.6663;0.7049;0.9675
313_R2_8dpi.jpg;313;2;8;45404;71.0774;26.0858;2.6804;45061;881.23;300.16;199.63;1.5036;0.7292;0.9899
313_R3_3dpi.jpg;313;3;3;39308;99.8143;0.1221;0.0407;38980;768.32;242.32;207.03;1.1705;0.8298;0.9746
313_R3_5dpi.jpg;313;3;5;40175;99.1263;0.7467;0.0971;39834;796.47;242.62;212.13;1.1437;0.7891;0.9664
313_R3_8dpi.jpg;313;3;8;39483;63.3463;18.9879;15.8651;39204;924.95;240.27;213.44;1.1257;0.5758;0.9738
314_R1_1dpi.jpg;314;1;1;40752;99.8061;0.1889;0;40396.5;822.28;301.66;179.74;1.6783;0.7508;0.9921
314_R1_3dpi.jpg;314;1;3;41479;99.9542;0.041;0;41130.5;822.85;301.37;180.3;1.6715;0.7634;0.9804
314_R1_5dpi.jpg;314;1;5;39504;99.8937;0.0911;0;39155;821.44;309.56;172.48;1.7948;0.7292;0.9875
314_R1_8dpi.jpg;314;1;8;39196;99.6046;0.3317;0;38850;925.18;316.67;167.71;1.8882;0.5704;0.9797
314_R2_1dpi.jpg;314;2;1;47577;99.6994;0.1009;0.0525;47267.5;1178.64;325.9;190.93;1.7069;0.4276;0.9734
314_R2_3dpi.jpg;314;2;3;43140;99.7473;0.051;0.0695;42774.5;1009.93;328.26;174.27;1.8836;0.527;0.9752
314_R2_5dpi.jpg;314;2;5;42252;99.9503;0.0426;0;41885;899.12;326.48;169.13;1.9304;0.6511;0.9808
314_R2_8dpi.jpg;314;2;8;43034;99.2587;0.6809;0.0465;42662;914.43;324.66;173.46;1.8717;0.6411;0.9841
314_R3_1dpi.jpg;314;3;1;43603;99.8601;0.1055;0.0229;43270;839.29;274.47;200.67;1.3678;0.7719;0.9912
314_R3_3dpi.jpg;314;3;3;45355;99.9184;0.0683;0;44995.5;872.79;291.36;198.93;1.4646;0.7423;0.9643
314_R3_5dpi.jpg;314;3;5;44951;99.9511;0.0489;0;44572;884.41;294.38;197.3;1.4921;0.7161;0.9704
314_R3_8dpi.jpg;314;3;8;44141;98.5184;0.7635;0.5414;43784.5;914.1;298.76;190.67;1.5669;0.6585;0.988
315_R1_1dpi.jpg;315;1;1;63614;99.8098;0.1635;0.0252;63194.5;972.45;322.1;252.8;1.2741;0.8398;0.9945
315_R1_3dpi.jpg;315;1;3;66083;97.0961;1.5117;1.3362;65676;1049.6;332.03;255.48;1.2996;0.7491;0.992
315_R1_5dpi.jpg;315;1;5;65313;90.9528;3.3868;5.6023;64905.5;996.59;323.21;258.07;1.2524;0.8212;0.9922
315_R1_8dpi.jpg;315;1;8;66727;58.6899;26.5035;14.384;66358.5;1305.01;333.8;261.37;1.2771;0.4896;0.9794
315_R2_1dpi.jpg;315;2;1;67689;96.6509;0.3442;0.851;67136.5;1602.34;354.03;247.42;1.4309;0.3286;0.9702
315_R2_3dpi.jpg;315;2;3;59130;92.645;0.279;0.4752;64517;2178.61;345.87;241.07;1.4347;0.1708;0.9454
315_R2_5dpi.jpg;315;2;5;73050;99.1307;0.3463;0.4764;72578;1157.63;363.21;261.07;1.3912;0.6806;0.9916
315_R2_8dpi.jpg;315;2;8;70102;10.2893;68.1478;21.5529;69655.5;1141.73;359.75;254.14;1.4156;0.6715;0.992
315_R3_1dpi.jpg;315;3;1;70323;99.535;0.3982;0.0427;69860.5;1129.93;378.55;241.19;1.5695;0.6876;0.9918
315_R3_3dpi.jpg;315;3;3;70991;99.9535;0.0296;0;70540.5;1062.13;371.51;244.16;1.5216;0.7858;0.9943
315_R3_5dpi.jpg;315;3;5;71784;99.5361;0.443;0;71317.5;1084.19;377.33;246.46;1.531;0.7624;0.9928
315_R3_8dpi.jpg;315;3;8;70781;57.7288;19.3851;21.2006;70514.5;1201.04;369.08;248.68;1.4842;0.6143;0.9856
316_R3_1dpi.jpg;316;3;1;9200;91.9348;3.5978;0;9080;494.56;129.83;90.58;1.4333;0.4665;0.9573
316_R3_3dpi.jpg;316;3;3;10312;16.3499;36.8794;34.5132;10587;470.76;143.18;95.85;1.4938;0.6003;0.9723
316_R3_5dpi.jpg;316;3;5;9901;12.3422;64.65;22.9977;10180;565.41;142.41;91.59;1.5549;0.4002;0.9517
316_R3_8dpi.jpg;316;3;8;7500;0.56;16.72;78.4267;10430.5;411.49;142.74;95.51;1.4946;0.7741;0.9814
317_R3_1dpi.jpg;317;3;1;13712;99.7885;0.2115;0;13510;462.48;137.68;126.21;1.0909;0.7938;0.984
317_R3_3dpi.jpg;317;3;3;15016;99.8468;0.1465;0;14814.5;470.17;147.41;126.98;1.1609;0.8421;0.9848
317_R3_5dpi.jpg;317;3;5;15232;96.7174;3.23;0.046;15028.5;496.11;150.38;128.64;1.169;0.7673;0.984
317_R3_8dpi.jpg;317;3;8;15198;75.5692;10.8238;13.1136;15021;493.1;147.42;131.96;1.1171;0.7763;0.9871
318_R1_1dpi.jpg;318;1;1;48802;99.2808;0.6516;0.0389;48432;849.01;255.38;242.22;1.0544;0.8443;0.9928
318_R1_3dpi.jpg;318;1;3;51796;99.5617;0.3147;0.0695;51424;874.61;268.87;243.03;1.1063;0.8448;0.9914
318_R1_5dpi.jpg;318;1;5;50655;99.4986;0.3455;0.1066;50291;864.95;258.82;246.97;1.048;0.8447;0.992
318_R1_8dpi.jpg;318;1;8;49620;99.2443;0.6509;0.0705;49317.5;905.7;260.87;245.72;1.0616;0.7555;0.991
318_R2_1dpi.jpg;318;2;1;58388;97.0833;0.4607;0.2775;57958.5;1327.27;302.97;252.29;1.2009;0.4134;0.9726
318_R2_3dpi.jpg;318;2;3;53319;77.2539;0.4351;0.6977;55591;1869.44;298.17;244.52;1.2194;0.1999;0.9413
318_R2_5dpi.jpg;318;2;5;61714;72.1635;10.4028;16.3285;61488.5;1009.42;305.1;258.3;1.1812;0.7583;0.9854
318_R2_8dpi.jpg;318;2;8;61030;0.6128;35.0795;64.3061;60980;957.66;302.52;259.21;1.1671;0.8356;0.9875
318_R3_1dpi.jpg;318;3;1;33130;99.6378;0.335;0.0151;32830.5;713.11;226.52;189.46;1.1956;0.8113;0.9904
318_R3_3dpi.jpg;318;3;3;37132;99.9946;0.0027;0;36822.5;744.16;234.14;204.79;1.1433;0.8356;0.9872
318_R3_5dpi.jpg;318;3;5;36888;99.8834;0.1166;0;36566;763.44;234.26;204.21;1.1472;0.7884;0.9887
318_R3_8dpi.jpg;318;3;8;36123;99.8588;0.1246;0;35836;747.09;233.85;201.27;1.1619;0.8068;0.986
319_R1_1dpi.jpg;319;1;1;161256;99.3923;0.3721;0.2251;160614;1543.27;477.97;427.48;1.1181;0.8474;0.9962
319_R1_3dpi.jpg;319;1;3;163992;99.5811;0.2214;0.1756;163362;1562.59;493.38;423.1;1.1661;0.8408;0.9947
319_R1_5dpi.jpg;319;1;5;156465;99.7731;0.1783;0.0396;155815.5;1546.34;476.33;419.13;1.1365;0.8189;0.9926
319_R1_8dpi.jpg;319;1;8;160302;99.7318;0.2321;0.0106;159697.5;2045.29;495.67;419.26;1.1823;0.4797;0.9827
319_R2_1dpi.jpg;319;2;1;131949;99.0216;0.4532;0.2857;131243.5;1992.19;459.64;368.49;1.2474;0.4156;0.9842
319_R2_3dpi.jpg;319;2;3;132829;99.1259;0.1807;0.1445;132164;1841.04;468.07;365.97;1.279;0.49;0.9871
319_R2_5dpi.jpg;319;2;5;144282;99.6521;0.2578;0.0485;143690;1480.7;484.89;379.3;1.2784;0.8236;0.9925
319_R2_8dpi.jpg;319;2;8;137720;96.3687;3.4563;0.1706;137141;1453.79;476.78;371.77;1.2825;0.8154;0.9954
319_R3_1dpi.jpg;319;3;1;141009;99.6319;0.2922;0.0347;140406;1492.59;488.23;374.11;1.305;0.792;0.9951
319_R3_3dpi.jpg;319;3;3;151412;99.9663;0.0251;0;150801;1524.93;510.45;386.07;1.3222;0.8149;0.9939
319_R3_5dpi.jpg;319;3;5;147829;99.7335;0.2577;0;147144;1566.65;507.23;378.26;1.3409;0.7534;0.9937
319_R3_8dpi.jpg;319;3;8;146336;89.3266;7.5655;2.5742;146032;1589.58;515.92;374.57;1.3774;0.7263;0.9945
320_R2_1dpi.jpg;320;2;1;26420;98.3952;0.6699;0.352;25975;842.75;224.42;150.55;1.4907;0.4596;0.9606
320_R2_3dpi.jpg;320;2;3;24997;99.0079;0.4;0.136;24648.5;791.48;225.14;140.85;1.5984;0.4945;0.9562
320_R2_5dpi.jpg;320;2;5;24587;99.0808;0.8256;0.0081;24310;664.18;242.14;135.1;1.7923;0.6925;0.9817
320_R2_8dpi.jpg;320;2;8;24822;97.5022;2.4454;0.0403;24552;644.04;238.86;135.9;1.7575;0.7438;0.9743
320_R3_1dpi.jpg;320;3;1;34273;99.6499;0.283;0.0467;33952.5;725.57;244.98;179.85;1.3622;0.8104;0.9865
320_R3_3dpi.jpg;320;3;3;35316;99.3119;0.201;0.4814;34998.5;731.71;251.02;179.71;1.3968;0.8214;0.9855
320_R3_5dpi.jpg;320;3;5;34354;90.3854;8.6511;0.9606;34090.5;799.8;250.65;176.17;1.4228;0.6697;0.9803
320_R3_8dpi.jpg;320;3;8;32242;10.2568;26.1243;61.9751;32122.5;837.31;241.59;172.69;1.399;0.5758;0.9824
321_R1_1dpi.jpg;321;1;1;44945;95.2164;2.2783;2.3651;44611;813.01;258.68;225.6;1.1466;0.8481;0.9923
321_R1_3dpi.jpg;321;1;3;46030;92.683;4.1799;2.7851;45741;855.78;256.34;228.47;1.122;0.7849;0.9867
321_R1_5dpi.jpg;321;1;5;41286;93.109;2.9744;3.8124;40966.5;777.05;248.9;209.2;1.1898;0.8526;0.9933
321_R1_8dpi.jpg;321;1;8;41234;82.2064;12.303;5.2384;40953.5;790.65;248.76;210.23;1.1833;0.8233;0.9923
326_R1_1dpi.jpg;326;1;1;181366;98.4446;0.939;0.5497;180661.5;1764.31;509.91;451.07;1.1305;0.7293;0.9941
326_R1_3dpi.jpg;326;1;3;178963;99.8469;0.1319;0.0095;178274;1642.47;509.52;448.88;1.1351;0.8304;0.9961
326_R1_5dpi.jpg;326;1;5;172746;99.7754;0.1667;0.0533;172071.5;1609.4;499.18;442.29;1.1286;0.8348;0.9907
326_R1_8dpi.jpg;326;1;8;174592;97.1969;1.7555;1.0006;174132.5;1900.7;504.67;446.6;1.13;0.6057;0.9865
326_R2_1dpi.jpg;326;2;1;183891;99.7624;0.0685;0.0658;182808.5;2326.47;581.85;410.57;1.4172;0.4244;0.9769
326_R2_3dpi.jpg;326;2;3;183173;99.8411;0.0486;0.0131;182401;1914.26;585.45;405.64;1.4433;0.6255;0.9915
326_R2_5dpi.jpg;326;2;5;185098;99.9546;0.0367;0;184367.5;1754.94;593.28;405.33;1.4637;0.7523;0.9905
326_R2_8dpi.jpg;326;2;8;184774;99.4626;0.5055;0.0265;184031.5;1808.54;576.34;406.15;1.419;0.707;0.9891
326_R3_1dpi.jpg;326;3;1;259332;99.9745;0.0208;0.0039;258509.5;2104.41;715.12;474.33;1.5076;0.7335;0.9935
326_R3_3dpi.jpg;326;3;3;258896;99.9985;0;0;258066;2102.79;698.18;471.7;1.4801;0.7334;0.994
326_R3_5dpi.jpg;326;3;5;259388;99.9884;0.0085;0;258578;2072.83;711.04;463.85;1.5329;0.7563;0.995
326_R3_8dpi.jpg;326;3;8;255295;96.0332;2.7239;1.2139;254684;2375.07;712.12;464.89;1.5318;0.5674;0.9911
327_R1_1dpi.jpg;327;1;1;145492;98.3222;0.8344;0.7574;144790;1731.58;468.31;407.43;1.1494;0.6068;0.9512
327_R1_3dpi.jpg;327;1;3;145202;99.8685;0.0944;0.0248;144486;1722.27;467.09;406.85;1.1481;0.6121;0.9298
327_R1_5dpi.jpg;327;1;5;138555;99.3649;0.3573;0.231;137853.5;1680.71;451.51;392.21;1.1512;0.6133;0.9352
327_R1_8dpi.jpg;327;1;8;135251;99.3301;0.5582;0.0296;135681.5;2281.57;456.48;396.28;1.1519;0.3275;0.9551
327_R2_1dpi.jpg;327;2;1;141082;97.8268;0.2984;1.2333;140611;2493.56;497.75;370.28;1.3442;0.2842;0.9363
327_R2_3dpi.jpg;327;2;3;149456;99.0332;0.1679;0.374;148764;2116.74;499.81;387.14;1.291;0.4172;0.9216
327_R2_5dpi.jpg;327;2;5;157314;99.9682;0.0311;0;156535;1878.58;511.23;395.38;1.293;0.5574;0.9138
327_R2_8dpi.jpg;327;2;8;151166;98.804;1.0313;0.1495;150489.5;2117.44;497.48;391.8;1.2697;0.4218;0.9182
327_R3_1dpi.jpg;327;3;1;217281;98.9023;0.5638;0.4579;216281;2556.47;611.2;469.57;1.3016;0.4159;0.9115
327_R3_3dpi.jpg;327;3;3;224431;99.6636;0.2682;0.0281;223373.5;2512.67;626.42;467.75;1.3392;0.4446;0.9083
327_R3_5dpi.jpg;327;3;5;217053;99.5771;0.3806;0.0327;215954.5;2644.35;600.95;461.91;1.301;0.3881;0.9013
327_R3_8dpi.jpg;327;3;8;216117;91.0123;2.9813;5.9283;215265;2863.13;608.14;463.56;1.3119;0.33;0.8966
328_R1_1dpi.jpg;328;1;1;296981;99.5235;0.3529;0.0929;296233.5;2368.83;642.88;584.88;1.0992;0.6634;0.9912
328_R1_3dpi.jpg;328;1;3;302655;99.9428;0.0396;0.0066;301719;2253.88;649.02;594.67;1.0914;0.7464;0.988
328_R1_5dpi.jpg;328;1;5;293288;99.9032;0.0719;0.0143;292402.5;2208.44;637.01;590.68;1.0784;0.7534;0.983
328_R1_8dpi.jpg;328;1;8;307862;98.8602;0.8767;0.1449;307247;3017.74;659.09;608.74;1.0827;0.424;0.9785
328_R2_1dpi.jpg;328;2;1;107193;98.7257;0.6931;0.3741;106552;1601.65;409.81;345.35;1.1866;0.522;0.9523
328_R2_3dpi.jpg;328;2;3;149815;99.4066;0.1635;0.1108;149003;1863.93;463.36;415.63;1.1148;0.5389;0.9619
328_R2_5dpi.jpg;328;2;5;145605;99.9375;0.0598;0;144949.5;1623.03;489.7;382.23;1.2812;0.6915;0.9627
328_R2_8dpi.jpg;328;2;8;139029;99.3275;0.6135;0.0266;138487.5;2014.3;479.35;371.63;1.2899;0.4289;0.963
328_R3_1dpi.jpg;328;3;1;190343;99.9091;0.0436;0.0189;189687;1850.21;542.45;450.56;1.2039;0.6963;0.9934
328_R3_3dpi.jpg;328;3;3;198152;99.9389;0.0333;0;197524;1783.87;551.56;460.46;1.1978;0.78;0.9927
328_R3_5dpi.jpg;328;3;5;198396;99.9572;0.0403;0.0015;197814.5;1762.57;546.19;463.81;1.1776;0.8002;0.9886
328_R3_8dpi.jpg;328;3;8;203112;97.5304;1.2274;1.1575;202650.5;2083.59;549.12;477.14;1.1509;0.5866;0.9914
M1_R1_1dpi.jpg;M1;1;1;181407;99.8694;0.0849;0.0033;180361;2267.9;526.24;439.59;1.1971;0.4407;0.9582
M1_R1_3dpi.jpg;M1;1;3;178061;80.3247;7.0476;12.0459;177259.5;2212.64;532.93;434.47;1.2266;0.455;0.9778
M1_R1_5dpi.jpg;M1;1;5;171167;36.6724;13.3162;49.4248;170605.5;1748.45;550.87;407.58;1.3516;0.7013;0.9679
M1_R1_8dpi.jpg;M1;1;8;170683;14.5838;13.1911;72.0658;170342.5;2068.02;551.06;404.05;1.3638;0.5005;0.9552
M100_R3_1dpi.jpg;M100;3;1;86248;99.9026;0.0823;0.0139;85728.5;1183.99;387.12;290.82;1.3311;0.7685;0.9915
M100_R3_3dpi.jpg;M100;3;3;88295;99.9932;0.0034;0;87753;1229.46;412.5;291.51;1.415;0.7295;0.9479
M100_R3_5dpi.jpg;M100;3;5;83927;99.8749;0.1251;0;83387.5;1262.7;418.99;272.34;1.5385;0.6572;0.9413
M100_R3_8dpi.jpg;M100;3;8;75383;99.7241;0.1857;0.0119;74838.5;1270.35;423.25;254.41;1.6637;0.5828;0.9046
M108_R3_1dpi.jpg;M108;3;1;140240;99.9415;0.0371;0.0029;139611.5;1736.91;507.35;362.43;1.3999;0.5815;0.9772
M108_R3_3dpi.jpg;M108;3;3;138499;99.9762;0.013;0.0058;137895.5;1567.66;504.47;353.63;1.4266;0.7051;0.9713
M108_R3_5dpi.jpg;M108;3;5;138228;99.9631;0.0369;0;137612;1715.36;510.11;354.22;1.4401;0.5877;0.966
M108_R3_8dpi.jpg;M108;3;8;138394;94.7823;3.8376;1.3599;137864.5;1629.11;508.18;347.49;1.4624;0.6528;0.9737
M114_R2_1dpi.jpg;M114;2;1;189654;99.2339;0.2378;0.3744;188976.5;2397.47;556.86;438.85;1.2689;0.4132;0.9726
M114_R2_3dpi.jpg;M114;2;3;186303;99.7225;0.1224;0.0607;185523.5;1941.2;538.52;454.46;1.185;0.6187;0.9654
M114_R2_5dpi.jpg;M114;2;5;198263;99.8199;0.1276;0.0267;197840;1819.07;557.35;468.14;1.1906;0.7513;0.9719
M114_R2_8dpi.jpg;M114;2;8;193892;97.2464;2.3658;0.3858;193187;2080.17;564.64;448.41;1.2592;0.561;0.9717
M115_R1_1dpi.jpg;M115;1;1;190794;99.9476;0.0367;0.0005;189893.5;1986.96;563.43;440.1;1.2802;0.6044;0.9825
M115_R1_3dpi.jpg;M115;1;3;182573;98.577;0.4973;0.8966;181447.5;1955.56;546.93;426.61;1.282;0.5962;0.9779
M115_R1_5dpi.jpg;M115;1;5;170295;90.5235;2.6707;6.7348;169576.5;1888.02;549.91;400.27;1.3738;0.5978;0.9678
M115_R1_8dpi.jpg;M115;1;8;176350;55.1052;26.0817;18.6629;177478;1977.03;555.91;427.11;1.3016;0.5706;0.9631
M13_R1_1dpi.jpg;M13;1;1;189292;99.4548;0.2884;0.2309;188505.5;1929.66;557.53;446.79;1.2478;0.6362;0.9848
M13_R1_3dpi.jpg;M13;1;3;188063;98.9137;0.3323;0.7349;187304;1765.68;550.99;436.25;1.263;0.755;0.9849
M13_R1_5dpi.jpg;M13;1;5;179560;94.6135;2.3803;2.9416;178829;1686.14;541.13;431.75;1.2533;0.7904;0.9765
M13_R1_8dpi.jpg;M13;1;8;175593;54.271;25.9321;19.0976;176457.5;2102.11;530.99;421.3;1.2604;0.5018;0.9612
M147_R1_1dpi.jpg;M147;1;1;118000;99.3771;0.3441;0.2237;117463;1450.4;406.45;372.34;1.0916;0.7017;0.9906
M147_R1_3dpi.jpg;M147;1;3;123935;99.8507;0.1105;0.0282;123366.5;1412.24;429.13;369.95;1.16;0.7773;0.9924
M147_R1_5dpi.jpg;M147;1;5;118263;99.9594;0.0372;0;117706.5;1364.09;416.13;368.16;1.1303;0.7949;0.9879
M147_R1_8dpi.jpg;M147;1;8;120434;98.1915;1.5253;0.1553;120022;1457.05;421.52;368.75;1.1431;0.7104;0.9935
M150_R1_1dpi.jpg;M150;1;1;157699;98.993;0.5498;0.4096;157019;1780.04;486.23;423.12;1.1491;0.6227;0.9713
M150_R1_3dpi.jpg;M150;1;3;158837;99.9333;0.0258;0.0334;158120.5;1619.01;492.37;417.81;1.1784;0.7581;0.9641
M150_R1_5dpi.jpg;M150;1;5;155576;99.1811;0.2597;0.547;154907;1589.31;486.28;406.56;1.1961;0.7707;0.9691
M150_R1_8dpi.jpg;M150;1;8;172272;97.4099;1.9185;0.5097;171044;2414.99;508.51;443.86;1.1456;0.3685;0.9591
M150_R2_1dpi.jpg;M150;2;1;117872;98.3838;1.0257;0.4496;117708;1606.13;440.22;348.38;1.2636;0.5734;0.9857
M150_R2_3dpi.jpg;M150;2;3;118403;99.2441;0.2145;0.1714;117824;1696.07;444.68;350.5;1.2687;0.5147;0.9775
M150_R2_5dpi.jpg;M150;2;5;121748;99.8973;0.0756;0.0172;121191.5;1424.46;442.34;358.16;1.235;0.7506;0.9754
M150_R2_8dpi.jpg;M150;2;8;122233;78.3193;20.5665;1.0922;121782;1484.53;446.04;356.48;1.2512;0.6944;0.9852
M156_R3_1dpi.jpg;M156;3;1;127325;99.8343;0.0966;0.044;126727;1470.88;450.46;364.28;1.2366;0.7361;0.9878
M156_R3_3dpi.jpg;M156;3;3;131444;94.7833;2.6818;2.4847;130839;1454.4;443.16;380.54;1.1646;0.7773;0.9877
M156_R3_5dpi.jpg;M156;3;5;130360;80.9259;15.7679;3.3009;129751.5;1437.89;440.62;374.26;1.1773;0.7886;0.9901
M156_R3_8dpi.jpg;M156;3;8;126127;23.6999;24.3477;51.5258;125993;1420.17;444.03;368.2;1.2059;0.785;0.9929
M159_R2_1dpi.jpg;M159;2;1;155641;99.3357;0.2287;0.1966;154846.5;2185.45;475.05;420.35;1.1301;0.4074;0.9701
M159_R2_3dpi.jpg;M159;2;3;145006;96.7457;0.0469;0.0379;145761.5;1585.98;454.64;413.96;1.0983;0.7282;0.9896
M159_R2_5dpi.jpg;M159;2;5;159550;93.948;3.1094;2.937;158934.5;1655.31;473.66;430.03;1.1015;0.7289;0.988
M159_R2_8dpi.jpg;M159;2;8;131763;4.7616;24.6093;70.6162;131282;1603.96;444.18;381.66;1.1638;0.6413;0.987
M163_R1_1dpi.jpg;M163;1;1;104640;99.8786;0.1175;0;104095.5;1287.67;416.08;321.79;1.293;0.7889;0.9896
M163_R1_3dpi.jpg;M163;1;3;108034;98.2015;0.8257;0.9506;107527;1386.54;423.87;325.36;1.3028;0.7029;0.9811
M163_R1_5dpi.jpg;M163;1;5;110572;83.3285;3.3806;13.2131;110018;1404.68;430.42;334.01;1.2886;0.7007;0.9857
M163_R1_8dpi.jpg;M163;1;8;113506;66.2027;9.4559;24.1829;113365.5;1716.91;448.72;331.48;1.3537;0.4833;0.9806
M163_R3_1dpi.jpg;M163;3;1;142905;99.8544;0.1085;0.007;142291.5;1538.04;480.72;385.49;1.247;0.7559;0.9951
M163_R3_3dpi.jpg;M163;3;3;145188;99.2582;0.4408;0.2762;144555;1526.34;486.07;389.66;1.2474;0.7797;0.992
M163_R3_5dpi.jpg;M163;3;5;144303;92.0071;6.1489;1.8392;143663;1508.4;480.81;393.52;1.2218;0.7935;0.9936
M163_R3_8dpi.jpg;M163;3;8;142225;61.6361;7.0037;31.2751;141708.5;1511.27;475.24;384.34;1.2365;0.7797;0.9953
M166_R3_1dpi.jpg;M166;3;1;118858;99.3959;0.3693;0.1615;118246;1420.02;422.09;363.25;1.162;0.7369;0.9804
M166_R3_3dpi.jpg;M166;3;3;122658;98.8464;0.4549;0.675;122083;1378.54;425.34;367.84;1.1563;0.8073;0.9805
M166_R3_5dpi.jpg;M166;3;5;118153;84.8739;7.4522;7.6646;117635;1504.44;424.03;354.55;1.196;0.6531;0.9815
M166_R3_8dpi.jpg;M166;3;8;113121;48.312;20.684;30.7114;112991.5;1534.29;423.37;342.61;1.2357;0.6032;0.9786
M175_R3_1dpi.jpg;M175;3;1;107529;98.8924;0.7142;0.3422;106975;1373.65;423.39;329.88;1.2835;0.7124;0.9758
M175_R3_3dpi.jpg;M175;3;3;111746;99.0872;0.3893;0.4582;111212.5;1354.38;413.96;347.18;1.1923;0.7619;0.9851
M175_R3_5dpi.jpg;M175;3;5;108538;97.1632;1.9348;0.8992;108785;1463.33;414.57;336.45;1.2322;0.6384;0.9721
M175_R3_8dpi.jpg;M175;3;8;104055;72.9432;9.5757;16.6412;103712.5;1372.32;406.91;322.81;1.2605;0.692;0.9832
M202_R2_1dpi.jpg;M202;2;1;135926;99.8146;0.1126;0.0346;135422;1569.47;492.43;361.97;1.3604;0.6909;0.9921
M202_R2_3dpi.jpg;M202;2;3;142435;99.9108;0.0028;0.0021;141826;1578.39;500.74;366.97;1.3645;0.7154;0.9807
M202_R2_5dpi.jpg;M202;2;5;146128;99.9658;0.0308;0;145454.5;1574.34;504.89;364.96;1.3834;0.7375;0.988
M202_R2_8dpi.jpg;M202;2;8;146648;78.7109;20.5267;0.7562;146022;1725.18;512.02;366.35;1.3976;0.6165;0.9878
M221_R1_1dpi.jpg;M221;1;1;140909;96.3828;1.2519;2.239;140762;1769.5;484.68;376.97;1.2857;0.5649;0.9879
M221_R1_3dpi.jpg;M221;1;3;154271;96.9988;1.5;1.4118;154225;2020.9;501.87;397.94;1.2612;0.4745;0.9737
M221_R1_5dpi.jpg;M221;1;5;141487;99.7484;0.1845;0.0403;141041;1547.21;493.07;378.04;1.3043;0.7404;0.9699
M221_R1_8dpi.jpg;M221;1;8;146068;97.6983;1.4959;0.4792;146376;2397.85;530.2;367.55;1.4425;0.3199;0.9731
M232_R1_1dpi.jpg;M232;1;1;102335;98.6886;0.558;0.6381;101860.5;1450.35;384.25;343.69;1.118;0.6085;0.9851
M232_R1_3dpi.jpg;M232;1;3;102076;99.9589;0.0333;0;101526;1248.83;370.59;360.38;1.0283;0.818;0.982
M232_R1_5dpi.jpg;M232;1;5;99914;99.8959;0.0751;0.001;99371.5;1231.76;366.2;347.87;1.0527;0.823;0.9859
M232_R1_8dpi.jpg;M232;1;8;106264;97.7641;2.044;0.1129;105973.5;1331.75;381.62;361.28;1.0563;0.7509;0.9934
M234_R3_8dpi.jpg;M234;3;8;129321;89.1518;3.8285;6.8512;128840;1621.93;566.68;309.07;1.8335;0.6155;0.9728
M239_R3_1dpi.jpg;M239;3;1;124710;99.9423;0.0417;0.0056;124140.5;1538.43;536.09;314.57;1.7042;0.6591;0.9617
M239_R3_3dpi.jpg;M239;3;3;122451;99.9094;0.0637;0.0155;121802;1544.39;542.09;300.02;1.8069;0.6417;0.9474
M239_R3_5dpi.jpg;M239;3;5;130099;99.6864;0.2752;0.0369;129480.5;1575.82;553.63;310.85;1.781;0.6552;0.9637
M241_R3_1dpi.jpg;M241;3;1;92948;99.8752;0.0936;0.0215;92456;1209;398.78;302.8;1.317;0.7949;0.9833
M241_R3_3dpi.jpg;M241;3;3;100075;99.7392;0.1159;0.1359;99528;1299.97;421.66;307.19;1.3726;0.7401;0.9819
M241_R3_5dpi.jpg;M241;3;5;101867;99.3158;0.484;0.1698;101548;1447.45;425.42;311.39;1.3662;0.6091;0.9776
M241_R3_8dpi.jpg;M241;3;8;102740;72.2591;13.6383;13.176;102725;1441.31;430.11;305.74;1.4068;0.6214;0.9811
M242_R1_1dpi.jpg;M242;1;1;149294;99.1212;0.4213;0.3644;148676.5;1769.82;497.44;383.95;1.2956;0.5965;0.9914
M242_R1_3dpi.jpg;M242;1;3;134037;71.7429;7.777;19.9355;133641.5;1574.12;474.39;365.79;1.2969;0.6778;0.988
M242_R1_5dpi.jpg;M242;1;5;126074;19.0063;13.995;66.6148;125522.5;1435.63;452.35;361.52;1.2512;0.7653;0.9867
M242_R1_8dpi.jpg;M242;1;8;124271;4.2085;5.0157;90.6961;123813;1441.05;453.8;353.19;1.2849;0.7492;0.9952
M244_R2_1dpi.jpg;M244;2;1;59859;99.7076;0.1253;0;59278;1375.63;346.17;228.69;1.5137;0.3936;0.966
M244_R2_3dpi.jpg;M244;2;3;50272;99.8687;0.0278;0.0139;49769;1081.72;370.31;189.02;1.9591;0.5345;0.9636
M244_R2_5dpi.jpg;M244;2;5;54098;99.9372;0.0444;0;54999;1157;365.7;195.84;1.8673;0.5163;0.9628
M244_R2_8dpi.jpg;M244;2;8;66605;99.7748;0.1997;0;66070;1327.71;384.07;226.79;1.6935;0.471;0.9603
M249_R1_1dpi.jpg;M249;1;1;139799;99.3627;0.3169;0.3097;139189;1564.08;502.56;361.39;1.3906;0.715;0.9906
M249_R1_3dpi.jpg;M249;1;3;146084;96.7087;1.4314;1.736;145542;1597.94;525.21;365.68;1.4362;0.7163;0.9836
M249_R1_5dpi.jpg;M249;1;5;136874;90.0412;2.9217;6.902;136257.5;1504.15;502.77;363.77;1.3821;0.7568;0.9689
M249_R1_8dpi.jpg;M249;1;8;142627;64.4443;19.0609;16.0404;143018;2094.21;501.75;369.29;1.3587;0.4098;0.9824
M251_R1_1dpi.jpg;M251;1;1;174660;99.8964;0.0744;0.0046;173883;1899.72;508.24;447.37;1.136;0.6055;0.9895
M251_R1_3dpi.jpg;M251;1;3;176927;99.6948;0.2176;0.0373;176063.5;1835.26;536.29;439.88;1.2192;0.6569;0.9691
M251_R1_5dpi.jpg;M251;1;5;170018;99.9553;0.0294;0;169259;1774.99;519.77;429.97;1.2089;0.6751;0.9718
M251_R1_8dpi.jpg;M251;1;8;176087;99.0857;0.4986;0.2306;175548.5;1967;538.25;436.74;1.2324;0.5702;0.9631
M259_R3_1dpi.jpg;M259;3;1;127950;99.2716;0.4767;0.2071;127328.5;1446.35;437.78;382.04;1.1459;0.7649;0.9638
M259_R3_3dpi.jpg;M259;3;3;134764;96.1503;1.9174;1.8863;134126.5;1495.81;446.37;392.64;1.1369;0.7533;0.9613
M259_R3_5dpi.jpg;M259;3;5;134171;83.4867;13.8301;2.6794;133904.5;1602.12;449.13;388.13;1.1572;0.6556;0.9612
M259_R3_8dpi.JPG;M259;3;8;116126;24.8721;26.2405;47.5036;116248;1505.53;450.85;338.65;1.3313;0.6445;0.9464
M26_R3_1dpi.jpg;M26;3;1;99019;99.385;0.3656;0.099;98344.5;1366.52;419.67;307.86;1.3632;0.6618;0.9787
M26_R3_3dpi.jpg;M26;3;3;100089;99.9141;0.052;0.001;99542.5;1303.49;436.84;294.91;1.4813;0.7362;0.9811
M26_R3_5dpi.jpg;M26;3;5;99244;99.6685;0.264;0.0524;98666;1359.19;441;290.55;1.5178;0.6711;0.9767
M26_R3_8dpi.jpg;M26;3;8;94748;99.6549;0.3103;0.0063;94185;1447.33;450.45;272.76;1.6515;0.565;0.9836
M279_R1_1dpi.jpg;M279;1;1;162970;99.1256;0.613;0.2393;162295;1651.56;497.03;420;1.1834;0.7477;0.9892
M279_R1_3dpi.jpg;M279;1;3;162711;86.6672;4.8737;8.2926;162131;1648.87;502.88;416.54;1.2073;0.7494;0.9853
M279_R1_5dpi.jpg;M279;1;5;159475;58.2386;8.8923;32.5568;158974.5;1762.63;489.09;413.22;1.1836;0.643;0.9681
M279_R1_8dpi.jpg;M279;1;8;155043;21.5031;18.9638;59.3661;162630.5;2337.4;522.32;403.04;1.2959;0.3741;0.9637
M29_R1_1dpi.jpg;M29;1;1;182828;99.1653;0.4966;0.3293;182110;1851.52;519.63;451.35;1.1513;0.6676;0.979
M29_R1_3dpi.jpg;M29;1;3;172054;94.7086;2.1017;2.9148;171394;1823.05;538.92;421.41;1.2788;0.6481;0.9764
M29_R1_5dpi.jpg;M29;1;5;163312;70.4712;10.4683;18.5639;162993.5;1638.95;506.22;419.12;1.2078;0.7625;0.9846
M29_R1_8dpi.jpg;M29;1;8;154672;29.7462;31.4924;38.2176;165567.5;2288.95;524.3;408.39;1.2838;0.3971;0.9707
M295_R3_1dpi.jpg;M295;3;1;117234;99.2357;0.4871;0.209;116634;1462.7;442.31;344.37;1.2844;0.685;0.9734
M295_R3_3dpi.jpg;M295;3;3;118604;99.5936;0.3845;0.0051;118009.5;1427.69;442.76;348.12;1.2719;0.7275;0.9751
M295_R3_5dpi.jpg;M295;3;5;121353;98.9963;0.9435;0.0437;120906;1433.45;446.08;350.68;1.272;0.7394;0.9724
M295_R3_8dpi.jpg;M295;3;8;119631;71.2583;26.2892;1.3475;120248;1594.99;435.44;355.51;1.2248;0.594;0.9828
M302_R3_1dpi.jpg;M302;3;1;153186;99.9093;0.0809;0.0007;152761.5;1574.26;474.81;412.25;1.1517;0.7746;0.9915
M302_R3_3dpi.jpg;M302;3;3;149186;99.762;0.2105;0.0114;148577.5;1540.29;490.14;390.31;1.2558;0.787;0.9873
M302_R3_5dpi.jpg;M302;3;5;142792;98.8998;1.0806;0.0182;145906;1695.72;470.58;400.65;1.1745;0.6376;0.977
M302_R3_8dpi.jpg;M302;3;8;136407;28.5814;26.4803;43.6437;137360;1896.6;464.39;375.53;1.2366;0.4799;0.9788
M305_R1_1dpi.jpg;M305;1;1;178779;97.5288;1.4957;0.872;178383;1893.98;521.79;441.18;1.1827;0.6249;0.9751
M305_R1_3dpi.jpg;M305;1;3;161939;76.0002;9.2282;14.6135;161585.5;1711.68;531.62;398.3;1.3347;0.6931;0.9582
M305_R1_5dpi.jpg;M305;1;5;149544;25.553;11.2943;62.9026;149215.5;1578.91;543.91;358.49;1.5172;0.7522;0.9813
M305_R1_8dpi.jpg;M305;1;8;143940;13.2368;11.6806;74.5929;144347;1970.57;530.35;361.33;1.4677;0.4671;0.9619
M315_R2_1dpi.jpg;M315;2;1;76984;99.2349;0.53;0.0805;76636;1416.5;367.14;267.97;1.3701;0.48;0.9824
M315_R2_3dpi.jpg;M315;2;3;81933;99.6937;0.1306;0.0305;81478;1363.68;375.2;280.07;1.3397;0.5506;0.9791
M315_R2_5dpi.jpg;M315;2;5;84463;99.8224;0.1681;0;83947.5;1240.5;393.61;278.78;1.4119;0.6855;0.958
M315_R2_8dpi.jpg;M315;2;8;87051;87.8588;8.0711;4.0321;86608.5;1252.78;392.87;288.08;1.3638;0.6935;0.9737
M32_R2_1dpi.jpg;M32;2;1;151173;98.5546;0.6079;0.7237;150538;1928.41;527.19;372.24;1.4163;0.5087;0.9838
M32_R2_3dpi.jpg;M32;2;3;146415;99.4058;0.0519;0.0717;146031;1690.39;536.06;355.35;1.5085;0.6422;0.984
M32_R2_5dpi.jpg;M32;2;5;155021;98.2267;1.1431;0.5657;154404;1682.24;558.78;362.1;1.5432;0.6856;0.9818
M32_R2_8dpi.jpg;M32;2;8;135014;14.2652;72.9376;12.7957;134654;1706.47;555.48;323.06;1.7195;0.5811;0.95
M326_R1_1dpi.jpg;M326;1;1;136725;98.8868;0.7014;0.3591;136030.5;1632.98;491.65;354.25;1.3879;0.641;0.9829
M326_R1_3dpi.jpg;M326;1;3;137491;99.6713;0.1549;0.1367;136822;1524.25;516.79;348.13;1.4845;0.74;0.9822
M326_R1_5dpi.jpg;M326;1;5;129035;99.2436;0.3495;0.3588;128394.5;1496.3;505.62;333.46;1.5163;0.7206;0.9792
M326_R1_8dpi.jpg;M326;1;8;134165;98.0867;1.1657;0.72;133627.5;1731.37;530.29;325.78;1.6277;0.5602;0.9846
M42_R2_1dpi.jpg;M42;2;1;208498;99.2249;0.2791;0.3765;208290.5;2365.76;583.59;476.28;1.2253;0.4677;0.9246
M42_R2_3dpi.jpg;M42;2;3;191453;98.8357;0.1107;0.2303;193166;2207.93;592.24;463;1.2791;0.4979;0.914
M42_R2_5dpi.jpg;M42;2;5;201835;87.7395;6.5529;5.6393;202137;2308.43;596.74;464.71;1.2841;0.4767;0.9232
M42_R2_8dpi.jpg;M42;2;8;183394;16.2377;28.3575;55.3993;183267.5;2126.2;602.28;441.11;1.3654;0.5094;0.9195
M44_R3_1dpi.jpg;M44;3;1;153173;99.8982;0.062;0.0353;152551;1583.7;495.45;411.26;1.2047;0.7643;0.9725
M44_R3_3dpi.jpg;M44;3;3;160148;98.4733;0.7755;0.66;159595.5;1610.57;495.03;419.92;1.1789;0.7732;0.9731
M44_R3_5dpi.jpg;M44;3;5;155407;79.7023;16.1679;4.1253;154966;1710.13;494.26;415.55;1.1894;0.6659;0.9718
M44_R3_8dpi.jpg;M44;3;8;154986;34.7986;19.0101;46.068;154419;1943.69;496.36;411.77;1.2054;0.5136;0.9611
M45_R2_1dpi.jpg;M45;2;1;93449;99.6672;0.1862;0.0524;93061.5;1353.87;418.33;297.67;1.4053;0.638;0.9634
M45_R2_3dpi.jpg;M45;2;3;94572;99.4533;0.1724;0.0285;94076.5;1431.81;419.53;290.53;1.444;0.5767;0.9527
M45_R2_5dpi.jpg;M45;2;5;99678;98.9607;0.8909;0.1294;99664;1517.73;437;294.38;1.4845;0.5437;0.956
M45_R2_8dpi.jpg;M45;2;8;86524;29.7027;53.0211;17.275;86010;1274.34;392.19;289.03;1.3569;0.6656;0.9468
M45_R3_1dpi.jpg;M45;3;1;75823;99.7494;0.2202;0.0066;75348;1159.28;415.75;240.26;1.7304;0.7045;0.9628
M45_R3_3dpi.jpg;M45;3;3;95634;98.8561;0.8114;0.298;95122;1263.71;447.08;280.63;1.5931;0.7485;0.9891
M45_R3_5dpi.jpg;M45;3;5;97411;97.5383;1.8191;0.6416;97304;1430.7;462.42;283.1;1.6334;0.5974;0.9819
M45_R3_8dpi.jpg;M45;3;8;85487;63.7348;18.3876;16.8295;85683;1655.13;427.73;263.73;1.6219;0.393;0.9639
M5_R2_1dpi.jpg;M5;2;1;80506;99.8634;0.0609;0.0484;80046.5;1234.96;376.23;277.82;1.3542;0.6596;0.9879
M5_R2_3dpi.jpg;M5;2;3;84425;99.7655;0.0521;0.0237;83896.5;1223.02;385.2;288.14;1.3368;0.7048;0.9905
M5_R2_5dpi.jpg;M5;2;5;90992;99.8406;0.1286;0;90464;1204.15;402.41;294.41;1.3669;0.784;0.9813
M5_R2_8dpi.jpg;M5;2;8;90286;98.2101;1.4897;0.2093;89698.5;1377.24;402.59;291;1.3834;0.5943;0.9882
M70_R2_1dpi.jpg;M70;2;1;117671;99.655;0.1972;0.0756;117001.5;1515.83;434.49;349.67;1.2426;0.6399;0.9871
M70_R2_3dpi.jpg;M70;2;3;114183;99.8222;0.0228;0.0482;113719.5;1397.07;433.04;342.8;1.2633;0.7322;0.9839
M70_R2_5dpi.jpg;M70;2;5;116867;98.1252;1.2424;0.528;116263.5;1418.84;438.33;342.91;1.2782;0.7257;0.9845
M70_R2_8dpi.jpg;M70;2;8;114590;57.4736;29.9825;12.5098;114058.5;1416.78;434.24;338.25;1.2838;0.7141;0.9822
M74_R2_1dpi.jpg;M74;2;1;154090;98.715;0.8268;0.3511;153395;1767.32;492.69;406.81;1.2111;0.6171;0.9828
M74_R2_3dpi.jpg;M74;2;3;153807;99.4383;0.1762;0.0754;153471;1719.38;501.93;406.8;1.2338;0.6524;0.9872
M74_R2_5dpi.jpg;M74;2;5;162330;94.0325;3.0099;2.9415;162222;1627.3;495.35;417.4;1.1867;0.7698;0.9822
M74_R2_8dpi.jpg;M74;2;8;154515;39.4434;27.2964;33.2486;153995.5;1816.76;491.32;402.03;1.2221;0.5863;0.9801
M82_R2_1dpi.jpg;M82;2;1;165934;99.5962;0.2591;0.047;164587;2417.08;524.03;426.42;1.2289;0.354;0.9716
M82_R2_3dpi.jpg;M82;2;3;162393;99.0541;0.0899;0.0505;162179.5;1820.11;501.23;419.22;1.1956;0.6152;0.9851
M82_R2_5dpi.jpg;M82;2;5;170011;91.4735;4.4738;4.0403;169327.5;1666.37;517.47;422.26;1.2255;0.7663;0.9912
M82_R2_8dpi.jpg;M82;2;8;164611;18.8651;37.78;43.3446;163878;1752.69;508.02;413.26;1.2293;0.6704;0.9916
M93_R2_1dpi.jpg;M93;2;1;125293;97.3726;0.3847;1.8987;124978;1774.15;463.03;354.76;1.3052;0.499;0.9737
M93_R2_3dpi.jpg;M93;2;3;124080;99.0998;0.1443;0.2136;123520.5;1705.62;453.78;351.1;1.2925;0.5336;0.9781
M93_R2_5dpi.jpg;M93;2;5;129792;98.08;1.1834;0.7327;129209.5;1466.49;473.41;349.18;1.3558;0.755;0.9805
M93_R2_8dpi.jpg;M93;2;8;120652;53.2125;34.8498;11.9269;120173;1586.61;449.49;341.1;1.3178;0.5999;0.9921
M94_R2_1dpi.jpg;M94;2;1;48643;99.854;0.0473;0.0041;47992.5;1069.64;315.22;205.59;1.5332;0.5271;0.9611
M94_R2_3dpi.JPG;M94;2;3;61905;99.7528;0.0582;0.0113;61567;1050.83;331.77;244.55;1.3567;0.7006;0.9652
M94_R2_5dpi.jpg;M94;2;5;57962;99.9517;0.0466;0;57543;1024.77;325.89;234.57;1.3893;0.6886;0.9601
M94_R2_8dpi.jpg;M94;2;8;60262;99.2699;0.7086;0.0166;59769;1131.89;333.33;233.08;1.4301;0.5862;0.9667
M97_R3_1dpi.jpg;M97;3;1;179339;99.8455;0.1277;0.01;178668.5;1732.25;528.72;437.94;1.2073;0.7482;0.9898
M97_R3_3dpi.jpg;M97;3;3;173675;93.0704;5.8005;1.0669;173051.5;1657.34;511.37;438.7;1.1656;0.7917;0.9878
M97_R3_5dpi.jpg;M97;3;5;172756;74.7094;20.507;4.7836;176416;1705.24;515.64;439.35;1.1736;0.7624;0.9884
M97_R3_8dpi.jpg;M97;3;8;167878;1.8728;11.9569;86.025;167761.5;1716.19;503.66;429.78;1.1719;0.7158;0.9876
R1_R1_1dpi.jpg;R1;1;1;139829;96.1675;2.0926;1.5076;138938;2029.58;562.28;320.45;1.7547;0.4239;0.9436
R1_R1_3dpi.jpg;R1;1;3;142561;96.4289;3.0156;0.3465;142037;1929.3;553.34;329;1.6819;0.4795;0.9444
R1_R1_5dpi.jpg;R1;1;5;128814;97.8372;0.7429;1.3516;128238;1556.7;532.94;311.3;1.712;0.665;0.9411
R1_R1_8dpi.jpg;R1;1;8;138493;89.5475;6.9072;3.3135;137727;2269.77;577.06;324.76;1.7769;0.3359;0.9235
R103_R1_1dpi.jpg;R103;1;1;48947;99.381;0.5761;0.002;48611;939.8;325.71;197.69;1.6476;0.6916;0.985
R103_R1_3dpi.jpg;R103;1;3;55593;99.6366;0.2374;0.0036;55194.5;1057.64;360.77;205.52;1.7554;0.6201;0.9411
R103_R1_5dpi.jpg;R103;1;5;56740;99.3338;0.3877;0.1198;56400.5;1065.5;370.72;204.4;1.8137;0.6243;0.9371
R103_R1_8dpi.jpg;R103;1;8;57483;98.3543;1.1342;0.3375;57118;1169.57;363.58;206.99;1.7565;0.5247;0.9448
R108_R3_1dpi.jpg;R108;3;1;84468;98.6954;0.8666;0.2155;83905.5;1420.69;459.32;236.45;1.9426;0.5224;0.9375
R108_R3_3dpi.jpg;R108;3;3;90325;99.4321;0.3532;0.0111;89741;1543.21;476.84;251.52;1.8958;0.4735;0.9247
R108_R3_5dpi.jpg;R108;3;5;89894;99.5128;0.4706;0.0011;89249.5;1458.69;474.96;253.96;1.8702;0.5271;0.9257
R108_R3_8dpi.jpg;R108;3;8;89747;96.5013;1.2624;2.0424;89310.5;1383.03;482.05;248.12;1.9428;0.5867;0.9298
R118_R2_1dpi.jpg;R118;2;1;127071;98.3246;1.1993;0.144;126544.5;1946.48;554.78;298.18;1.8606;0.4197;0.9344
R118_R2_3dpi.jpg;R118;2;3;127222;99.0937;0.1698;0.0912;126798;1939.83;535.96;316.01;1.696;0.4234;0.9024
R118_R2_5dpi.jpg;R118;2;5;138894;97.3822;1.6819;0.7293;138492;1827.77;563.01;340.46;1.6537;0.5209;0.9288
R118_R2_8dpi.jpg;R118;2;8;135281;87.7899;10.0546;2.1289;134672;1828.12;541.43;335.15;1.6155;0.5064;0.9285
R123_R2_1dpi.JPG;R123;2;1;124361;99.3953;0.1431;0.0732;124091.5;1748.71;551.81;303.66;1.8172;0.5099;0.9351
R123_R2_3dpi.jpg;R123;2;3;120209;95.1934;0.3186;0.2246;122651.5;2130.33;547.87;305.38;1.7941;0.3396;0.9426
R123_R2_5dpi.jpg;R123;2;5;139378;92.186;2.8182;4.9204;138863.5;1734.28;565.96;328.77;1.7214;0.5802;0.9428
R123_R2_8dpi.jpg;R123;2;8;134790;15.8817;42.7131;41.377;134457;1660.07;537.04;331.2;1.6215;0.6131;0.9549
R127_R1_1dpi.jpg;R127;1;1;85654;99.4046;0.4623;0.0922;85173;1286.2;439.78;250.29;1.7571;0.647;0.9713
R127_R1_3dpi.jpg;R127;1;3;91420;98.8143;0.8488;0.1477;90853;1491.17;447.71;261.02;1.7153;0.5134;0.9468
R127_R1_5dpi.jpg;R127;1;5;86943;99.4985;0.3267;0.0345;86572;1263.43;445.97;257;1.7353;0.6815;0.9534
R127_R1_8dpi.jpg;R127;1;8;92653;97.9742;1.7236;0.1317;92299.5;1486.69;453.93;269.75;1.6828;0.5248;0.9703
R13_R1_1dpi.jpg;R13;1;1;131626;99.1309;0.5083;0.2484;131022.5;1630.06;514.07;321.04;1.6013;0.6197;0.9298
R13_R1_3dpi.jpg;R13;1;3;131559;99.4474;0.3519;0.073;131051.5;1638.95;527.94;336.32;1.5698;0.6131;0.9204
R13_R1_5dpi.jpg;R13;1;5;131974;98.3929;0.5516;0.9009;131428.5;1637.92;523.41;340.69;1.5363;0.6156;0.9181
R13_R1_8dpi.jpg;R13;1;8;139677;92.8592;2.5337;4.0851;139233;2714.95;545.74;343.71;1.5878;0.2374;0.9091
R134_R3_1dpi.jpg;R134;3;1;92226;98.816;0.9336;0.1193;91693.5;1419.04;493.89;255.38;1.9339;0.5722;0.9064
R134_R3_3dpi.jpg;R134;3;3;96419;98.8664;0.8287;0.2188;95814;1460.14;491.96;267.52;1.839;0.5647;0.9025
R134_R3_5dpi.jpg;R134;3;5;94840;99.4;0.5747;0.0063;94259;1476.5;492.13;267.31;1.841;0.5433;0.8977
R134_R3_8dpi.jpg;R134;3;8;93838;87.0756;5.3347;7.2987;93752;1477.62;490.87;262.35;1.8711;0.5396;0.9198
R152_R3_1dpi.jpg;R152;3;1;127662;99.83;0.1355;0.0204;126989.5;1595.49;546.02;297.18;1.8374;0.6269;0.9252
R152_R3_3dpi.jpg;R152;3;3;131384;99.9163;0.0601;0.0008;130696;1675.13;547.47;316.27;1.731;0.5853;0.9169
R152_R3_5dpi.jpg;R152;3;5;134074;99.1818;0.6094;0.1947;133372;1765.7;547.42;323.37;1.6929;0.5376;0.9144
R152_R3_8dpi.jpg;R152;3;8;131970;95.5967;2.1588;2.1171;131713.5;1708.75;539.55;313.89;1.7189;0.5669;0.9199
R155_R2_1dpi.jpg;R155;2;1;108497;97.5538;0.6857;1.1539;108216;2105.21;518.42;276.68;1.8737;0.3068;0.972
R155_R2_3dpi.jpg;R155;2;3;102399;98.7051;0.1865;0.2041;101924.5;1780.14;501.08;273.57;1.8316;0.4042;0.9303
R155_R2_5dpi.jpg;R155;2;5;108280;98.0735;1.2421;0.5098;107732.5;1666.6;514.87;280.58;1.835;0.4874;0.9181
R155_R2_8dpi.jpg;R155;2;8;110623;80.7834;12.8924;6.307;110028.5;1488.95;517.22;283;1.8276;0.6237;0.9504
R156_R1_1dpi.jpg;R156;1;1;102196;96.3179;2.7937;0.7975;101742;1527.05;504.62;272.71;1.8504;0.5483;0.9089
R156_R1_3dpi.jpg;R156;1;3;103144;98.9675;0.7456;0.1881;102550;1536.76;486.78;277.89;1.7517;0.5457;0.904
R156_R1_5dpi.jpg;R156;1;5;99610;98.9901;0.4869;0.4749;99030;1458.96;482.84;282.14;1.7113;0.5846;0.9108
R156_R1_8dpi.jpg;R156;1;8;108139;95.1738;3.1478;1.1263;107970.5;2129.67;506.33;287.59;1.7606;0.2992;0.922
R157_R3_1dpi.jpg;R157;3;1;85400;99.103;0.6616;0.1944;84845;1325.69;440.3;258.39;1.704;0.6067;0.899
R157_R3_3dpi.jpg;R157;3;3;86478;99.6485;0.2475;0.0104;85969.5;1315.58;428.54;266.51;1.608;0.6242;0.8923
R157_R3_5dpi.jpg;R157;3;5;85838;98.5729;1.2419;0.1747;85295;1327.4;431.38;264.78;1.6292;0.6083;0.8906
R157_R3_8dpi.jpg;R157;3;8;85510;94.4884;3.6487;1.6466;85032.5;1457.27;429.99;267.97;1.6046;0.5032;0.8809
R165_R3_1dpi.jpg;R165;3;1;124068;97.964;1.076;0.7899;123496;1660.84;523.81;323.24;1.6205;0.5626;0.9006
R165_R3_3dpi.jpg;R165;3;3;128730;99.3615;0.4521;0.0163;128117;1625.24;532.4;327.65;1.6249;0.6095;0.9049
R165_R3_5dpi.jpg;R165;3;5;126414;98.1094;1.3432;0.5466;125917.5;1687.36;526.7;323.56;1.6278;0.5557;0.9068
R165_R3_8dpi.jpg;R165;3;8;124878;78.9779;8.4498;12.4201;124791.5;1798.13;520.71;322.66;1.6138;0.485;0.9087
R17_R2_1dpi.jpg;R17;2;1;58081;98.9411;0.6112;0.2255;57698;1398.56;383.83;205.73;1.8656;0.3707;0.8821
R17_R2_3dpi.jpg;R17;2;3;60633;97.508;0.7158;0.5608;60094.5;1688.34;387.59;211.22;1.8349;0.2649;0.8723
R17_R2_5dpi.jpg;R17;2;5;66701;99.4603;0.3478;0.1679;66096;1470.56;408.44;218.13;1.8725;0.3841;0.8816
R17_R2_8dpi.jpg;R17;2;8;63750;26.7498;48.4769;24.7639;63270;1261.99;393.42;222.57;1.7676;0.4992;0.8726
R178_R3_1dpi.jpg;R178;3;1;83152;97.2195;1.5117;1.1689;82764;1372.56;436.94;261.59;1.6703;0.5521;0.8948
R178_R3_3dpi.jpg;R178;3;3;84558;98.9002;0.5499;0.5038;83991.5;1355.07;446.89;262.89;1.6999;0.5748;0.8773
R178_R3_5dpi.jpg;R178;3;5;84810;96.9001;2.6778;0.4198;84209;1430.79;440.66;264.29;1.6673;0.5169;0.8574
R178_R3_8dpi.jpg;R178;3;8;83496;28.8337;27.3989;42.9913;83331.5;1683;423.84;270.43;1.5673;0.3697;0.8561
R18_R1_1dpi.jpg;R18;1;1;98229;98.7753;0.6963;0.2983;97770;1552.42;478.59;272.24;1.7579;0.5098;0.9486
R18_R1_3dpi.jpg;R18;1;3;99271;98.5696;0.9006;0.3203;98649.5;1542.18;472.81;277.1;1.7062;0.5212;0.9224
R18_R1_5dpi.jpg;R18;1;5;98372;98.8635;0.7909;0.2348;97835.5;1437.69;475.07;287.02;1.6551;0.5948;0.9264
R18_R1_8dpi.jpg;R18;1;8;101263;90.4407;6.096;2.5755;101716.5;2882.25;511.35;280.5;1.823;0.1539;0.9192
R195_R2_1dpi.jpg;R195;2;1;91486;99.283;0.5061;0.0208;91273;1589.96;452.78;271.6;1.6671;0.4537;0.938
R195_R2_3dpi.jpg;R195;2;3;89530;99.0338;0.3206;0.1262;89014;1638.87;450.8;262.4;1.718;0.4165;0.9366
R195_R2_5dpi.jpg;R195;2;5;93610;99.5706;0.2991;0.0139;93294;1392.22;452.73;271.97;1.6646;0.6049;0.9479
R195_R2_8dpi.jpg;R195;2;8;91260;96.2996;2.9947;0.686;90695.5;1520.81;448.13;268.01;1.6721;0.4928;0.9236
R197_R2_1dpi.jpg;R197;2;1;123117;97.8224;0.5702;1.1526;122817.5;1873.71;530.1;311.78;1.7002;0.4396;0.9334
R197_R2_3dpi.jpg;R197;2;3;119273;97.4076;0.2389;0.4989;118833;2077.83;516.11;313.63;1.6456;0.3459;0.9089
R197_R2_5dpi.jpg;R197;2;5;128778;96.1802;2.7528;0.6321;129271.5;1625.34;541.32;329.43;1.6432;0.6149;0.9287
R197_R2_8dpi.jpg;R197;2;8;121774;70.6908;14.7026;14.6;121219.5;1630.17;516.88;317.82;1.6263;0.5732;0.9362
R215_R3_1dpi.jpg;R215;3;1;94939;96.6705;1.3419;1.6284;94331.5;1845.06;494;255.31;1.9349;0.3482;0.8896
R215_R3_3dpi.jpg;R215;3;3;95934;99.5153;0.3867;0.0511;95299;1560.44;489.17;273.25;1.7902;0.4918;0.8546
R215_R3_5dpi.jpg;R215;3;5;93912;99.1609;0.6272;0.1863;93323;1707.52;487.07;273.72;1.7794;0.4022;0.8436
R215_R3_8dpi.jpg;R215;3;8;97241;98.4142;1.0356;0.3157;96891;2166.65;499.64;276.6;1.8064;0.2594;0.8484
R219_R3_1dpi.jpg;R219;3;1;118457;99.3432;0.4516;0.0431;117918.5;1756.37;515.89;302.08;1.7078;0.4804;0.9033
R219_R3_3dpi.jpg;R219;3;3;121457;99.604;0.2511;0.0041;121068.5;1602;535.24;305.51;1.752;0.5928;0.9056
R219_R3_5dpi.jpg;R219;3;5;123416;96.8221;3.1212;0.0454;122972.5;1637.66;532.05;319.43;1.6656;0.5762;0.8967
R219_R3_8dpi.jpg;R219;3;8;115636;54.8393;21.7631;20.8084;116638.5;1761.26;509.41;312.76;1.6288;0.4725;0.8996
R234_R3_8dpi.jpg;R234;3;8;65739;99.5163;0.4472;0.0046;65440.5;1300.04;407.25;232.67;1.7504;0.4866;0.8741
R237_R1_1dpi.jpg;R237;1;1;112478;98.774;1.0438;0.1307;112719.5;1535.89;490.53;308.8;1.5885;0.6005;0.9401
R237_R1_3dpi.jpg;R237;1;3;113449;99.3028;0.4425;0.0846;112779;1883.64;482.22;304.47;1.5838;0.3994;0.9286
R237_R1_5dpi.jpg;R237;1;5;110577;96.7037;1.3484;1.6025;110424.5;1600.6;476.76;309.21;1.5419;0.5416;0.928
R237_R1_8dpi.jpg;R237;1;8;112867;89.4407;6.7965;3.42;113071;1750.47;495.91;313.44;1.5821;0.4637;0.9149
R239_R3_1dpi.jpg;R239;3;1;62360;96.7976;2.1745;0.7296;61966.5;1155.67;392.19;225.4;1.7399;0.583;0.9013
R239_R3_3dpi.jpg;R239;3;3;67635;98.8541;0.8886;0.0636;67141.5;1276.72;412.36;229.36;1.7978;0.5176;0.8871
R239_R3_5dpi.jpg;R239;3;5;64336;99.7995;0.1943;0;63861;1234.05;404.05;217.32;1.8592;0.527;0.8875
R240_R2_1dpi.jpg;R240;2;1;120679;98.3734;0.7168;0.5759;120130.5;1993.68;536.9;295.22;1.8186;0.3798;0.8952
R240_R2_3dpi.jpg;R240;2;3;117971;98.5785;0.5518;0.2568;117108.5;2101.1;535.63;301.28;1.7779;0.3334;0.894
R240_R2_5dpi.jpg;R240;2;5;120896;99.6691;0.22;0.0513;120633;1712.47;522.54;313.36;1.6676;0.5169;0.9021
R240_R2_8dpi.jpg;R240;2;8;117605;93.5343;5.1996;1.2474;117142.5;1833.91;535.71;296.98;1.8039;0.4377;0.9247
R241_R3_1dpi.jpg;R241;3;1;131214;99.4223;0.3856;0.0915;130549;1665.62;563.85;311.5;1.8101;0.5913;0.9124
R241_R3_3dpi.jpg;R241;3;3;133735;99.7959;0.1667;0.0037;133023;1681.13;566.27;316.4;1.7898;0.5915;0.9016
R241_R3_5dpi.jpg;R241;3;5;130019;99.9108;0.0838;0;129479;1850.61;558.35;313.24;1.7825;0.4751;0.9107
R241_R3_8dpi.jpg;R241;3;8;130200;86.1551;7.1982;6.331;130452.5;1832.59;556.97;319.19;1.7449;0.4881;0.9048
R244_R2_1dpi.jpg;R244;2;1;91106;97.6335;1.3907;0.6531;90673;1832.69;447.43;268.03;1.6693;0.3392;0.9267
R244_R2_3dpi.jpg;R244;2;3;88208;98.7529;0.7199;0.1576;87605;1732.47;458.06;256.27;1.7874;0.3668;0.9215
R244_R2_5dpi.jpg;R244;2;5;93227;99.4422;0.4741;0.0021;92826;1514.41;452.89;271.47;1.6683;0.5086;0.9313
R244_R2_8dpi.jpg;R244;2;8;94665;96.8404;3.0941;0.0412;94278;1386.56;454.54;278.97;1.6294;0.6162;0.9331
R248_R2_1dpi.jpg;R248;2;1;84839;97.9125;0.5269;0.5375;84575;1802.02;438.18;267.98;1.6351;0.3273;0.9446
R248_R2_3dpi.jpg;R248;2;3;87095;96.0951;0.2652;0.5902;86976.5;1768.32;444.95;271.22;1.6405;0.3495;0.9214
R248_R2_5dpi.jpg;R248;2;5;91747;98.91;0.6191;0.0327;91535;1423.51;457.85;270.94;1.6898;0.5676;0.9256
R248_R2_8dpi.jpg;R248;2;8;94129;83.5407;13.9351;2.5104;93894.5;1628.75;461.06;268.44;1.7176;0.4448;0.9471
R249_R1_1dpi.jpg;R249;1;1;137771;99.227;0.5865;0.1147;137143;1667.84;544.5;333.76;1.6314;0.6195;0.9323
R249_R1_3dpi.jpg;R249;1;3;140407;98.8676;0.6994;0.2763;139819;1692.24;545.29;347.21;1.5705;0.6136;0.9449
R249_R1_5dpi.jpg;R249;1;5;138839;94.3359;3.373;2.0542;138409.5;1648.63;551.33;335.3;1.6443;0.6399;0.9396
R249_R1_8dpi.jpg;R249;1;8;142861;84.2672;11.0996;3.6994;143599;3359.33;563.84;352.97;1.5974;0.1599;0.9304
R256_R1_1dpi.jpg;R256;1;1;104365;99.8793;0.0997;0;103936.5;1412.86;460.92;300.2;1.5354;0.6543;0.9682
R256_R1_3dpi.jpg;R256;1;3;105727;99.1232;0.2109;0.6375;105196;1451.17;461.22;297.79;1.5488;0.6277;0.9557
R256_R1_5dpi.jpg;R256;1;5;103307;98.8307;0.3049;0.8354;102728.5;1393.33;462.96;297.64;1.5554;0.665;0.9482
R256_R1_8dpi.jpg;R256;1;8;106329;96.6848;1.3665;1.7822;106024.5;1679.52;472.48;291.44;1.6212;0.4723;0.9757
R270_R1_1dpi.jpg;R270;1;1;107101;99.3035;0.4622;0.1195;106527.5;1632.4;482.18;293.02;1.6455;0.5024;0.9335
R270_R1_3dpi.jpg;R270;1;3;114351;95.5077;2.8343;1.2156;113991;1845.11;484.58;314.53;1.5407;0.4208;0.9552
R270_R1_5dpi.jpg;R270;1;5;104641;68.8812;6.012;24.5028;104290.5;1594.26;478.48;287.15;1.6663;0.5156;0.9284
R270_R1_8dpi.jpg;R270;1;8;107618;62.6642;5.1627;31.5858;107970.5;1575.78;485.51;299.79;1.6195;0.5464;0.9448
R285_R1_1dpi.jpg;R285;1;1;96945;99.7813;0.1785;0.0062;97325;1588.67;465.17;274.82;1.6926;0.4846;0.879
R285_R1_3dpi.jpg;R285;1;3;104394;99.5958;0.2462;0.0642;103666.5;1849.31;486.9;285.83;1.7035;0.3809;0.8655
R285_R1_5dpi.jpg;R285;1;5;106494;99.0056;0.5099;0.3549;105725;2000.33;498.71;299.71;1.664;0.332;0.8585
R285_R1_8dpi.jpg;R285;1;8;109735;98.6868;1.0963;0.1103;109155;2139;478.69;314.18;1.5236;0.2998;0.864
R318_R1_1dpi.jpg;R318;1;1;62525;97.4138;1.8904;0.467;62234;1102.97;387.83;209.69;1.8495;0.6428;0.9612
R318_R1_3dpi.jpg;R318;1;3;61847;99.0428;0.401;0.1795;61972.5;1112.47;382.18;208.35;1.8343;0.6293;0.9386
R318_R1_5dpi.jpg;R318;1;5;60071;98.3403;0.4411;0.8523;59669.5;1159.38;388.83;197.68;1.967;0.5578;0.9331
R318_R1_8dpi.jpg;R318;1;8;65493;92.5717;4.0188;2.9942;65319.5;1338.44;393.15;211.28;1.8608;0.4582;0.9462
R33_R3_1dpi.jpg;R33;3;1;96202;99.3275;0.5052;0.1445;95777;1423.44;510.32;250.45;2.0376;0.594;0.9355
R33_R3_3dpi.jpg;R33;3;3;104008;99.5298;0.3211;0.1067;103390.5;1505.06;500.38;270.52;1.8497;0.5736;0.9333
R33_R3_5dpi.jpg;R33;3;5;102522;99.6469;0.3472;0;101888.5;1486.03;510.71;267.24;1.911;0.5798;0.935
R33_R3_8dpi.jpg;R33;3;8;99185;83.7929;11.3545;3.8111;99183;1536.67;491.21;262.88;1.8686;0.5278;0.9374
R37_R2_1dpi.jpg;R37;2;1;60701;97.8847;1.6178;0.1532;60472.5;1342.44;384.7;206.69;1.8612;0.4217;0.9785
R37_R2_3dpi.jpg;R37;2;3;60277;98.8238;0.3451;0.1742;59806.5;1410.26;384.43;206.77;1.8593;0.3779;0.9333
R37_R2_5dpi.jpg;R37;2;5;64957;99.6398;0.2709;0.04;64489;1165.63;394.18;217.8;1.8098;0.5965;0.9467
R37_R2_8dpi.jpg;R37;2;8;64048;91.4486;6.3171;2.2265;63649;1102.94;385.51;216.61;1.7798;0.6575;0.9506
R38_R2_1dpi.jpg;R38;2;1;99412;99.6419;0.2917;0.0292;98816.5;1536.24;498.09;272.19;1.8299;0.5262;0.9106
R38_R2_3dpi.jpg;R38;2;3;100497;99.602;0.192;0.0129;99722;1572.85;497.46;277.93;1.7899;0.5066;0.8865
R38_R2_5dpi.jpg;R38;2;5;103908;99.7989;0.154;0.0144;103282.5;1516.58;505.8;284.18;1.7799;0.5643;0.8925
R38_R2_8dpi.jpg;R38;2;8;103972;94.4485;3.5144;1.9524;103352.5;1597.15;507.77;285.36;1.7794;0.5091;0.8836
R4_R2_1dpi.JPG;R4;2;1;120613;99.6642;0.0846;0.0332;119862;1701.13;517.25;308.55;1.6764;0.5205;0.93
R4_R2_3dpi.jpg;R4;2;3;124588;99.1957;0.1051;0.2255;124169.5;1856.65;537.97;312.1;1.7237;0.4527;0.9213
R4_R2_5dpi.jpg;R4;2;5;129778;99.5631;0.3375;0.0539;129285;1639.13;529.35;329.99;1.6041;0.6047;0.9245
R4_R2_8dpi.jpg;R4;2;8;125073;97.5174;1.7862;0.6796;124566.5;1720.97;534.02;325.48;1.6407;0.5285;0.9235
R45_R3_1dpi.jpg;R45;3;1;91384;98.0795;1.0516;0.6631;90843.5;1588.95;522.38;236.13;2.2123;0.4522;0.8893
R45_R3_3dpi.jpg;R45;3;3;92140;98.3862;1.1515;0.28;91614.5;1491.78;516.14;256.5;2.0123;0.5173;0.8498
R45_R3_5dpi.jpg;R45;3;5;92057;93.2042;6.4851;0.2998;91526.5;1505.01;516.79;252.95;2.043;0.5078;0.866
R45_R3_8dpi.jpg;R45;3;8;86732;19.8543;10.2569;67.1171;89507;1505.99;534.1;247.67;2.1565;0.4959;0.8731
R54_R2_1dpi.jpg;R54;2;1;119126;99.5543;0.3459;0.0084;118494;1841.04;493.61;319.58;1.5446;0.4393;0.9288
R54_R2_3dpi.jpg;R54;2;3;120796;99.5025;0.1681;0.0588;120184;1655.93;518.91;315;1.6473;0.5508;0.9251
R54_R2_5dpi.jpg;R54;2;5;122594;99.7887;0.1256;0;122450;1599.56;510.42;330.8;1.543;0.6014;0.9203
R54_R2_8dpi.jpg;R54;2;8;123342;95.6049;4.0327;0.3227;123010.5;1680.75;517.84;320.45;1.616;0.5472;0.9357
R69_R3_1dpi.jpg;R69;3;1;71420;99.0115;0.6245;0.105;71315.5;1335.5;419;232.48;1.8023;0.5025;0.9149
R69_R3_3dpi.jpg;R69;3;3;73714;99.3461;0.4016;0.0773;73260.5;1501.07;415.42;234.16;1.7741;0.4086;0.917
R69_R3_5dpi.jpg;R69;3;5;70446;99.6891;0.2754;0;69867.5;1784.63;414.46;232.1;1.7857;0.2757;0.8739
R69_R3_8dpi.jpg;R69;3;8;75584;79.1689;9.8354;10.7404;75161.5;1436.3;418.63;244.55;1.7118;0.4578;0.9274
R71_R3_1dpi.jpg;R71;3;1;73415;98.0454;1.7503;0.0994;72984.5;1219.58;442.64;226.52;1.9541;0.6166;0.9329
R71_R3_3dpi.jpg;R71;3;3;78739;98.3109;0.9106;0.6007;78185;1368.4;438.22;240.32;1.8235;0.5247;0.8894
R71_R3_5dpi.jpg;R71;3;5;76812;95.6634;3.7611;0.5663;76543.5;1431.83;435;243.51;1.7864;0.4692;0.8847
R71_R3_8dpi.jpg;R71;3;8;75918;43.6102;14.9675;40.4384;75799;1470.65;437.51;236.31;1.8515;0.4404;0.8847
R72_R2_1dpi.jpg;R72;2;1;61256;95.8763;1.3125;1.6864;61014.5;1574.91;392.92;212.18;1.8518;0.3091;0.9157
R72_R2_3dpi.jpg;R72;2;3;60724;97.8493;0.3755;0.1235;60239;1515.47;385.98;212.34;1.8178;0.3296;0.8741
R72_R2_5dpi.jpg;R72;2;5;66932;99.2306;0.6484;0.0134;66493;1288.68;410.35;223.89;1.8328;0.5031;0.8874
R72_R2_8dpi.jpg;R72;2;8;64877;93.4137;6.1994;0.3807;64424;1173.11;393.77;233.43;1.6869;0.5883;0.8818
R79_R1_1dpi.jpg;R79;1;1;97067;97.478;1.2363;1.1126;96737.5;1517.82;470.42;288.47;1.6308;0.5277;0.9073
R79_R1_3dpi.jpg;R79;1;3;101466;99.0489;0.7589;0.0936;100833;1597.56;484.99;276.81;1.7521;0.4965;0.889
R79_R1_5dpi.jpg;R79;1;5;96830;99.5941;0.2572;0.0444;96206;1518.79;471.45;284.31;1.6582;0.5241;0.8809
R79_R1_8dpi.jpg;R79;1;8;108533;95.1287;2.7807;1.0605;109719.5;3468.69;504.06;296.79;1.6984;0.1146;0.87
R82_R2_1dpi.jpg;R82;2;1;85450;98.4307;0.7525;0.481;84915;1689.98;440.98;265.39;1.6616;0.3736;0.9396
R82_R2_3dpi.jpg;R82;2;3;83633;99.5779;0.1578;0.0215;82991.5;1487.01;439.25;260.76;1.6845;0.4716;0.9219
R82_R2_5dpi.jpg;R82;2;5;86944;99.7608;0.1633;0.0184;86379.5;1390.3;436.53;266.03;1.6409;0.5616;0.9321
R82_R2_8dpi.jpg;R82;2;8;88724;97.8022;2.0986;0.0654;88147.5;1414.86;445.15;266.91;1.6678;0.5533;0.9318
R83_R1_1dpi.jpg;R83;1;1;79676;99.0499;0.5585;0.2083;79161.5;1318.5;426.32;247.19;1.7247;0.5722;0.9298
R83_R1_3dpi.jpg;R83;1;3;85929;99.3215;0.5435;0.0908;85366.5;1329.81;457.5;253.77;1.8028;0.6066;0.9071
R83_R1_5dpi.jpg;R83;1;5;84484;98.7465;0.7812;0.3942;83903.5;1383.55;446.43;258.29;1.7284;0.5508;0.9054
R83_R1_8dpi.jpg;R83;1;8;90354;96.589;2.3264;0.6895;90135;1875.75;464.52;268.79;1.7282;0.3219;0.9027
R90_R3_1dpi.jpg;R90;3;1;86735;98.9162;0.6733;0.3344;86274;1294.48;453.36;264.9;1.7114;0.647;0.9353
R90_R3_3dpi.jpg;R90;3;3;89835;99.7796;0.1725;0;89261;1382.99;463.83;257.66;1.8001;0.5865;0.913
R90_R3_5dpi.jpg;R90;3;5;86542;99.7585;0.2207;0.0012;85952;1406.22;464.59;255.11;1.8212;0.5462;0.9096
R90_R3_8dpi.jpg;R90;3;8;89167;99.1836;0.6774;0.092;88686;1495.82;463.95;262.46;1.7677;0.4981;0.9015
